Date,PPPB,ENER,ENER_H,ENER_T,DISPO,DISPO_H,DISPO_T
2018-01-02,146.3626921668602,142095.0,125775.0,16320.0,0.9274327821765008,0.9186356921567924,0.9526884515345326
2018-01-03,149.23141556684902,155941.0,139621.0,16320.0,0.9292381043893733,0.9209308792135336,0.9532748191012298
2018-01-04,151.9699578119409,157057.0,141481.0,15576.0,0.9262067177015901,0.9204508618317963,0.9455032609038112
2018-01-05,141.443000687219,155700.0,140124.0,15576.0,0.925728330426848,0.918886810564467,0.9466059819993908
2018-01-06,139.41649490728167,144308.0,128732.0,15576.0,0.9062187948830017,0.8908644184878172,0.9467611506106974
2018-01-07,133.88587645919293,128691.0,113115.0,15576.0,0.9064841702352974,0.8918297179459576,0.9453118067709807
2018-01-08,135.73955780027404,131380.0,115804.0,15576.0,0.9081960698982116,0.8937639053360605,0.9465686120067074
2018-01-09,140.35866286872468,153936.0,138360.0,15576.0,0.9270686589170116,0.9196065986052798,0.9493977917572474
2018-01-10,135.52805030498334,158107.0,142531.0,15576.0,0.9189548855945248,0.9063198257197881,0.953266067346503
2018-01-11,135.66482753400115,159627.0,144051.0,15576.0,0.9095153968036636,0.8928774315459639,0.9530385217236056
2018-01-12,134.92017176868694,158841.0,143265.0,15576.0,0.9011098888365802,0.8808170233631727,0.9530385217236056
2018-01-13,132.70095435257153,151175.0,135599.0,15576.0,0.9199443526436037,0.907692296192646,0.953500001750351
2018-01-14,129.2091160265645,136197.0,120621.0,15576.0,0.9205797165781898,0.9087735978807503,0.9530799175234634
2018-01-15,124.41821907326417,158686.0,146802.0,11884.0,0.9169077610994094,0.9034117886251787,0.9532398120823226
2018-01-16,132.1151236442743,163761.0,148185.0,15576.0,0.8961285209686249,0.873605654521644,0.9531435427803274
2018-01-17,128.63873119703774,164740.0,149447.0,15293.0,0.902790333965415,0.8834013538321702,0.9526096857419912
2018-01-18,124.95317515338611,165204.0,152916.0,12288.0,0.9046972072746279,0.8862641946073947,0.9523383813454598
2018-01-19,127.04592421799198,162639.0,152859.0,9780.0,0.895139004812198,0.8724125301233637,0.9525396717041766
2018-01-20,120.36400830699773,152392.0,146479.0,5913.0,0.8955292625860412,0.873105741229093,0.952362273635864
2018-01-21,103.20900659492119,135386.0,133636.0,1750.0,0.9026898844643176,0.8834909016976721,0.9520822174846056
2018-01-22,119.37834635200709,162599.0,155301.0,7298.0,0.8820842166949988,0.861791615090684,0.9335921227206054
2018-01-23,119.74537963593741,167224.0,158848.0,8376.0,0.8575076676105169,0.8312279867726291,0.9224861459722674
2018-01-24,118.12953383497029,167485.0,160158.0,7327.0,0.8431669643681445,0.8104954882227365,0.9228362161613404
2018-01-25,117.12642363488062,168575.0,160389.0,8186.0,0.8587549456625838,0.8328263118862215,0.9228887266897012
2018-01-26,118.76331665934092,169266.0,161883.0,7383.0,0.8766509858185607,0.8584261850934798,0.9230200030106036
2018-01-27,120.5584944728922,158497.0,150121.0,8376.0,0.8835655477952609,0.8640786294422316,0.9332461596208558
2018-01-28,117.17912318582579,142456.0,134080.0,8376.0,0.8886401621632557,0.8628634824942285,0.9529961797918355
2018-01-29,122.79828611224366,166780.0,158404.0,8376.0,0.8913204200861703,0.8661420018899295,0.9542789664039177
2018-01-30,122.90574785641968,169884.0,161557.0,8327.0,0.8911808594651275,0.8666242030597721,0.952627189251445
2018-01-31,125.12562993941626,171003.0,162627.0,8376.0,0.8527535327501188,0.811348548462339,0.952775969081801
2018-02-01,140.19727804021048,169906.0,153490.0,16416.0,0.8739698546783221,0.8408799096483897,0.9547713691595164
2018-02-02,138.7062637946567,170943.0,155343.0,15600.0,0.8895161251614958,0.8552756532966654,0.9750579366162916
2018-02-03,148.41984326095658,159904.0,147400.0,12504.0,0.8457554392069485,0.8156136629848985,0.9192018749759326
2018-02-04,152.38963778537268,148052.0,131660.0,16392.0,0.8755973335119673,0.8465409652883253,0.9483014594426182
2018-02-05,157.3422253994503,171736.0,155344.0,16392.0,0.8936877042592417,0.8705094560629346,0.9537790769058068
2018-02-06,146.41478551243205,169642.0,153250.0,16392.0,0.8891653934233197,0.8641560842043456,0.9538580068265612
2018-02-07,150.142735953924,170197.0,155413.0,14784.0,0.8669539081040125,0.8383571966842502,0.9397558609851155
2018-02-08,137.5958156299349,170343.0,156509.0,13834.0,0.8624480987277997,0.8375034389540795,0.9266008741927223
2018-02-09,135.53288292391036,171298.0,157330.0,13968.0,0.8608216642151143,0.8295406155428763,0.9397558609851155
2018-02-10,128.28758889196948,162306.0,148338.0,13968.0,0.8366435547113289,0.7925160883243023,0.9450330277868401
2018-02-11,130.11503361274526,147035.0,133067.0,13968.0,0.8202554185422538,0.7692965694190261,0.9441577832624412
2018-02-12,134.13349806179824,174827.0,159251.0,15576.0,0.8446325276984538,0.814817406490353,0.9194966654413695
2018-02-13,133.32491241754525,177370.0,161794.0,15576.0,0.8372130552326666,0.8239428954199113,0.8714387613996394
2018-02-14,134.67108276113436,176279.0,160703.0,15576.0,0.8238747363131381,0.8056992440281815,0.8687343555812285
2018-02-15,139.08351094673213,176523.0,160947.0,15576.0,0.833498173445459,0.8074354672790995,0.897773897670185
2018-02-16,137.74075708701736,175758.0,160182.0,15576.0,0.8515256164712763,0.8426060992093396,0.8754034728421642
2018-02-17,130.83406817841487,165614.0,150038.0,15576.0,0.8490173476306273,0.8391919654071124,0.8749722557720248
2018-02-18,127.33664613500346,149211.0,135243.0,13968.0,0.879621802899359,0.8689693474217989,0.9082128166080274
2018-02-19,151.04855900034352,174660.0,158268.0,16392.0,0.836833899526682,0.7903766103276276,0.9483611650825325
2018-02-20,151.53797286107417,177332.0,160940.0,16392.0,0.8487754414442693,0.8074303836078516,0.9483611650825325
2018-02-21,162.22597435344346,178948.0,162556.0,16392.0,0.8312736249638342,0.7829504132725685,0.9467162930278543
2018-02-22,155.70926714557777,178530.0,162138.0,16392.0,0.8651427593010258,0.8294706403033456,0.9517219800801694
2018-02-23,142.7126313531763,177124.0,160756.0,16368.0,0.8694535874648357,0.8365930132414684,0.9498315216439986
2018-02-24,143.63076519388437,166001.0,149633.0,16368.0,0.8896744174607234,0.8662876341192091,0.9481399989497453
2018-02-25,143.11400669119467,149353.0,132985.0,16368.0,0.8988814685219216,0.879430718532075,0.9481399989497453
2018-02-26,153.79029533378926,172549.0,156181.0,16368.0,0.8925208522494475,0.8702349553235009,0.948262203962423
2018-02-27,155.28865347266256,175053.0,158685.0,16368.0,0.8924624220819783,0.8677938960060286,0.9540325403910448
2018-02-28,159.08089371002131,175875.0,159507.0,16368.0,0.8800222173311232,0.8523802047822394,0.9484661905512086
2018-03-01,142.2840070949873,176013.0,159645.0,16368.0,0.8570670006926047,0.8182787885312377,0.9523521328922263
2018-03-02,159.55088790967787,176413.0,160045.0,16368.0,0.8697619559755231,0.8368473463236086,0.9523521328922263
2018-03-03,160.7977569767778,166134.0,149766.0,16368.0,0.8752240335268165,0.8439109580028947,0.9523410176967915
2018-03-04,175.2647964094239,149068.0,132748.0,16320.0,0.8739612493645567,0.8422788004928171,0.9519209158220868
2018-03-05,188.16866027248992,173878.0,157558.0,16320.0,0.8736918828528975,0.8485128766402316,0.9362307234504368
2018-03-06,191.11801140171946,177268.0,161692.0,15576.0,0.8559494384024782,0.8191936998361263,0.9454204519596002
2018-03-07,191.5082419764905,178311.0,162339.0,15972.0,0.8745705872090951,0.8446190835037859,0.9488862924259133
2018-03-08,180.84489093096434,177966.0,156678.0,21288.0,0.8585032997618522,0.8200854355809141,0.9521488161990505
2018-03-09,185.39522772013223,178177.0,161816.0,16361.0,0.8627658696954945,0.8265965718113419,0.9507426486257987
2018-03-10,188.69371928710666,163138.0,146801.0,16337.0,0.8616546250851674,0.8249795157952656,0.9501310867299091
2018-03-11,193.08444913600044,145926.0,126157.0,19769.0,0.8612366721894112,0.8246341251898901,0.9495994184769535
2018-03-12,207.09444186871676,169100.0,146393.0,22707.0,0.8781290962520355,0.8483369281926845,0.9509963114425467
2018-03-13,212.16910662186524,172539.0,149242.0,23297.0,0.8573958472067899,0.8187826907522243,0.9500288495396276
2018-03-14,214.95175980151967,173065.0,144848.0,28217.0,0.8532909815770017,0.8114880470926575,0.9537612245969648
2018-03-15,206.4275035139319,175712.0,147495.0,28217.0,0.8241507110658401,0.7754645606782301,0.9405280155437694
2018-03-16,199.2046419161656,175966.0,147989.0,27977.0,0.8459946449115808,0.8094049758844852,0.934856640235257
2018-03-17,188.6971759334926,163681.0,142428.0,21253.0,0.839666688996056,0.8065967915880291,0.9196868490608973
2018-03-18,182.62290348248197,144822.0,128489.0,16333.0,0.8634992427832769,0.8414775620862167,0.9182164924994312
2018-03-19,168.2445033602748,148470.0,132137.0,16333.0,0.852388858594655,0.8254747461130584,0.9182164924994312
2018-03-20,178.44180026401557,173361.0,157088.0,16273.0,0.8747821580248799,0.8450065156825739,0.9476960037809169
2018-03-21,179.36810783950196,175404.0,157533.0,17871.0,0.8641841706693276,0.8296155173448566,0.9480548407988937
2018-03-22,154.23458887178907,175765.0,163343.0,12422.0,0.8622482491776211,0.8340045984242533,0.9313295349122163
2018-03-23,143.5901008695003,174146.0,168060.0,6086.0,0.8652185275082426,0.8393573439980827,0.9289489576222234
2018-03-24,141.3058640796026,162658.0,148700.0,13958.0,0.8747914967181015,0.8590360534435757,0.9152932836212782
2018-03-25,153.3939818755588,143168.0,128418.0,14750.0,0.8464792396154253,0.8186316317665738,0.9141380034658405
2018-03-26,168.03402052352072,165705.0,149371.0,16334.0,0.8803215682493613,0.8614718702255775,0.9275398659174849
2018-03-27,175.31978403645758,166495.0,150160.0,16335.0,0.8823366391263908,0.8567292022407956,0.9453854434700415
2018-03-28,179.97512436609495,159811.0,144268.0,15543.0,0.8717476826997943,0.8620252538869416,0.8976513679567295
2018-03-29,167.76745304971348,137508.0,121965.0,15543.0,0.8864965574133469,0.8771087594739523,0.9117224176862889
2018-03-30,153.28655440152156,128551.0,115887.0,12664.0,0.8941239287531679,0.885838887941939,0.9168961951376298
2018-03-31,154.27188763529506,139011.0,123001.0,16010.0,0.8788556540770004,0.8633605017519571,0.9186540986189151
2018-04-01,144.38978532008832,135900.0,127008.0,8892.0,0.9002315707219206,0.8939067603184685,0.9186716028636944
2018-04-02,165.48029824434536,166633.0,151757.0,14876.0,0.8858570371049259,0.8730057809827612,0.9195316739309283
2018-04-03,168.07517630619148,169443.0,154709.0,14734.0,0.8665221578160642,0.8338400836610076,0.9466376873871135
2018-04-04,163.75512677700627,168359.0,155096.0,13263.0,0.8651554676287818,0.8297627394519812,0.9517394843249488
2018-04-05,155.88483098880846,166018.0,155206.0,10812.0,0.8663657228225773,0.8446309291492896,0.9209670220028356
2018-04-06,141.22340164095814,165574.0,160045.0,5529.0,0.8661307344349162,0.8472028452354616,0.9139565719687024
2018-04-07,126.4251908395841,155315.0,152950.0,2365.0,0.8702058173377615,0.852976362483931,0.9141117470986714
2018-04-08,106.23426419239733,139004.0,138284.0,720.0,0.8766717228367615,0.8585404639058772,0.9231439374048207
2018-04-09,118.31245016003348,162466.0,160522.0,1944.0,0.8842323402098257,0.8590615928715235,0.947582226189851
2018-04-10,132.72244410909443,166443.0,163756.0,2687.0,0.8501501942842102,0.849045943140102,0.8561488035848693
2018-04-11,136.56716635358194,167633.0,162577.0,5056.0,0.848758721020367,0.8551983627241473,0.8367193926363691
2018-04-12,127.79783183235399,166780.0,163220.0,3560.0,0.8490062669105586,0.8606080528179987,0.824672670622626
2018-04-13,140.32629087250916,168365.0,164516.0,3849.0,0.8543951466995178,0.8626763850927835,0.8378743720352185
2018-04-14,126.72721786943238,155475.0,152452.0,3023.0,0.8578940869902075,0.8675203592166266,0.8385196660190096
2018-04-15,107.88725675139344,138327.0,137614.0,713.0,0.8607506518213942,0.871618368907697,0.8385196660190096
2018-04-16,128.820047392662,160125.0,157102.0,3023.0,0.8580713020670819,0.867474568076558,0.8387320800294071
2018-04-17,124.44434227071623,162059.0,158956.0,3103.0,0.819153350493794,0.8083770876597041,0.8464952125890528
2018-04-18,136.445311442709,164607.0,159707.0,4900.0,0.8223294941317909,0.8106378393599232,0.8515889478198463
2018-04-19,136.50176239723677,166037.0,159995.0,6042.0,0.8180349437573211,0.8060691986291025,0.8482281328222094
2018-04-20,124.26740646865899,165869.0,162538.0,3331.0,0.8474831877932781,0.8482637352606051,0.8482281328222094
2018-04-21,112.70133789435451,154176.0,151767.0,2409.0,0.8596986497711073,0.8747733858920471,0.8272381802587128
2018-04-22,96.46084976655966,137080.0,136367.0,713.0,0.8662884344908988,0.8872581618246996,0.8200540457449893
2018-04-23,126.083924901054,163473.0,160296.0,3177.0,0.844196210124921,0.8661286728062476,0.7950852456720755
2018-04-24,134.0138463711991,167328.0,164356.0,2972.0,0.8347193166457922,0.8574820641456563,0.7837950077893889
2018-04-25,125.95176971173775,168874.0,165696.0,3178.0,0.8084101049080039,0.7968902389346008,0.8378131071784908
2018-04-26,116.99581875513208,169279.0,166562.0,2717.0,0.8404940488898323,0.837710401368263,0.8507824754837741
2018-04-27,115.66908932227676,168889.0,166018.0,2871.0,0.8398596178403188,0.8359822318482731,0.8526567067513872
2018-04-28,97.82236782612577,156826.0,156111.0,715.0,0.8479667550302841,0.8612424385149874,0.8197308892219439
2018-04-29,73.44190206268078,142436.0,141721.0,715.0,0.8469179108831077,0.859938134385697,0.8192474925169354
2018-04-30,97.85584375443878,164741.0,164026.0,715.0,0.8490980793196934,0.8502269932229113,0.8497159936284548
2018-05-01,84.02551524815793,143860.0,143145.0,715.0,0.8521322197702401,0.8412472922068914,0.8810024680985139
2018-05-02,93.22620811011762,167312.0,166597.0,715.0,0.8522669976531817,0.8415151073216829,0.880733515377479
2018-05-03,88.89345987971514,167519.0,166804.0,715.0,0.8602358014801796,0.8525490678196204,0.8816437361060057
2018-05-04,74.30942427089393,166759.0,166044.0,715.0,0.8585655418550648,0.8819894631722353,0.8089836160268865
2018-05-05,70.45710904600246,156709.0,155994.0,715.0,0.861766299675549,0.8853145501121059,0.8089725008314517
2018-05-06,73.67388293362161,139217.0,138502.0,715.0,0.8556452118490728,0.849783028258274,0.8721978329744963
2018-05-07,95.0386218027054,164708.0,163993.0,715.0,0.866596106173963,0.8611074429184763,0.8830790841779131
2018-05-08,113.61428096446454,165356.0,162661.0,2695.0,0.8655424317832474,0.8596652133213343,0.8830703320555234
2018-05-09,84.66805277222032,167043.0,166329.0,714.0,0.8628119822796486,0.8556133055054607,0.8830703320555234
2018-05-10,77.12973101016767,166705.0,165991.0,714.0,0.8831292578090774,0.8790699474743012,0.8963035411087189
2018-05-11,71.62871506811989,165150.0,164436.0,714.0,0.8969746192493775,0.890229543122613,0.9167134905214515
2018-05-12,67.24013356827196,154551.0,154551.0,0.0,0.8619164591295312,0.8515893685040568,0.8892557195119817
2018-05-13,67.72761755678509,137360.0,136648.0,712.0,0.8589470776678855,0.8365447875695909,0.9145843617077141
2018-05-14,71.73929430412282,143955.0,143243.0,712.0,0.857490407299009,0.839114811938285,0.9034516620280418
2018-05-15,80.80706285023227,166618.0,165905.0,713.0,0.8968048655778814,0.8958161137395733,0.90255255649495
2018-05-16,74.10139562752197,168767.0,168053.0,714.0,0.8881324081745289,0.8951724572004028,0.8746857988062106
2018-05-17,80.6917148922468,171271.0,170557.0,714.0,0.8824002319000576,0.8905992300204293,0.8662312485777801
2018-05-18,76.59561990560198,169601.0,168886.0,715.0,0.8812337482943292,0.8890708905274964,0.8662400007001698
2018-05-19,69.79629149103285,161311.0,160596.0,715.0,0.8901774623518356,0.8790212283865644,0.9204920443207478
2018-05-20,69.61847918302226,143223.0,142508.0,715.0,0.8908974270427138,0.8805677976853186,0.9194417896339863
2018-05-21,74.40005189066986,164767.0,164053.0,714.0,0.9039614806186645,0.8992244477406305,0.9194441527070315
2018-05-22,69.66242133876992,166526.0,165812.0,714.0,0.9019493387524871,0.8961273074784295,0.9194441527070315
2018-05-23,74.00672310872949,168979.0,168265.0,714.0,0.8609573875059116,0.8357798325584925,0.9259119711530046
2018-05-24,70.8439789963408,169709.0,168995.0,714.0,0.8773533694315372,0.8488589030814596,0.94843118206165
2018-05-25,70.61565452412968,167325.0,166610.0,715.0,0.9060441253987294,0.8896755865254761,0.9484399341840396
2018-05-26,89.68194166702344,158834.0,158119.0,715.0,0.8870539355717972,0.862539705406338,0.9484288189886048
2018-05-27,78.25269397530846,141101.0,140386.0,715.0,0.9175146136762554,0.9060410612296197,0.9484288189886048
2018-05-28,74.54160356632882,162893.0,162178.0,715.0,0.9099541226508764,0.8965083548830387,0.9454498688159195
2018-05-29,69.85067635547962,167959.0,167244.0,715.0,0.8978336162590026,0.8779713101390919,0.9484399341840396
2018-05-30,70.00848913386533,167549.0,166834.0,715.0,0.8909720981779338,0.8819233245474561,0.9160920898317843
2018-05-31,106.451424351702,169945.0,169230.0,715.0,0.851254691974576,0.8510208242939822,0.8556236762414886
2018-06-01,106.1857287582356,169235.0,168520.0,715.0,0.8998551052436554,0.9074551680165616,0.8856347039156995
2018-06-02,69.41124448713003,155556.0,154841.0,715.0,0.9080740586086914,0.9155243025543071,0.8945069929457894
2018-06-03,68.90916677388292,139158.0,138443.0,715.0,0.9072777785026365,0.9076590644241963,0.9103483344711093
2018-06-04,69.32468458573804,143122.0,142407.0,715.0,0.9024624030677796,0.8996191674996058,0.9128514414745575
2018-06-05,71.44874467844045,165226.0,164511.0,715.0,0.9084366838601678,0.9060468784644041,0.917982548267955
2018-06-06,69.35029972870434,169483.0,168768.0,715.0,0.9188885295258665,0.9119881648543572,0.9392677099196555
2018-06-07,69.26213902308902,169821.0,169108.0,713.0,0.9055845932423728,0.9031910237621814,0.9179650440231756
2018-06-08,69.72313839421376,170197.0,169484.0,713.0,0.9156912548853352,0.9193094327240132,0.9129238215267202
2018-06-09,69.18933019268295,159381.0,158667.0,714.0,0.9112971171427289,0.9193752378767345,0.8963886992595704
2018-06-10,68.87384393942604,141645.0,140931.0,714.0,0.9181629153375472,0.9116666977907254,0.9369372822909555
2018-06-11,68.34236456312037,143060.0,142346.0,714.0,0.9338512321421071,0.9111758269217772,0.9912704580860858
2018-06-12,69.26479326270152,167913.0,167199.0,714.0,0.9351927918947042,0.913444919012235,0.9903713525529941
2018-06-13,69.42435868264037,169612.0,168898.0,714.0,0.9267082560276693,0.9009337884559977,0.9912815732815208
2018-06-14,72.39351318082186,170173.0,169459.0,714.0,0.9149814480449118,0.8852073944242286,0.9912815732815208
2018-06-15,78.34693245489018,170362.0,169648.0,714.0,0.935268371718079,0.9142007519572587,0.9912815732815208
2018-06-16,68.47026908063987,158284.0,157570.0,714.0,0.9273523126470661,0.9138086629222942,0.9639638362302858
2018-06-17,67.86276809364072,140708.0,139994.0,714.0,0.9270497811828634,0.9138328211202527,0.9639638362302858
2018-06-18,78.53443713640601,167412.0,166698.0,714.0,0.9099291777615546,0.8927324878260468,0.9560455285406712
2018-06-19,70.18479568271438,168643.0,167929.0,714.0,0.9231436466738493,0.9121527147886114,0.9537349682297958
2018-06-20,72.91351757800857,169084.0,168370.0,714.0,0.894683488925374,0.871067030551376,0.9540850531253829
2018-06-21,70.89622799101672,170539.0,169825.0,714.0,0.8883807759319551,0.8775457256885532,0.9177812494529923
2018-06-22,69.64862993038844,170374.0,169660.0,714.0,0.8805709104186399,0.8795752366317722,0.8884091267132279
2018-06-23,77.99067202979515,161100.0,160386.0,714.0,0.8770401361510471,0.8743289060100854,0.88902816432985
2018-06-24,80.01270088027213,143751.0,143037.0,714.0,0.8900199661462485,0.8849933424156301,0.9073025958795008
2018-06-25,110.04463814156412,165946.0,165232.0,714.0,0.9078845705748584,0.9135163190850357,0.899139228762975
2018-06-26,99.87845974522293,169560.0,168846.0,714.0,0.8979843978791981,0.9072510710890136,0.8801646274221498
2018-06-27,91.70521935720652,170568.0,169854.0,714.0,0.9069198606401448,0.9140426120970028,0.8952882949115161
2018-06-28,96.67176793741925,171043.0,170329.0,714.0,0.8966836183528105,0.8993695451381849,0.8952882949115161
2018-06-29,80.2022632035928,171008.0,170294.0,714.0,0.910789193098499,0.9137878394449128,0.9083832204309545
2018-06-30,74.05687304416601,159308.0,158594.0,714.0,0.8520235545529409,0.8530287859008607,0.8534962978522291
2018-07-01,71.3753155674579,140962.0,140248.0,714.0,0.8992110973895975,0.8960629844237425,0.9115228692958043
2018-07-02,67.64388020863524,144223.0,143509.0,714.0,0.9128620331063769,0.9015858745386229,0.9423285896829982
2018-07-03,66.98461499458433,164338.0,163622.0,716.0,0.911176803460716,0.9001180046454881,0.9423572091232124
2018-07-04,104.97608898908014,165295.0,163058.0,2237.0,0.8695825003768075,0.8535190639305952,0.9118998232071277
2018-07-05,86.30705239474848,167266.0,166550.0,716.0,0.8806625537273758,0.8695607743191538,0.9118998232071277
2018-07-06,87.47690189440529,166675.0,165959.0,716.0,0.9037370001407988,0.8875575202247098,0.9469783297449631
2018-07-07,79.03331397103568,160059.0,159343.0,716.0,0.9050667068181174,0.8784316497885343,0.972698454375186
2018-07-08,68.52624622487446,140594.0,139878.0,716.0,0.9145839135342022,0.8900755306800221,0.9774246004656129
2018-07-09,103.74629532772975,164419.0,162280.0,2139.0,0.8836385060683066,0.8660812527641129,0.9293252988849796
2018-07-10,114.92744980775606,168952.0,166684.0,2268.0,0.8941008437244695,0.8811476516319369,0.9293165467625899
2018-07-11,86.7615517221847,170365.0,169651.0,714.0,0.8891387412962404,0.8739072407372465,0.9293165467625899
2018-07-12,92.1801216958315,171668.0,170437.0,1231.0,0.9006121714824005,0.8907910876109647,0.9273967733257872
2018-07-13,100.42291772273167,170665.0,169172.0,1493.0,0.8979452257299263,0.886824178117356,0.9293165467625899
2018-07-14,68.15607193965518,162400.0,161686.0,714.0,0.8878132128459005,0.8785442151342365,0.9140767386091128
2018-07-15,67.52636472095939,142757.0,142043.0,714.0,0.9012562214590276,0.8971166820212023,0.916282273451312
2018-07-16,73.37034819298432,168366.0,167652.0,714.0,0.8842486602916417,0.8856553956075357,0.8847857480439006
2018-07-17,87.93769840028105,170780.0,169604.0,1176.0,0.8733055291773067,0.86996635044623,0.8847857480439006
2018-07-18,113.36571594949358,171107.0,168942.0,2165.0,0.868082067332453,0.8654515834142559,0.8781166307829649
2018-07-19,109.28552553783929,171092.0,169151.0,1941.0,0.8721955061109358,0.8691746578349941,0.8829671183870821
2018-07-20,69.60113283349058,145199.0,144485.0,714.0,0.8680605995008536,0.8684661777917021,0.8705013991804051
2018-07-21,71.33315393695482,160266.0,159552.0,714.0,0.8701247620530335,0.8708890676299118,0.871961525669975
2018-07-22,69.25617855589515,141998.0,141284.0,714.0,0.8663808253459444,0.8653254198190892,0.871961525669975
2018-07-23,123.62336078035959,171972.0,169006.0,2966.0,0.8678577357057555,0.8676273774334567,0.8715325233719419
2018-07-24,86.93542422530301,174991.0,173815.0,1176.0,0.861597177416939,0.8597274243863224,0.8697357651612129
2018-07-25,115.07861191590851,176522.0,174611.0,1911.0,0.8498469854385671,0.8371249106294886,0.8831505551609824
2018-07-26,101.80196303233168,177009.0,175741.0,1268.0,0.8729468906869552,0.8549745953575947,0.9196060483275564
2018-07-27,125.83718540416946,176473.0,173149.0,3324.0,0.8611514218636013,0.8512269622681554,0.8883929852332856
2018-07-28,113.1218480153612,165612.0,163733.0,1879.0,0.8546303824415458,0.8419032317444056,0.8883469726520812
2018-07-29,79.37939253247282,147508.0,146794.0,714.0,0.8564246301238844,0.84399699163741,0.8891857025328642
2018-07-30,122.00342710537737,172817.0,169628.0,3189.0,0.8584272935629517,0.8527505590473785,0.8755157607961611
2018-07-31,114.75465036217808,176046.0,173270.0,2776.0,0.8590692939768088,0.8537426754715147,0.875532818692235
2018-08-01,130.5334001146944,177864.0,172879.0,4985.0,0.8440863557612024,0.8320848510017205,0.8755236336712722
2018-08-02,131.26123526243802,175470.0,170466.0,5004.0,0.8501885568924922,0.8277291315838504,0.9064209945911884
2018-08-03,121.00992319061831,174894.0,171887.0,3007.0,0.8513858572141721,0.8440507257470192,0.8719726408654098
2018-08-04,103.49963180353579,163867.0,162491.0,1376.0,0.8543815218971168,0.8430290704636832,0.8847746328484658
2018-08-05,89.58869662261782,146504.0,145328.0,1176.0,0.8646533257165494,0.8448587204869819,0.9152320187645504
2018-08-06,88.70033207770912,170765.0,169589.0,1176.0,0.8726469509572918,0.8510864250714117,0.9273449096088966
2018-08-07,70.63528675346556,153727.0,153013.0,714.0,0.8736260493457358,0.8526357335021739,0.9272130826889823
2018-08-08,105.27673898550555,172273.0,170577.0,1696.0,0.8734388272268366,0.8530482442867671,0.9253504193998716
2018-08-09,116.87488861278052,174046.0,171673.0,2373.0,0.8572892700747897,0.8290085788982127,0.9276273871413818
2018-08-10,107.15440500151395,175037.0,173311.0,1726.0,0.8660310700713555,0.8450268513343041,0.918175094960528
2018-08-11,109.88736838186531,165870.0,163610.0,2260.0,0.8699523702619103,0.8361639553165228,0.9529709431424459
2018-08-12,85.37107130714017,148232.0,147519.0,713.0,0.8692903945644761,0.849405019154635,0.9192270131291564
2018-08-13,125.47585287220208,172272.0,169557.0,2715.0,0.8472817260978,0.8333585143398972,0.8824510639578378
2018-08-14,135.76924245863398,174902.0,171775.0,3127.0,0.8417452829701128,0.825297508948908,0.8824231589893887
2018-08-15,127.63608545077791,176628.0,173657.0,2971.0,0.8564564595293482,0.8462494842298841,0.882893956921027
2018-08-16,126.19963967639468,176295.0,173150.0,3145.0,0.8533143914140991,0.8417525023743211,0.8828632527080941
2018-08-17,92.88145474614946,175300.0,174125.0,1175.0,0.8576098638550848,0.8490770308596525,0.8828632527080941
2018-08-18,74.19424975554904,163632.0,162919.0,713.0,0.8677071905493404,0.8556379824377311,0.9001659951978961
2018-08-19,71.98846227422142,147545.0,146832.0,713.0,0.8601960311893595,0.8537610534871395,0.8784305615914265
2018-08-20,74.27470929991298,149410.0,148697.0,713.0,0.8606869179618305,0.8591951659297675,0.8670456843697886
2018-08-21,93.50407460848295,172534.0,172072.0,462.0,0.8522583013793099,0.8496350407695528,0.8608391470142208
2018-08-22,117.53044160793596,174951.0,173748.0,1203.0,0.8482411540120879,0.8438773863260449,0.8608422961642652
2018-08-23,140.65024963648344,176058.0,170583.0,5475.0,0.8398019429369257,0.831894030879809,0.8608088801832385
2018-08-24,112.99777080678571,178139.0,176752.0,1387.0,0.8497615153866143,0.8460339871757021,0.8608081803721176
2018-08-25,123.09352563211837,168402.0,166435.0,1967.0,0.8466452616570944,0.8410090820003343,0.8621539171577591
2018-08-26,86.22190788372232,150519.0,149497.0,1022.0,0.8752774981865329,0.8804029513314576,0.8671004445900051
2018-08-27,97.90384684397485,175664.0,174488.0,1176.0,0.8523360546192091,0.8600051325054927,0.8366744940540548
2018-08-28,89.54532573173879,178274.0,177092.0,1182.0,0.8345843361925026,0.8472531610186875,0.8069413565278731
2018-08-29,108.50093321301136,180765.0,179332.0,1433.0,0.8319014024095611,0.8563031480355087,0.7790572668359745
2018-08-30,119.71287696376866,181666.0,178984.0,2682.0,0.849610679250065,0.867892911224009,0.8111739727849823
2018-08-31,141.13873890603574,180143.0,175797.0,4346.0,0.8673231752199847,0.8864377581073727,0.8269363844493556
2018-09-01,129.1052477928067,168268.0,164608.0,3660.0,0.8546974516623914,0.8731185581389276,0.8157850147300506
2018-09-02,77.6898795386461,149213.0,148493.0,720.0,0.8222605927320826,0.8277858722908352,0.8122473702011508
2018-09-03,96.87994325379061,174246.0,173064.0,1182.0,0.8554465560267671,0.8767488746797303,0.8110568330334501
2018-09-04,116.75679038160553,175705.0,173544.0,2161.0,0.8356378721563391,0.8477592357118943,0.8113487938291446
2018-09-05,136.23669755626247,176983.0,173670.0,3313.0,0.8218571206748042,0.8235869825551133,0.8200665046830479
2018-09-06,95.70311839568328,177172.0,176452.0,720.0,0.8357898381192893,0.8531228250211347,0.7992633181156795
2018-09-07,84.17855684590747,176076.0,175356.0,720.0,0.8650780284139457,0.890649176724184,0.8112766584140416
2018-09-08,71.25950742345033,167375.0,166655.0,720.0,0.8787844581034666,0.9077310976180906,0.8172086558068596
2018-09-09,71.28129441898086,148360.0,147640.0,720.0,0.8747678750713976,0.9006441494476517,0.8205956367163759
2018-09-10,110.17333438890266,173303.0,170898.0,2405.0,0.8616417817768705,0.8970192340754495,0.7839764476618786
2018-09-11,95.19012055015537,176023.0,174841.0,1182.0,0.83288479960484,0.8559050565035055,0.7839731119201396
2018-09-12,98.71926819619897,177004.0,175382.0,1622.0,0.8278859779397214,0.8503033187732022,0.7797739431378635
2018-09-13,107.1330133943776,179105.0,177923.0,1182.0,0.8389120666312453,0.8446538574861957,0.8288082746790283
2018-09-14,104.02665651469981,179118.0,177851.0,1267.0,0.8447566021952425,0.8489626128914073,0.8383682064810096
2018-09-15,76.33479659580537,168263.0,167543.0,720.0,0.8271777807433545,0.8660265792579105,0.7424932501660342
2018-09-16,84.50807018823417,147529.0,146809.0,720.0,0.8215547821250003,0.8628344195584664,0.7312796817482488
2018-09-17,133.98694733373242,172057.0,168018.0,4039.0,0.8220205851150769,0.8707925850435886,0.7156713790352994
2018-09-18,117.05283242313654,176189.0,174248.0,1941.0,0.8073373076821835,0.8445188836290015,0.7268849474530849
2018-09-19,120.34685770861185,175038.0,172560.0,2478.0,0.8301078633233662,0.8370735794295447,0.8169939793817186
2018-09-20,109.59645952014833,176888.0,174473.0,2415.0,0.8203969268049878,0.8132388364978771,0.83830159110818
2018-09-21,102.82917054882445,177616.0,175761.0,1855.0,0.8454045132530724,0.8458289759651126,0.8463849144442958
2018-09-22,96.86651817936072,166469.0,165749.0,720.0,0.8384974883656053,0.8348288443548072,0.8480430370727665
2018-09-23,94.94927131954668,148066.0,147346.0,720.0,0.8267941501970808,0.8334168495575641,0.815243272309274
2018-09-24,114.62005069392713,174514.0,172455.0,2059.0,0.8255689157736039,0.8561746130834872,0.7591330106725739
2018-09-25,145.05104545480413,175735.0,169455.0,6280.0,0.8301468309254288,0.8621636230301435,0.760443623629594
2018-09-26,151.59902254562226,177764.0,170531.0,7233.0,0.8234217542602681,0.846312288134086,0.7749209095633715
2018-09-27,149.55212876042694,178384.0,171367.0,7017.0,0.8348306734459281,0.8623093132669116,0.7746091011043307
2018-09-28,157.58104940394762,179095.0,170113.0,8982.0,0.8650857073697652,0.8818458849251659,0.8292519699222839
2018-09-29,175.381702,170000.0,158672.0,11328.0,0.8372605007918685,0.8419149032664255,0.8281108199218716
2018-09-30,141.05347305801573,148701.0,140350.0,8351.0,0.8758789169774122,0.8979417659968769,0.8286237579791289
2018-10-01,175.86161249902045,176101.0,163347.0,12754.0,0.8367839783596961,0.8627775080359356,0.7805915077089266
2018-10-02,180.06725531523946,178182.0,168774.0,9408.0,0.8059936766144888,0.8212373493968749,0.7735783434338597
2018-10-03,180.32622769474924,179269.0,169879.0,9390.0,0.8026766989394116,0.8094903501754649,0.7889619406047811
2018-10-04,169.7021032387497,180017.0,171903.0,8114.0,0.8039150260521688,0.8064497809436083,0.7995690730330913
2018-10-05,161.34410403426713,179589.0,175785.0,3804.0,0.8189482456413796,0.8334897687808499,0.790021321144107
2018-10-06,148.84278966021552,168342.0,165209.0,3133.0,0.8224394734973149,0.839775939383376,0.7870019095060191
2018-10-07,127.24024083485857,151343.0,148229.0,3114.0,0.8393795588592962,0.8582004928865222,0.801163077579625
2018-10-08,131.78007055166773,173619.0,170967.0,2652.0,0.8518058366355352,0.8811703446411485,0.7899155993890813
2018-10-09,115.37875319321412,175541.0,173094.0,2447.0,0.8455002955539442,0.8893559720843871,0.7511508796097573
2018-10-10,95.8871460891061,175970.0,175250.0,720.0,0.8425029598746737,0.8817387292372887,0.7578478980585923
2018-10-11,102.72748168566477,175456.0,174316.0,1140.0,0.8371987819658137,0.8653532462096825,0.777429314607616
2018-10-12,95.63498025052684,174153.0,173436.0,717.0,0.8694995588605872,0.9029225787557253,0.8014117908554755
2018-10-13,73.92482878968316,161561.0,160844.0,717.0,0.8789116873730235,0.9118664475532933,0.8108007640542596
2018-10-14,71.09826784478436,145591.0,145591.0,0.0,0.8753013417116209,0.9055942086722891,0.8120280895244455
2018-10-15,89.07070935132751,145158.0,144441.0,717.0,0.819772981774454,0.8060914822047454,0.8542413542368554
2018-10-16,150.70376243008346,171669.0,165895.0,5774.0,0.8200139482374916,0.8062576253943863,0.8542598112270243
2018-10-17,157.4673833732792,173902.0,167334.0,6568.0,0.818066974376705,0.8041600120464928,0.8526129583969707
2018-10-18,172.4942212909633,174699.0,167591.0,7108.0,0.8135218342074921,0.79658886244826,0.854284816478127
2018-10-19,172.6851029087326,174564.0,167668.0,6896.0,0.8080004597046856,0.7895187360905099,0.852241388943765
2018-10-20,124.76542304009783,164373.0,162615.0,1758.0,0.8100801755102813,0.7988894491219458,0.8380229109337782
2018-10-21,101.80818121339485,145847.0,145129.0,718.0,0.8094638634170251,0.7974150579974603,0.8397190837357217
2018-10-22,170.08453594549644,168356.0,161857.0,6499.0,0.8024753903954861,0.7895735737177777,0.8340294702067607
2018-10-23,163.2391993553271,171079.0,162786.0,8293.0,0.7891028890555627,0.7743143369864086,0.8243368428068661
2018-10-24,172.38630769514646,171256.0,162005.0,9251.0,0.782040779187367,0.761202808516491,0.8306713461173519
2018-10-25,196.9673167142941,170770.0,159885.0,10885.0,0.7652930589399854,0.7309050194510546,0.844019715583027
2018-10-26,181.3526005171921,171329.0,163575.0,7754.0,0.7944220768941105,0.7795683745178735,0.8301815477430263
2018-10-27,161.21903875149152,160071.0,154181.0,5890.0,0.7719057604380111,0.736133639001232,0.8534643017645697
2018-10-28,156.10166948537682,142240.0,137346.0,4894.0,0.7702165075615837,0.7328207052652422,0.8555234478367211
2018-10-29,207.55033522319567,167790.0,152209.0,15581.0,0.7951441228316861,0.7696696640617312,0.854153648906971
2018-10-30,206.08606114747928,170051.0,156582.0,13469.0,0.79591387462613,0.7720871141654188,0.8511155104251179
2018-10-31,178.76419540815547,170021.0,160012.0,10009.0,0.795172082380421,0.7789633079953854,0.8338518121052106
2018-11-01,179.35893062503305,170183.0,163307.0,6876.0,0.7960299830066946,0.7841525778427529,0.8273057386582665
2018-11-02,173.05497245059732,170183.0,162344.0,7839.0,0.806387267404514,0.7956758900591535,0.8340501779672392
2018-11-03,140.36138869378533,159767.0,157814.0,1953.0,0.805496577546828,0.7996928203614185,0.8207688745555279
2018-11-04,121.54723878179823,140338.0,139620.0,718.0,0.7962903646000162,0.8104967221919874,0.7666962705697511
2018-11-05,124.07149357890552,143393.0,142675.0,718.0,0.7882098181301246,0.7989692601010909,0.7662993467295129
2018-11-06,119.95359304638981,166653.0,164115.0,2538.0,0.8035959715651866,0.8153967606079685,0.779342181427272
2018-11-07,124.70276651965463,169782.0,167588.0,2194.0,0.8103838998919397,0.8008309975468313,0.8339878580255853
2018-11-08,107.62089027006397,170293.0,168782.0,1511.0,0.8138333446256436,0.8060221941216434,0.8340388545826151
2018-11-09,124.74971199518721,169548.0,167411.0,2137.0,0.8183221397035799,0.8125237135685482,0.8340081078740007
2018-11-10,103.18962603809938,160895.0,160177.0,718.0,0.7939005837750434,0.7981008247579141,0.7880759139541789
2018-11-11,80.62992835212847,140994.0,140276.0,718.0,0.7933031136363498,0.8044027797045052,0.7716899019213056
2018-11-12,79.41240283619408,141979.0,141261.0,718.0,0.7980719959396635,0.8088905725522558,0.7773681247218746
2018-11-13,86.1665827340567,167641.0,166923.0,718.0,0.849067976068253,0.8577151798852026,0.834474928869308
2018-11-14,95.31293298440744,170466.0,169748.0,718.0,0.8534203881842743,0.8711257957384346,0.8186056599070193
2018-11-15,93.23420802956038,171581.0,170863.0,718.0,0.8886671357770589,0.9181478754421099,0.8278627334683544
2018-11-16,93.19516512262857,171045.0,170327.0,718.0,0.8774349605218156,0.9145205146081511,0.7987135312627904
2018-11-17,95.60150165081313,162950.0,162232.0,718.0,0.8625292178442252,0.9072039894522047,0.7668315155738662
2018-11-18,99.74687291090825,145367.0,144649.0,718.0,0.8589986534679703,0.8980992389130175,0.7760127022088301
2018-11-19,103.23741510001533,169674.0,168956.0,718.0,0.8648720528032375,0.8906103457556862,0.8114280779000176
2018-11-20,106.45739430096756,172703.0,171985.0,718.0,0.8590902500173243,0.8762058349606769,0.8242705756643438
2018-11-21,93.68516404996254,172209.0,171491.0,718.0,0.8477719597651321,0.8773795083940105,0.7847628762636711
2018-11-22,98.55234489886814,173783.0,173065.0,718.0,0.8565306108771111,0.8837842468392777,0.7994874208669152
2018-11-23,99.84368336591831,172779.0,172061.0,718.0,0.8811079716653161,0.8965660084965716,0.8490757275492352
2018-11-24,96.67789502145924,163100.0,162382.0,718.0,0.8924030545676926,0.912335457476236,0.8505266117722204
2018-11-25,96.05582572461994,147084.0,146091.0,993.0,0.8827786479283403,0.9080892466080704,0.8311819000123406
2018-11-26,110.20292966341903,168429.0,167311.0,1118.0,0.8637815495556195,0.8675187396475452,0.8592073498519199
2018-11-27,109.27617079531856,171315.0,169193.0,2122.0,0.8380075002674766,0.8348930191996907,0.8477870629041626
2018-11-28,116.37650266118449,171465.0,168799.0,2666.0,0.8331937424007799,0.8274835664969961,0.8480317230075964
2018-11-29,105.55592758583083,172374.0,171656.0,718.0,0.8495222141862551,0.8583907942741218,0.8336655095227624
2018-11-30,98.5798735390515,172631.0,171913.0,718.0,0.8877878292066735,0.9034197485413191,0.8605174737181763
2018-12-01,98.5798735390515,162903.0,160241.0,2662.0,0.8798967322257797,0.901647085187438,0.8381631443180277
2018-12-02,93.99171120494121,145227.0,144509.0,718.0,0.8422424548013743,0.845878996773769,0.8401870795713683
2018-12-03,99.09532830108252,171727.0,171009.0,718.0,0.8768527075514546,0.899413192925294,0.8314159578153015
2018-12-04,105.06008721903855,174677.0,173959.0,718.0,0.8841606269878562,0.8973550535807352,0.8600754537591055
2018-12-05,107.58445128539327,174009.0,173291.0,718.0,0.8767155597922792,0.8882140896538886,0.8557944009353003
2018-12-06,120.96062229749919,174703.0,170289.0,4414.0,0.8664520143285528,0.8735767412576966,0.8548207116269242
2018-12-07,121.84500328309173,173495.0,169081.0,4414.0,0.8631331690551294,0.8657474101818949,0.8611600104029519
2018-12-08,117.16646956072022,156620.0,152421.0,4199.0,0.8801292462711415,0.8678223474298642,0.9116527689731961
2018-12-09,136.84103501845345,147127.0,142713.0,4414.0,0.9040249423479734,0.9023620492791667,0.9122866988507989
2018-12-10,164.9076702113563,171464.0,164920.0,6544.0,0.8977507673627768,0.8990830555881617,0.8990332569366558
2018-12-11,178.05686185106885,173597.0,158897.0,14700.0,0.8989306956634072,0.9010666955972203,0.8990332569366558
2018-12-12,180.73190166822022,172723.0,158132.0,14591.0,0.8849668208973358,0.8807148218103176,0.898253035548837
2018-12-13,190.76416724012356,173544.0,151274.0,22270.0,0.8760759766172329,0.8796269618531679,0.8717975236778834
2018-12-14,200.4110264229255,173955.0,151709.0,22246.0,0.8670709384255938,0.8662864492369566,0.8720424733017994
2018-12-15,199.21335730569436,162283.0,139351.0,22932.0,0.8553084712120946,0.8468702239390846,0.8767921051009251
2018-12-16,200.0015532013819,145306.0,122100.0,23206.0,0.8712671235161439,0.8815147101194096,0.8529167276214626
2018-12-17,201.1180251729454,168001.0,144795.0,23206.0,0.8922230817547888,0.8994823327985924,0.8798446871799873
2018-12-18,201.883716603723,171529.0,148323.0,23206.0,0.8750867534878793,0.8743696637060276,0.8798446871799873
2018-12-19,212.55017885688372,171986.0,148948.0,23038.0,0.8583300147874807,0.8507878536730539,0.8773945567636494
2018-12-20,222.2251246442993,173348.0,150549.0,22799.0,0.8728309741856531,0.8715662752742178,0.8790006619099997
2018-12-21,230.5720836093844,169558.0,146520.0,23038.0,0.8891449860055356,0.8828806116677871,0.9067668130006911
2018-12-22,231.43766304387142,160355.0,133381.0,26974.0,0.8845322700736907,0.8687018985082979,0.9226977779945059
2018-12-23,236.49237776726574,144173.0,115689.0,28484.0,0.8740157408682162,0.8536771296859493,0.9226815233822597
2018-12-24,237.19958711932182,152051.0,123567.0,28484.0,0.8727191437363735,0.8524469883175104,0.9209621867689383
2018-12-25,211.36084499938966,131072.0,109164.0,21908.0,0.8682505979948911,0.8455552324581841,0.9209518849834036
2018-12-26,248.45073248639417,163349.0,131816.0,31533.0,0.8620595344945415,0.8359104795002128,0.9223042568496238
2018-12-27,273.75849801865655,166483.0,134134.0,32349.0,0.8477591209143732,0.8223548403543282,0.9063906093620985
2018-12-28,297.527186626969,165249.0,129395.0,35854.0,0.8356443309538282,0.8019908133635444,0.9118876915303423
2018-12-29,309.5716030710804,157990.0,122886.0,35104.0,0.8433585997413454,0.8152815274858045,0.9074135542295725
2018-12-30,332.96031648911895,143736.0,105075.0,38661.0,0.8548984262314028,0.8218361060423358,0.9295177790972715
2018-12-31,360.5754032993535,145871.0,104234.0,41637.0,0.8346291067888861,0.782516045193319,0.9509752627360893
2019-01-01,311.71541844571504,126978.0,88282.0,38696.0,0.8604157102261758,0.8236172173550123,0.944699037866791
2019-01-02,359.7097169814945,156170.0,113549.0,42621.0,0.8488143365480229,0.8100523150964134,0.9366294734660436
2019-01-03,368.8633431890288,166107.0,123967.0,42140.0,0.8690811360528403,0.8354999383447218,0.9471871258505057
2019-01-04,371.5955429054251,171610.0,132925.0,38685.0,0.843871858114263,0.8110675522498841,0.9176199751937382
2019-01-05,353.99099195055095,160893.0,123010.0,37883.0,0.8448924953052798,0.817844445511555,0.9061033503337491
2019-01-06,337.90207778377726,148162.0,109477.0,38685.0,0.8274981506337378,0.7933583333629753,0.9043773633275652
2019-01-07,348.63266770487473,143966.0,106242.0,37724.0,0.87161321648857,0.8577110300107067,0.9051741781711373
2019-01-08,373.8487741735357,171665.0,133937.0,37728.0,0.8688227194311392,0.8567773082491206,0.898314481876969
2019-01-09,353.5642058403342,173312.0,137477.0,35835.0,0.8306785075593687,0.8069602880724307,0.8853564055114816
2019-01-10,385.90494613603926,177978.0,127638.0,50340.0,0.8266331225446125,0.7931345365598015,0.902710991924049
2019-01-11,352.4824756827865,176739.0,130374.0,46365.0,0.8538215034523141,0.8390528978573605,0.8893640054302739
2019-01-12,302.2406311762813,164731.0,126885.0,37846.0,0.8388046242601715,0.8096384392203453,0.9063170716994643
2019-01-13,287.8858943045949,149208.0,112937.0,36271.0,0.8762645503222786,0.8626271491903594,0.9105006917567118
2019-01-14,296.501426246986,172115.0,132194.0,39921.0,0.8858246861316847,0.8742467977789872,0.915829699421493
2019-01-15,264.7433344821667,174757.0,139758.0,34999.0,0.9141009698564784,0.8972882348686684,0.9555173354296838
2019-01-16,240.1089770084893,176339.0,146257.0,30082.0,0.8988961091178955,0.874723292297003,0.9559368325261217
2019-01-17,244.07729042562033,168366.0,136734.0,31632.0,0.8862013058845422,0.8679263907118695,0.9300324408925834
2019-01-18,229.43407388268318,169558.0,147224.0,22334.0,0.8926380890265249,0.8676937013204901,0.9510705364827885
2019-01-19,201.13914876913134,159359.0,143100.0,16259.0,0.9097406432360461,0.899758892291786,0.9360841770300449
2019-01-20,178.70443369025017,143264.0,130256.0,13008.0,0.9209961567501244,0.9090071840255917,0.9518085717344962
2019-01-21,202.41613172967467,166910.0,150257.0,16653.0,0.9129039127644111,0.9022522097168747,0.94043012793682
2019-01-22,236.63212979111185,170091.0,148104.0,21987.0,0.8857749097918295,0.8601379725658371,0.9452288649404268
2019-01-23,239.5875635712744,171373.0,148913.0,22460.0,0.8646845249893069,0.8266395857713846,0.9510158209468558
2019-01-24,293.99791851862534,173285.0,140744.0,32541.0,0.8644419983848733,0.8265247231737292,0.9508860346724032
2019-01-25,323.59596706230775,175243.0,131473.0,43770.0,0.867333199379245,0.8310932903643471,0.9496855116337172
2019-01-26,308.0435000325904,165693.0,128846.0,36847.0,0.8624087545474827,0.8401943980715199,0.9134835479952028
2019-01-27,265.0562632937997,146542.0,116428.0,30114.0,0.8477149019895761,0.8076566400188144,0.9380006966213863
2019-01-28,314.85705010586275,172393.0,126040.0,46353.0,0.8848532498257056,0.8584936391392631,0.9464876888061245
2019-01-29,320.53962385407453,175295.0,131863.0,43432.0,0.8783950003023734,0.8439693125067926,0.9574088830253346
2019-01-30,315.3675389296171,176236.0,133386.0,42850.0,0.8945718643756987,0.8700047154880025,0.9509631893324824
2019-01-31,319.24027335519577,175644.0,136147.0,39497.0,0.888860258048526,0.8558406222914658,0.964464282586995
2019-02-01,320.9784725517656,176227.0,131049.0,45178.0,0.8577701219971985,0.8138212903975461,0.9562304967092099
2019-02-02,286.81391096104016,171356.0,129152.0,42204.0,0.8856132225660955,0.8635530899372658,0.9365218355778941
2019-02-03,291.84245165582456,149110.0,112437.0,36673.0,0.8758967543088783,0.8489618347899393,0.937450177625481
2019-02-04,312.2738580750696,176796.0,135269.0,41527.0,0.8808187318574476,0.8590993853443032,0.9308558681271069
2019-02-05,309.0328326096804,178815.0,138792.0,40023.0,0.8689863051034431,0.844897180930971,0.9269729136045217
2019-02-06,318.56102309186264,179801.0,138656.0,41145.0,0.8558858055722721,0.822317417378963,0.9342163852614633
2019-02-07,285.5944309108066,180159.0,144115.0,36044.0,0.8434687532277844,0.8107881767704254,0.918066849404445
2019-02-08,290.2434851014123,180205.0,149781.0,30424.0,0.8266721211801478,0.8055748969349027,0.8752546599108276
2019-02-09,279.4437125584651,168562.0,137731.0,30831.0,0.8363348064663424,0.809617319323357,0.8974238002309567
2019-02-10,284.3876936804592,152087.0,122106.0,29981.0,0.8370272578118194,0.821092463353644,0.8739544728190551
2019-02-11,253.2281561485737,175805.0,139238.0,36567.0,0.8750526046742058,0.8353206044825758,0.9650030672913024
2019-02-12,255.4783342955457,179018.0,143544.0,35474.0,0.8681679423360619,0.8285548269561619,0.9571480072029358
2019-02-13,251.4284120039648,179579.0,145079.0,34500.0,0.858103929280198,0.8157457946950376,0.9558596798709658
2019-02-14,267.4679499800066,179559.0,145063.0,34496.0,0.85904083697173,0.8190545785565314,0.9548696105871912
2019-02-15,309.97260518459086,179478.0,145901.0,33577.0,0.81171226591982,0.744715045554346,0.9629122566231072
2019-02-16,283.52176558160284,168113.0,141922.0,26191.0,0.7999142534903201,0.7507244717792296,0.9091849453183842
2019-02-17,270.58871767907453,150845.0,123561.0,27284.0,0.805770520524015,0.7752892542105329,0.8769052785353944
2019-02-18,358.03949962046585,176743.0,141496.0,35247.0,0.8368566153219724,0.816260252771537,0.886712081423587
2019-02-19,374.87966830948244,181335.0,144899.0,36436.0,0.8550088903567861,0.8425202204757892,0.8876868562018746
2019-02-20,393.25333537250873,182734.0,135490.0,47244.0,0.8333669782642615,0.818945378732674,0.8690856352639723
2019-02-21,360.5409531466555,182632.0,134093.0,48539.0,0.8584916296213985,0.8491261351468363,0.8830205255236219
2019-02-22,391.55239879391485,182740.0,128976.0,53764.0,0.8334306848269524,0.8180556444814376,0.8707897852701133
2019-02-23,397.80607199378005,172993.0,125121.0,47872.0,0.840326394569621,0.8326783942119922,0.8610447993491104
2019-02-24,371.39131192821816,155081.0,105957.0,49124.0,0.8554988762509654,0.8364058707681655,0.8996296343229897
2019-02-25,395.2128492278403,178590.0,127329.0,51261.0,0.8358212665992761,0.8061488393986713,0.9022259469449584
2019-02-26,325.1412757754372,180582.0,119406.0,61176.0,0.8212797883442595,0.7891111961835383,0.8928193703344842
2019-02-27,339.5173468958681,181587.0,132236.0,49351.0,0.8223675327387034,0.7838141778090797,0.9099908403663334
2019-02-28,330.47758916146677,180613.0,131223.0,49390.0,0.830406497187646,0.7846071002574108,0.9321140038094199
2019-03-01,334.49720203798125,179457.0,133490.0,45967.0,0.8597819377075763,0.8175180134195085,0.9547531480351464
2019-03-02,351.971729837713,170562.0,135986.0,34576.0,0.8491615542604328,0.8198597283136452,0.915548762458434
2019-03-03,305.63051738735453,153224.0,120392.0,32832.0,0.8299242509327485,0.8058556439985083,0.8859318554447995
2019-03-04,336.13873575658306,176438.0,144292.0,32146.0,0.8237422188332919,0.7986701489594691,0.8814387123355149
2019-03-05,335.17121290104404,179494.0,139198.0,40296.0,0.8109332563538901,0.7813113884751786,0.8799611162340941
2019-03-06,328.82049405306185,181147.0,134873.0,46274.0,0.8201214791714861,0.7853331872480623,0.8984276714225807
2019-03-07,334.96443616315395,181816.0,133805.0,48011.0,0.8173500413997843,0.7755934268754142,0.9105856470871245
2019-03-08,318.57784167858983,181998.0,139233.0,42765.0,0.8158845390438036,0.7735082971683211,0.9107513932180976
2019-03-09,301.67582182918306,173121.0,134849.0,38272.0,0.8334102894827068,0.8017009729516589,0.9050737241183885
2019-03-10,280.818303514894,154659.0,114725.0,39934.0,0.8474720006188895,0.8127241755683667,0.9264076306986773
2019-03-11,294.6681350071507,178305.0,141055.0,37250.0,0.8568851299860244,0.8165655946620679,0.9479310181973337
2019-03-12,314.8155907909592,180161.0,142801.0,37360.0,0.8505378235045536,0.8098737312553594,0.9419591437167895
2019-03-13,297.3219058341282,180332.0,140679.0,39653.0,0.8491375810476188,0.8054065505585684,0.9467136863242237
2019-03-14,270.8554734057088,181231.0,146314.0,34917.0,0.8526122566306876,0.8147217134970913,0.937936333560131
2019-03-15,286.6331344819664,180635.0,151746.0,28889.0,0.8470557658606468,0.8054577694798176,0.9409618720094722
2019-03-16,271.1490862845322,170638.0,145282.0,25356.0,0.8382612369447093,0.7962925517890102,0.9326594715291032
2019-03-17,238.94958012556745,152667.0,128472.0,24195.0,0.8395596310621067,0.7954871528099442,0.9386638936039853
2019-03-18,284.2039067870036,177280.0,147009.0,30271.0,0.8172716908907052,0.7624509486041137,0.9392703940754489
2019-03-19,295.10565884789247,179853.0,143092.0,36761.0,0.8201491871322911,0.7638316325682266,0.9462951085151776
2019-03-20,284.27383492588814,179391.0,140213.0,39178.0,0.8298249405706152,0.774981769033248,0.9526281390184798
2019-03-21,280.3192950340849,179258.0,149409.0,29849.0,0.8222673865984941,0.7806429444377142,0.9159684842317183
2019-03-22,270.54251302521294,174791.0,142303.0,32488.0,0.8365014249493937,0.7973584991935618,0.9245109230012406
2019-03-23,248.55776064664997,162731.0,136952.0,25779.0,0.8301064295440789,0.7989826586094108,0.9005825578999972
2019-03-24,224.29158405674977,142767.0,125952.0,16815.0,0.8318029267568119,0.8010017233311243,0.9023001110593397
2019-03-25,241.60630920946195,147115.0,128706.0,18409.0,0.8258071205580241,0.7986708912626755,0.888376671819976
2019-03-26,258.1631733875427,172172.0,151687.0,20485.0,0.8403337779280671,0.8166865900847294,0.8953895264999022
2019-03-27,259.632751002626,176317.0,155487.0,20830.0,0.8276456698618678,0.7833345358645278,0.9267258474011514
2019-03-28,257.32628812078565,176776.0,161656.0,15120.0,0.8234807639420517,0.8080413557900837,0.85924154724051
2019-03-29,248.41143370935035,176047.0,160291.0,15756.0,0.8256122827298132,0.8152554295025737,0.8507877086715018
2019-03-30,229.62396692141743,166869.0,148166.0,18703.0,0.8211987733787403,0.8154989049543098,0.8362914137812018
2019-03-31,213.6659503503378,148314.0,135769.0,12545.0,0.8318280452462664,0.8251674042191327,0.8496361165752653
2019-04-01,254.34319246732045,172738.0,156638.0,16100.0,0.8357977671445542,0.8276429854128512,0.8574090550686364
2019-04-02,260.47391323769955,174729.0,150232.0,24497.0,0.8318092452753397,0.8216448043526284,0.8574611435904749
2019-04-03,256.87154440359035,175584.0,154240.0,21344.0,0.8208061291333143,0.8232389004886137,0.8181467349251226
2019-04-04,248.44415407204812,174772.0,158721.0,16051.0,0.8298031105037479,0.8321027430775773,0.8275483699491233
2019-04-05,262.1191479124171,173253.0,156236.0,17017.0,0.8348748040443267,0.8272406570749216,0.8529899916624264
2019-04-06,220.48184409233485,163232.0,147816.0,15416.0,0.8368155957842625,0.837272142607729,0.8394047992711284
2019-04-07,225.88841577227026,145901.0,131087.0,14814.0,0.8359639955164129,0.8407869482905648,0.8282192586902796
2019-04-08,245.04871807285176,171746.0,157405.0,14341.0,0.8301519868446907,0.8263788430521608,0.8416313473272
2019-04-09,223.52007891461182,174509.0,159734.0,14775.0,0.8324441438657563,0.8235952060277396,0.8545702640404934
2019-04-10,260.0146874454398,176273.0,159885.0,16388.0,0.8144373488716865,0.7970133282025336,0.8546343554821658
2019-04-11,269.19100562440536,173421.0,153246.0,20175.0,0.8306215603159,0.8210134754754898,0.8542274682434623
2019-04-12,234.95342017015332,173138.0,147829.0,25309.0,0.8531017700198698,0.8387990603035248,0.8871131200136209
2019-04-13,223.1313054375976,163335.0,141494.0,21841.0,0.845592883083479,0.8314409797689715,0.8798977558735054
2019-04-14,205.3055160970772,145204.0,126254.0,18950.0,0.838821777535413,0.8327240843492688,0.8548822732007769
2019-04-15,237.50795963791242,170456.0,150552.0,19904.0,0.8509120294631355,0.8500616164662755,0.8551003790574188
2019-04-16,225.58677579270073,171250.0,149792.0,21458.0,0.8689469605291095,0.8488517014777178,0.9156137474436531
2019-04-17,179.2185919261754,165094.0,164391.0,703.0,0.8794933601231734,0.8652269102133795,0.913773778818404
2019-04-18,170.25738805632628,139118.0,138403.0,715.0,0.8786662723888761,0.8639167450538853,0.9144424743163092
2019-04-19,161.51238874760696,131109.0,130394.0,715.0,0.8780478604256622,0.8626399835386841,0.9154852396353822
2019-04-20,158.71026924862903,146612.0,145897.0,715.0,0.8755477485989274,0.8592996191093787,0.9146161466893075
2019-04-21,117.52089507208916,139272.0,138557.0,715.0,0.8587592413917197,0.873366264872787,0.8301572734119782
2019-04-22,199.43866264744094,172408.0,161840.0,10568.0,0.8337627783549589,0.817578467387354,0.8717748764148043
2019-04-23,220.6394561190801,175193.0,155433.0,19760.0,0.8313857518369439,0.7905512076382406,0.9237466183438316
2019-04-24,173.68525172812744,175288.0,163983.0,11305.0,0.820702658777907,0.7734786050400606,0.9251829772106206
2019-04-25,167.82840930302925,173838.0,168040.0,5798.0,0.8603440161682647,0.8139044376667213,0.963688014884161
2019-04-26,146.2869238085516,170448.0,168245.0,2203.0,0.8762712827528362,0.8380381995168497,0.9642823025739903
2019-04-27,145.61796913803875,160100.0,159384.0,716.0,0.8802132763533109,0.8449230617572514,0.9612745537643528
2019-04-28,131.03503949724342,143111.0,142395.0,716.0,0.8896290621187898,0.8594558739343495,0.9596449740287507
2019-04-29,159.56076919320088,167551.0,164359.0,3192.0,0.8892970403885688,0.8568912163558494,0.9638387645383948
2019-04-30,169.7404719267111,171131.0,167098.0,4033.0,0.8766531705290854,0.8390406799972445,0.9623907036312862
2019-05-01,140.38006194613666,148227.0,147511.0,716.0,0.8700053506595873,0.8289917503390841,0.9634155452984574
2019-05-02,193.4854371520655,174221.0,161591.0,12630.0,0.8218384528128329,0.7770119683030592,0.9223050049907315
2019-05-03,208.08119433345507,175232.0,158414.0,16818.0,0.8109598500033113,0.7730636575476202,0.8961793557561397
2019-05-04,224.77132114072435,166517.0,143147.0,23370.0,0.7418100461501762,0.7599508714045802,0.7006946329940418
2019-05-05,221.58855775289408,147888.0,124908.0,22980.0,0.7378263127697481,0.7552261114951293,0.6997668061987945
2019-05-06,262.6011418933554,174336.0,147200.0,27136.0,0.745196485138986,0.7512807699525164,0.7320725108963574
2019-05-07,270.598720927856,177506.0,143362.0,34144.0,0.7566063794065553,0.7716098567176659,0.724082606963661
2019-05-08,282.8627899914597,182663.0,147199.0,35464.0,0.7389170850808158,0.7579481373534099,0.6971642014612524
2019-05-09,300.2367171887662,179174.0,139798.0,39376.0,0.7917397841470778,0.7602641233577284,0.8621781374913327
2019-05-10,279.66445730689117,181957.0,146469.0,35488.0,0.8179182643205584,0.8038981904429353,0.8508712944713894
2019-05-11,240.0978723103434,167421.0,140669.0,26752.0,0.8363755999310108,0.8132979759470007,0.8880017019924511
2019-05-12,223.72180183709176,149753.0,128356.0,21397.0,0.8255403915953413,0.8089777712850991,0.8628964652716989
2019-05-13,203.5694547558492,176776.0,166128.0,10648.0,0.8314781936896443,0.8057970020451938,0.8893012292240048
2019-05-14,199.62589792823292,177240.0,167260.0,9980.0,0.8320440782315471,0.8051508271039248,0.8924753735235346
2019-05-15,169.1673684321232,178139.0,172036.0,6103.0,0.8410487268678487,0.805284441681097,0.9212697968634347
2019-05-16,174.93126527086483,177284.0,169907.0,7377.0,0.8429072700626464,0.8062171456600797,0.9248959590386641
2019-05-17,163.65185242933276,176567.0,172085.0,4482.0,0.847386656415274,0.823078562996007,0.9028182006410795
2019-05-18,149.73346702602228,168125.0,167413.0,712.0,0.8217809195344876,0.8258206310408635,0.8149182503205071
2019-05-19,135.58236751233758,148935.0,148223.0,712.0,0.8481263305453357,0.8513039001204312,0.8449622339758399
2019-05-20,153.58814393532734,172283.0,168675.0,3608.0,0.8428898116789835,0.8538425770867034,0.8223507940569601
2019-05-21,161.3732669073531,173573.0,169931.0,3642.0,0.8352355429030586,0.8478596132422141,0.8109183873066128
2019-05-22,168.69079149671438,175157.0,171282.0,3875.0,0.8279709399278223,0.837304061645609,0.8118119308533763
2019-05-23,157.0332197631419,174366.0,171590.0,2776.0,0.8151817916535017,0.8184866753605218,0.8110838026183598
2019-05-24,135.46525117772148,174931.0,172528.0,2403.0,0.8288405361067525,0.8392785881749317,0.8095346132776022
2019-05-25,124.64439474001796,163569.0,162857.0,712.0,0.822242303443512,0.8333661431350612,0.8008569245075925
2019-05-26,124.51265128063977,146052.0,145340.0,712.0,0.8351014001961949,0.8520313572628133,0.8009381557391165
2019-05-27,147.29279768192748,171332.0,170620.0,712.0,0.8394834683113632,0.8578992641102932,0.8024078081996449
2019-05-28,156.4811580580737,173297.0,172585.0,712.0,0.8175722410979742,0.8501533301503372,0.7490821839675437
2019-05-29,158.1793566980597,172862.0,171714.0,1148.0,0.8558314811015538,0.8456289921066447,0.8814835559792089
2019-05-30,143.95884540926707,172870.0,172158.0,712.0,0.8784271016456741,0.8800347457284904,0.8789570309833332
2019-05-31,144.76803342028916,171658.0,170946.0,712.0,0.8849226355072098,0.8890277490753872,0.8805598440507715
2019-06-01,143.46280749337782,160822.0,160110.0,712.0,0.8982812309121043,0.8912991968873148,0.9198173377934249
2019-06-02,111.26935762029636,141858.0,141146.0,712.0,0.8997124622192617,0.892635342659037,0.9198498457497473
2019-06-03,106.4656716571884,145596.0,144884.0,712.0,0.8905728359150551,0.8940754108796709,0.8874069053400819
2019-06-04,128.89883543853512,168527.0,167815.0,712.0,0.8832952283128765,0.8825845572428602,0.8889631232839234
2019-06-05,157.35752453147384,171015.0,170303.0,712.0,0.8686782295306262,0.8619049177884353,0.8889631232839234
2019-06-06,142.41478671092477,171720.0,171008.0,712.0,0.8463790389149211,0.8535122521598054,0.8319478508124798
2019-06-07,133.48702977528092,173105.0,172393.0,712.0,0.8712751451686626,0.8877546990762185,0.8386411604342345
2019-06-08,123.06706961209044,160656.0,159944.0,712.0,0.8817282963913439,0.8983213852209213,0.8477180862671526
2019-06-09,102.35217212538065,142845.0,142133.0,712.0,0.8818138341639534,0.898603460439396,0.8477180862671526
2019-06-10,136.16556590902442,170903.0,170191.0,712.0,0.8695577748907389,0.8711011266381147,0.8693078835446828
2019-06-11,113.1777743583473,171744.0,171032.0,712.0,0.8503688870343815,0.8429492775311351,0.8689336698003001
2019-06-12,118.8568868528759,173962.0,173250.0,712.0,0.8531488123392609,0.8504650974970723,0.8614352425256081
2019-06-13,103.722061494438,173858.0,173146.0,712.0,0.8782004128037156,0.8699988063764439,0.899347646586502
2019-06-14,97.90510832392454,173596.0,172884.0,712.0,0.8761875494221942,0.8685327575435821,0.8958936762272566
2019-06-15,84.23914231501666,159636.0,158924.0,712.0,0.8587432412755522,0.8551193386019046,0.8690194219977005
2019-06-16,81.27693328279342,143451.0,142739.0,712.0,0.8698364065315103,0.8566874541256618,0.9010447071533397
2019-06-17,102.74269833415619,168113.0,167401.0,712.0,0.8685770626027991,0.8554812114150794,0.899324872931586
2019-06-18,139.93307315379505,171514.0,170802.0,712.0,0.8461754428800581,0.8363669038473872,0.8698163261321593
2019-06-19,145.0618301794379,174768.0,174056.0,712.0,0.8385969896122989,0.8282735719867834,0.8636726425358471
2019-06-20,127.40043460614383,174810.0,174098.0,712.0,0.8651625315807834,0.8725668043193733,0.852146929332175
2019-06-21,107.91747355020689,174249.0,173537.0,712.0,0.8679320423925199,0.8716871750196562,0.8623004660528409
2019-06-22,97.81976537698598,160311.0,159599.0,712.0,0.8733119376626364,0.8782253816626167,0.8639487359710522
2019-06-23,101.63905488158596,146182.0,145470.0,712.0,0.8751928456464356,0.886392961694287,0.8530151865699568
2019-06-24,96.45096858991427,150232.0,149520.0,712.0,0.8574508684036559,0.8777115724585872,0.8147592601614134
2019-06-25,139.39585068585947,177879.0,177167.0,712.0,0.8597923305995545,0.8792980097960269,0.8182724503841385
2019-06-26,130.31768866606075,178239.0,177527.0,712.0,0.8658711568826216,0.8711363860404241,0.8555636635200172
2019-06-27,146.3223245951733,179336.0,178624.0,712.0,0.8558799475716987,0.8628337246755838,0.8427915857226067
2019-06-28,138.73763550600634,177646.0,176934.0,712.0,0.8628864830906783,0.8730812204414863,0.843263420443785
2019-06-29,128.81187113906046,166611.0,165899.0,712.0,0.8641882825095049,0.8780858286597923,0.8361858996261117
2019-06-30,123.35742990793831,148596.0,147884.0,712.0,0.8413790813588194,0.8414197617741166,0.843263420443785
2019-07-01,124.28697456468454,148915.0,148203.0,712.0,0.8537615531028449,0.8715498489264514,0.817113882528702
2019-07-02,145.65516869108723,171058.0,168284.0,2774.0,0.8671232530732488,0.8846366544572635,0.8307679354139618
2019-07-03,159.43295870792588,174959.0,171423.0,3536.0,0.8537086453450953,0.8646412329834413,0.8307679354139618
2019-07-04,155.4077538606008,175496.0,172106.0,3390.0,0.8755788739172997,0.9058516800993854,0.7998588614244317
2019-07-05,135.405336397888,174431.0,171319.0,3112.0,0.8892478454004875,0.917123554290275,0.8307679354139618
2019-07-06,116.32070418271502,165022.0,164310.0,712.0,0.886654723719899,0.9134762474850767,0.8307576038605843
2019-07-07,107.43786783165274,146079.0,145367.0,712.0,0.8136277041377807,0.8843148660172404,0.6601661226677059
2019-07-08,120.15799435524713,170608.0,169896.0,712.0,0.8662186346734617,0.8956275668844881,0.8036623122422814
2019-07-09,122.96195112163205,173622.0,172910.0,712.0,0.8511029898934235,0.8743924990557903,0.802128881738567
2019-07-10,134.17859228814385,174871.0,172441.0,2430.0,0.8803050322080493,0.9044490981906804,0.8303628063368645
2019-07-11,131.11112194636678,175712.0,172878.0,2834.0,0.8630250782684211,0.8794297686151828,0.829766080446891
2019-07-12,136.71358982308905,175399.0,172607.0,2792.0,0.880045260422958,0.904241253292857,0.8297579610594177
2019-07-13,130.00489436412113,166895.0,166183.0,712.0,0.8876772588193874,0.9143805583664104,0.8313433297213572
2019-07-14,139.15623998600978,150105.0,146815.0,3290.0,0.8869657231961423,0.9142469437892381,0.8290085613596649
2019-07-15,143.14323814104537,172129.0,168738.0,3391.0,0.8857570646602815,0.9124394354813806,0.8294350390876328
2019-07-16,146.44735192888177,174920.0,170873.0,4047.0,0.8736575764730016,0.8945647742685641,0.8294025769725442
2019-07-17,120.56203997592574,175291.0,174579.0,712.0,0.875026720382733,0.890955324926898,0.841730025037615
2019-07-18,122.88929569856053,177150.0,174518.0,2632.0,0.8564033221127969,0.8901016762394088,0.7837707760489746
2019-07-19,123.24345290770204,176992.0,176280.0,712.0,0.8654054334001143,0.8925393999695953,0.8077519693142119
2019-07-20,117.90363423634071,160294.0,159582.0,712.0,0.8591258955306463,0.8898151472016951,0.7935232561838707
2019-07-21,121.28885453863268,150585.0,149873.0,712.0,0.8576990835516004,0.886886761052004,0.795040060834444
2019-07-22,128.19722740766167,174792.0,172000.0,2792.0,0.8464890080333497,0.8861889960378824,0.7604627831589144
2019-07-23,119.96339778906669,177165.0,176453.0,712.0,0.8462462872331833,0.8708344542111751,0.7930988976033753
2019-07-24,119.36396758498122,177804.0,177092.0,712.0,0.8488256391788827,0.8777373173043348,0.7862686830760944
2019-07-25,141.07786257028113,179280.0,176328.0,2952.0,0.8439116104955291,0.8715056818856639,0.7847769073602652
2019-07-26,133.81243507215393,177745.0,177033.0,712.0,0.8638042102416393,0.8968070866796362,0.7930988976033753
2019-07-27,126.3317320291909,165805.0,165093.0,712.0,0.8619818851999241,0.8941162375560291,0.7930885709695067
2019-07-28,111.75248863910865,149527.0,148815.0,712.0,0.8692064252635889,0.9054215153912116,0.7915917603360998
2019-07-29,120.90311624803208,174042.0,173330.0,712.0,0.8820736140471481,0.9084649585379121,0.8262742253073109
2019-07-30,139.1211531158533,177181.0,176469.0,712.0,0.8622967815822679,0.8832711877088841,0.8178720336930785
2019-07-31,131.09716431558454,177195.0,176483.0,712.0,0.865433629731142,0.8877272338575776,0.8178720336930785
2019-08-01,136.20553216008923,179275.0,176428.0,2847.0,0.8492117436486966,0.8744199642744312,0.7960911820629459
2019-08-02,138.9289075816803,178256.0,175464.0,2792.0,0.8701780041898595,0.9020625933817433,0.8029213965902268
2019-08-03,131.01600960806087,169312.0,166941.0,2371.0,0.8712930023568592,0.8960870525693192,0.8192385351596676
2019-08-04,130.23148882970253,151987.0,151275.0,712.0,0.8587881668785067,0.8786280811521496,0.8166040238420021
2019-08-05,149.1033857720066,175277.0,172612.0,2665.0,0.8499518209418171,0.8663503861164359,0.8151413205718266
2019-08-06,173.2986354681513,177464.0,172320.0,5144.0,0.8093545732036261,0.8026221712309406,0.8247741800977957
2019-08-07,165.9325444385094,158756.0,154720.0,4036.0,0.8403877266099928,0.8487904614631806,0.8237010122336726
2019-08-08,130.06918730751795,178679.0,177967.0,712.0,0.8588419043392845,0.8760423595474977,0.8237843587141627
2019-08-09,156.72413136959733,177899.0,172488.0,5411.0,0.8557167793690647,0.8766337166631689,0.8120755590198275
2019-08-10,139.79193723098825,168580.0,167868.0,712.0,0.8486487282606038,0.8729529261950749,0.7979943489063185
2019-08-11,139.0630483130467,150674.0,149962.0,712.0,0.852065928185889,0.8713300288475562,0.8113896020643583
2019-08-12,159.4778466511665,176342.0,169415.0,6927.0,0.8356532666718809,0.8624485563772307,0.7780796836686641
2019-08-13,199.0627206455977,178873.0,169045.0,9828.0,0.7872257567567513,0.7903155860986318,0.7800880053105811
2019-08-14,203.60722825569064,179154.0,168702.0,10452.0,0.7824622517486282,0.783875792620677,0.7795817703512447
2019-08-15,190.2825536984449,180438.0,169659.0,10779.0,0.8012715950172667,0.7985671508653277,0.8078191658924452
2019-08-16,161.361179117317,179113.0,170494.0,8619.0,0.8481483431588374,0.8687130043538089,0.8049056910632446
2019-08-17,158.79451149856442,166833.0,160345.0,6488.0,0.8281617425849461,0.840492085522561,0.8019351640667759
2019-08-18,130.8228366241676,149415.0,146533.0,2882.0,0.8636631406935695,0.9007570911971816,0.7844056219189395
2019-08-19,127.68145724666668,150000.0,147110.0,2890.0,0.8552148090546835,0.9041199943224099,0.7502117536253065
2019-08-20,122.34044847555455,176720.0,176008.0,712.0,0.8673055454888156,0.9036003404178492,0.7907296893522353
2019-08-21,119.27335784149487,179439.0,178727.0,712.0,0.8713404870926182,0.8967973284444294,0.8184817557363473
2019-08-22,129.13487745912468,179387.0,177270.0,2117.0,0.8836199953637711,0.9166907507597235,0.8147305987236323
2019-08-23,126.83746744481932,178731.0,177005.0,1726.0,0.8584303653556702,0.879323354070849,0.8151176658173642
2019-08-24,103.99698442584453,166070.0,165357.0,713.0,0.8628686726722282,0.8916766411864373,0.8024638535289766
2019-08-25,115.4699332680591,149523.0,148810.0,713.0,0.8438346497163524,0.8633796844672569,0.8042201944074203
2019-08-26,163.98608578232063,176296.0,169583.0,6713.0,0.8465091168037627,0.86162710354174,0.8156564943382825
2019-08-27,194.4823550111637,179152.0,165588.0,13564.0,0.8319765368198022,0.8378961203416176,0.8209320218020447
2019-08-28,199.3028224278786,180841.0,166032.0,14809.0,0.8305982063236971,0.8258985367542527,0.8426325119768974
2019-08-29,195.7855743663374,180806.0,165794.0,15012.0,0.8414946120400046,0.8335461626110536,0.8607463721963283
2019-08-30,210.50379872734197,181227.0,165515.0,15712.0,0.8254169412326705,0.8097570070630864,0.860673332437379
2019-08-31,205.4494963217498,169896.0,157472.0,12424.0,0.8492650572804801,0.8595147433184056,0.8287446510549863
2019-09-01,195.28205397299578,153013.0,141836.0,11177.0,0.8378258595810351,0.8468687418410503,0.8205398514663462
2019-09-02,207.39474462054204,179427.0,164331.0,15096.0,0.8810514650356991,0.8914761874273031,0.861671542476353
2019-09-03,234.09723697007877,182546.0,167488.0,15058.0,0.8578141100129404,0.8443195332221167,0.8901327018802706
2019-09-04,222.21969334791623,184234.0,169138.0,15096.0,0.8754510222970029,0.8705600789187561,0.8894591129921825
2019-09-05,216.39483422094628,186181.0,174997.0,11184.0,0.8769716424179197,0.8981634137579011,0.8333175080522276
2019-09-06,191.34696038289815,184775.0,175996.0,8779.0,0.8718213996389773,0.8961559270536574,0.8210468285487422
2019-09-07,198.25591731293605,175448.0,164264.0,11184.0,0.8530443939128489,0.8568125587580093,0.8478502288903735
2019-09-08,195.2876884215194,156733.0,145571.0,11162.0,0.848388470907462,0.8883332798832174,0.7623177603481593
2019-09-09,224.79066845094363,183544.0,172360.0,11184.0,0.8272391378554551,0.8701045632739502,0.7337559474513242
2019-09-10,266.43267635299696,185418.0,171774.0,13644.0,0.7945096662541757,0.8224909030872193,0.7339345739757392
2019-09-11,236.50510691550912,184588.0,171122.0,13466.0,0.8041917917791622,0.8226312096414506,0.76601343795921
2019-09-12,274.00579264970423,185115.0,160371.0,24744.0,0.8312190235493266,0.862265955305013,0.7655203806897161
2019-09-13,311.3938040383956,186688.0,160533.0,26155.0,0.8338165644482946,0.8720577195923775,0.7521200195811478
2019-09-14,282.48168523741623,175325.0,153797.0,21528.0,0.828096902450917,0.8723012145648003,0.7334034190398095
2019-09-15,300.6829298922352,155895.0,133412.0,22483.0,0.7964776086498344,0.824890219400848,0.7351401421970489
2019-09-16,349.3058948203475,182352.0,151095.0,31257.0,0.7913042749042732,0.8355728189531736,0.695335664762439
2019-09-17,377.2418356417042,188950.0,154265.0,34685.0,0.7925462629824,0.8461503741805058,0.6760937460436798
2019-09-18,380.4274155682719,189258.0,148364.0,40894.0,0.8053890718468909,0.8251130247960929,0.7633356803442543
2019-09-19,384.06941704196,190038.0,148430.0,41608.0,0.8418440964217204,0.8767817447661943,0.767838175707041
2019-09-20,369.2563763199605,188267.0,147743.0,40524.0,0.840702917260002,0.8745323857221675,0.7698670579000777
2019-09-21,310.14458230595005,176604.0,151004.0,25600.0,0.8389583420383164,0.8719917856198549,0.7682941330083002
2019-09-22,302.0169673429012,158308.0,137313.0,20995.0,0.8156009640564725,0.8562481992508884,0.7287191358325267
2019-09-23,354.4563460920896,183213.0,151605.0,31608.0,0.8458066187403488,0.8825332078885557,0.7681384502716105
2019-09-24,367.96767989700515,185252.0,148393.0,36859.0,0.8436694008443315,0.8727491377153637,0.7824461274969048
2019-09-25,377.5712849957982,184445.0,149197.0,35248.0,0.8419604136606758,0.8836885033062643,0.7525566350290893
2019-09-26,352.80435240405313,183956.0,152086.0,31870.0,0.8458808481548458,0.8832209990064217,0.7667425793228013
2019-09-27,329.9256279098248,182090.0,150003.0,32087.0,0.8591172422729257,0.8973645629174329,0.7782017059490721
2019-09-28,340.95953074338485,173692.0,148092.0,25600.0,0.8556040298392089,0.8920816244742998,0.7783143494884295
2019-09-29,359.1185130641931,155297.0,123405.0,31892.0,0.8543124502869908,0.891459143299909,0.775701555000237
2019-09-30,415.3185508626304,180564.0,140280.0,40284.0,0.8381349717409105,0.8754561897749463,0.7587504065879915
2019-10-01,414.0125759407952,181607.0,123709.0,57898.0,0.8126183765940236,0.8325888919969141,0.7698767965346043
2019-10-02,423.80931769116125,180489.0,120576.0,59913.0,0.8197621578229692,0.8496817936433558,0.7583333333333333
2019-10-03,430.6030774485933,183585.0,122153.0,61432.0,0.8214416292992307,0.8370325518137489,0.7908507180022843
2019-10-04,406.82449125416866,181714.0,140992.0,40722.0,0.8414927955571677,0.8606255757950864,0.8036963511472694
2019-10-05,391.46094836600855,172914.0,129408.0,43506.0,0.8489101912818127,0.8794815680360066,0.785610525865605
2019-10-06,388.98792032826856,155848.0,118824.0,37024.0,0.8276828841999823,0.8531372754769688,0.7750802377096824
2019-10-07,369.79878615219866,177426.0,139459.0,37967.0,0.8421691251454783,0.8570685405128533,0.8132104966304591
2019-10-08,400.7847372478494,179714.0,133920.0,45794.0,0.8306752491448081,0.835821553618157,0.8246425347664342
2019-10-09,427.84077249170315,179889.0,130372.0,49517.0,0.803886975687517,0.8091745425356207,0.7932856767021313
2019-10-10,414.3398579065639,181386.0,121761.0,59625.0,0.8082789736140018,0.8025034387813625,0.8221248699819877
2019-10-11,435.4371373513105,181637.0,126457.0,55180.0,0.8015086819778194,0.7865501307803305,0.8350668102790638
2019-10-12,400.57701157859077,171216.0,124934.0,46282.0,0.795755113451732,0.7807188160645199,0.8292386667677536
2019-10-13,367.65235434451506,154031.0,114030.0,40001.0,0.7922925669151509,0.7903116955912919,0.7976104617143168
2019-10-14,429.5814735651091,154172.0,105310.0,48862.0,0.801837495277509,0.7959162493078602,0.8164751523917091
2019-10-15,415.0430605298051,178443.0,134356.0,44087.0,0.824866560003421,0.8383753937934477,0.7973166779741412
2019-10-16,394.464147073168,179778.0,137576.0,42202.0,0.8219697865245531,0.833293208628274,0.7988735808374836
2019-10-17,408.22497638582007,180312.0,135164.0,45148.0,0.8376583162228447,0.8484930853366733,0.815981521265607
2019-10-18,415.0082118000409,181057.0,118268.0,62789.0,0.8643540870599911,0.8698029784186249,0.856273493789313
2019-10-19,406.97366485849363,171547.0,105780.0,65767.0,0.8564058193645668,0.8462734208014786,0.8810703343662778
2019-10-20,306.50668412763787,151021.0,105165.0,45856.0,0.8473951617083789,0.8330561439484752,0.8810335420518174
2019-10-21,340.05726772057693,169578.0,127878.0,41700.0,0.812427775891807,0.7880774328046394,0.8670463742534312
2019-10-22,298.8521912817585,175150.0,142501.0,32649.0,0.8324950112913242,0.8169155405685802,0.8691784065905884
2019-10-23,283.6907137253114,175435.0,142295.0,33140.0,0.8310851452268097,0.8157409778764262,0.8678029058589566
2019-10-24,277.3713165044866,173182.0,140619.0,32563.0,0.8001372976640789,0.7747602261800168,0.8578756560117209
2019-10-25,253.68360250985893,171165.0,147322.0,23843.0,0.8604657936257686,0.8643071073121974,0.85615228898635
2019-10-26,189.81215881425442,160203.0,145114.0,15089.0,0.8732747151233912,0.8874585901809227,0.8468439033226274
2019-10-27,185.61568304729497,143419.0,129248.0,14171.0,0.8967564126536335,0.9234513409430175,0.8439391936507072
2019-10-28,182.69148674307183,168226.0,156163.0,12063.0,0.8929608460364055,0.9167478115340426,0.8458375695863278
2019-10-29,197.9175681498131,170399.0,158572.0,11827.0,0.8782762438884966,0.8944237098929451,0.845935578498821
2019-10-30,193.48406194574608,172006.0,158134.0,13872.0,0.8720060718173638,0.8852028369727732,0.8456115820938851
2019-10-31,196.31608439955932,174272.0,159183.0,15089.0,0.8926352639421146,0.9152512630439448,0.8483015622458653
2019-11-01,221.94437873047383,173805.0,156321.0,17484.0,0.863424350081359,0.8709532054223446,0.8500422329313834
2019-11-02,191.80069293631885,162026.0,149327.0,12699.0,0.8436866025689556,0.8714085233930371,0.7861822890835951
2019-11-03,190.1076545321188,143156.0,128067.0,15089.0,0.8636881205788858,0.8905577697760975,0.8065521833032916
2019-11-04,204.60739488606947,152593.0,137504.0,15089.0,0.8558946470359698,0.8788430158924343,0.8053852414453609
2019-11-05,221.7840329041776,183694.0,168605.0,15089.0,0.8449575898157553,0.8693797157670843,0.7923376632212888
2019-11-06,261.4347330756014,186240.0,165703.0,20537.0,0.8288483360090197,0.8399437550493096,0.8049856728789737
2019-11-07,265.7214619514402,185668.0,167531.0,18137.0,0.8453880156666326,0.8559826082125783,0.8230209327597301
2019-11-08,275.04087630518177,184572.0,155947.0,28625.0,0.8334299490167634,0.8232267356475498,0.8577452474587342
2019-11-09,273.36906328863574,172418.0,143793.0,28625.0,0.8658959694346594,0.8694646712326906,0.8602653724954268
2019-11-10,294.5290323007466,153498.0,124873.0,28625.0,0.8649429198676125,0.8646000473977624,0.8671818857497957
2019-11-11,297.86210648854967,157200.0,128575.0,28625.0,0.8830430476937158,0.8783074270875257,0.8957486487729932
2019-11-12,309.8807698049292,183318.0,148093.0,35225.0,0.8799145013817582,0.8948022415884388,0.8510053122450554
2019-11-13,295.3916365890618,186758.0,152337.0,34421.0,0.8534996166202522,0.8593976394768762,0.8435525849405175
2019-11-14,274.90188648116015,186732.0,154644.0,32088.0,0.8732048522764418,0.8635494393079134,0.8979029818685131
2019-11-15,211.9774747540207,185788.0,164142.0,21646.0,0.8827985425872734,0.8745041438354548,0.9050466091048442
2019-11-16,175.2648935125689,175393.0,158576.0,16817.0,0.8881075100746278,0.8833534507577366,0.9045826443249406
2019-11-17,182.13263546623222,156821.0,140103.0,16718.0,0.8796237667790253,0.8677897322081735,0.9104313558536754
2019-11-18,206.78510932380465,179948.0,163233.0,16715.0,0.8718660709445728,0.8684165581151684,0.8844745552203301
2019-11-19,242.11571680351136,183176.0,161862.0,21314.0,0.8681183740224703,0.8668679294037691,0.8773750906504564
2019-11-20,248.29960678966268,182174.0,158815.0,23359.0,0.8599200629363174,0.8513595190224702,0.8849399408766605
2019-11-21,258.9438677063525,181946.0,157504.0,24442.0,0.8483873091060798,0.8409910810785299,0.8703440986856407
2019-11-22,288.9476910272328,183639.0,151807.0,31832.0,0.8529343358993169,0.8464297176245157,0.8713759498367902
2019-11-23,246.40986792697896,175155.0,144006.0,31149.0,0.8564568684357419,0.8483809408987727,0.8797178286956798
2019-11-24,220.89511012266823,157498.0,132785.0,24713.0,0.8689645449846519,0.8590631672697766,0.8938333797975978
2019-11-25,244.2440599234757,182295.0,155206.0,27089.0,0.8560358384895476,0.8408125170280303,0.8924798237867141
2019-11-26,228.54841336667104,183576.0,161461.0,22115.0,0.8390509086123642,0.8258005083041896,0.8708259474233471
2019-11-27,271.22572449487177,185151.0,159096.0,26055.0,0.8375404775581726,0.8207342800911832,0.877092191599131
2019-11-28,274.69701891340287,186923.0,156267.0,30656.0,0.8474896061543405,0.8291647198191437,0.8908584484054959
2019-11-29,277.4463968160071,188741.0,156108.0,32633.0,0.8542814197764647,0.8397197306506954,0.8897374574104653
2019-11-30,263.1336102442226,176724.0,145675.0,31049.0,0.8569899404849274,0.8526730880187464,0.8696094142448387
2019-12-01,217.60423018673663,158512.0,136103.0,22409.0,0.8488398347613699,0.8733952150617563,0.7976361839560232
2019-12-02,281.1216332753346,185981.0,153745.0,32236.0,0.864536464383071,0.9058721714665308,0.7769527663133433
2019-12-03,275.858558124104,188326.0,150965.0,37361.0,0.8922761326665045,0.9086536192485405,0.8604387114291584
2019-12-04,271.501928234213,189349.0,144376.0,44973.0,0.8777363763156396,0.8720281446307125,0.8938260008297639
2019-12-05,251.68300637162906,189264.0,151557.0,37707.0,0.8751682763495733,0.8827730837120836,0.8620237889656609
2019-12-06,257.98238869933505,188888.0,150489.0,38399.0,0.8706067709417102,0.8818859406931249,0.8495531928929972
2019-12-07,270.14106356325664,177523.0,142756.0,34767.0,0.8504488088994729,0.8694542868402547,0.8114914814793214
2019-12-08,278.4972260598734,157165.0,126134.0,31031.0,0.8716579201163821,0.89728093245737,0.8189448929816698
2019-12-09,313.2260805836576,185040.0,147145.0,37895.0,0.8755689127839965,0.9079490669290781,0.8084426703455128
2019-12-10,339.68485780831327,186304.0,140107.0,46197.0,0.8702577533277804,0.8953557657364275,0.8186131791684695
2019-12-11,361.1141439515653,188047.0,137748.0,50299.0,0.8327114457975969,0.8449503960148673,0.8083466757823837
2019-12-12,377.31617231126995,189212.0,137602.0,51610.0,0.8454085748396768,0.8647712687039911,0.8057301273798092
2019-12-13,387.64674143235914,186322.0,139720.0,46602.0,0.8261203947919977,0.8312488053435655,0.8171118568406293
2019-12-14,380.77701710820173,174452.0,124107.0,50345.0,0.8668867284209527,0.8474505589222252,0.9128301570730841
2019-12-15,367.6400558283797,157627.0,115381.0,42246.0,0.8885361686591431,0.8962910637338883,0.8753726222191177
2019-12-16,374.70142795514937,182116.0,129328.0,52788.0,0.8859394198571946,0.9081497249635408,0.840836485816258
2019-12-17,341.1687229632808,184127.0,126730.0,57397.0,0.8914372154365195,0.9155803404977322,0.8420657809556581
2019-12-18,318.17859214594336,187470.0,139669.0,47801.0,0.8781773871018981,0.9067198244533489,0.8188287002302748
2019-12-19,369.212141979097,187055.0,145299.0,41756.0,0.8835415330763976,0.9119382607454184,0.8247825812651053
2019-12-20,319.81952988185765,186216.0,137897.0,48319.0,0.8884325540550077,0.9140298681807241,0.835902235700976
2019-12-21,332.5635967563663,171684.0,120039.0,51645.0,0.8705992877062367,0.8784237968482308,0.8591360355376099
2019-12-22,332.60567170690905,157794.0,103791.0,54003.0,0.8388004553982935,0.8306959448935959,0.8613420106703421
2019-12-23,360.3714228442275,176976.0,119205.0,57771.0,0.8521463326712855,0.8489137180776002,0.8643287270144884
2019-12-24,342.28804882881144,165823.0,115753.0,50070.0,0.8563802822338172,0.8602392085651852,0.8530926593180294
2019-12-25,281.44237802035934,149219.0,114546.0,34673.0,0.8584789178218015,0.8570603900302528,0.8668583639887278
2019-12-26,360.54917200868033,184325.0,124288.0,60037.0,0.8477230035053684,0.8382718365497615,0.8735012019502978
2019-12-27,355.82071920129425,184198.0,126834.0,57364.0,0.8603108015925336,0.8579911896300282,0.8708118200392333
2019-12-28,312.24518114204955,175474.0,129406.0,46068.0,0.8606561249676064,0.8574030056965939,0.8733498389858079
2019-12-29,264.00394164621923,158618.0,120943.0,37675.0,0.8682605908555588,0.8682131715444047,0.8741137436464875
2019-12-30,326.1574072407189,174386.0,132981.0,41405.0,0.8583953563138649,0.8461999306214337,0.8879389569090431
2019-12-31,321.004227779483,168114.0,122482.0,45632.0,0.8720751382521846,0.8669198453377132,0.8864201832983728
2020-01-01,319.00414582369064,149249.0,110907.0,38342.0,0.8562548926100219,0.8433160735613296,0.8907173526909271
2020-01-02,319.5640545429424,176597.0,125676.0,50921.0,0.8562548926100219,0.8433160735613296,0.8907173526909271
2020-01-03,267.72047239132155,176898.0,139174.0,37724.0,0.8669077645709925,0.8709196073396948,0.8665741277182811
2020-01-04,233.2357436367127,166678.0,134038.0,32640.0,0.8630152417786615,0.8688070885666351,0.855948169185188
2020-01-05,242.7753297735788,153475.0,123149.0,30326.0,0.8592991423637025,0.86226025879564,0.8568205242530864
2020-01-06,229.14087249951785,155542.0,126187.0,29355.0,0.8571926562049631,0.8437278343070118,0.8900066429969591
2020-01-07,280.4098070438958,178901.0,140392.0,38509.0,0.8788917651595195,0.8554025963976829,0.9340388509299352
2020-01-08,277.27006649790434,180135.0,139661.0,40474.0,0.8488390903506577,0.8201688901238172,0.9153715241163363
2020-01-09,289.08758964989363,182773.0,135008.0,47765.0,0.823237500392549,0.7864720540804806,0.9034721751945334
2020-01-10,299.5488815963739,180910.0,142001.0,38909.0,0.8571694387062362,0.824067560739128,0.932133919575152
2020-01-11,306.0609004650145,173629.0,132358.0,41271.0,0.8628840817228881,0.8412775177003133,0.9146070200749467
2020-01-12,285.9056157754907,155753.0,114833.0,40920.0,0.8528447218352729,0.8374151914940015,0.8896688578212097
2020-01-13,338.9930571963036,178443.0,118516.0,59927.0,0.861712315021421,0.8467173084972056,0.8976146939506987
2020-01-14,314.7120965003336,182886.0,116248.0,66638.0,0.8447049197760698,0.8277197341934062,0.8843389984895925
2020-01-15,332.5087734422598,180550.0,127924.0,52626.0,0.8377177951426888,0.8106945768279772,0.8991054397232661
2020-01-16,348.37600967550725,183209.0,129141.0,54068.0,0.8391146603837963,0.8187792294047372,0.8858289384536341
2020-01-17,341.1545123881963,181434.0,129083.0,52351.0,0.8411923931135488,0.8269041832414757,0.8753042732993088
2020-01-18,330.97953059592174,174486.0,127267.0,47219.0,0.8339199481824383,0.8271892230620517,0.8507644221998315
2020-01-19,330.5412780043063,162089.0,108683.0,53406.0,0.8271952905360588,0.8081787523550591,0.8706862253086839
2020-01-20,394.7627907753638,185629.0,127665.0,57964.0,0.802783173646935,0.80313537940632,0.8029594540218192
2020-01-21,410.8409383913693,188073.0,125398.0,62675.0,0.7904361294791523,0.7682768412253459,0.8397278268891214
2020-01-22,386.58323907556394,188569.0,126576.0,61993.0,0.8308938679287704,0.8108965227779791,0.8768135526679676
2020-01-23,388.4448766545829,186201.0,123358.0,62843.0,0.8299428234135918,0.8161034455672131,0.8625515475713899
2020-01-24,390.0329428834654,187129.0,123582.0,63547.0,0.8293283953596373,0.8068247765698147,0.8793884549628714
2020-01-25,389.83983178419976,177794.0,114972.0,62822.0,0.8277266472759481,0.8060120833435919,0.8775220176529114
2020-01-26,363.68294140105803,160493.0,110590.0,49903.0,0.8381676611060871,0.8094428929680603,0.903853339772321
2020-01-27,375.6537614237906,185561.0,129684.0,55877.0,0.8601098123956978,0.833563416890302,0.9213978841848507
2020-01-28,366.9082260781705,185671.0,132292.0,53379.0,0.856685882360707,0.8219809080474728,0.9356609530348254
2020-01-29,371.39479661919347,187825.0,132799.0,55026.0,0.8449982937607853,0.8043949769681963,0.9365062317893339
2020-01-30,371.2039779588897,186036.0,132858.0,53178.0,0.8422180264595927,0.8060442510765565,0.9242988759172975
2020-01-31,374.92403602463366,188360.0,132702.0,55658.0,0.8437307899675127,0.8082878588570739,0.9241940234753325
2020-02-01,413.5796498959406,179705.0,111566.0,68139.0,0.833575073631586,0.816619741345048,0.8728706082151404
2020-02-02,377.5473241235305,163571.0,105589.0,57982.0,0.816965860892327,0.7942939424421801,0.8690233301522715
2020-02-03,411.92380475573384,189445.0,135019.0,54426.0,0.8241266690783102,0.7991098697346037,0.881114578428656
2020-02-04,415.86293168536633,191982.0,118918.0,73064.0,0.8011531645622777,0.7830964938196918,0.8420789986481659
2020-02-05,405.5362042634657,191858.0,112822.0,79036.0,0.8166616224122075,0.7909636661426037,0.8757941136767754
2020-02-06,394.6486210775779,192181.0,119295.0,72886.0,0.8172638074849073,0.7906229373082393,0.8791375044561212
2020-02-07,390.456145950008,192751.0,130558.0,62193.0,0.8092939082868497,0.7826827437861035,0.8701910749244155
2020-02-08,390.0846989074682,184196.0,121721.0,62475.0,0.8179344730457004,0.7942741777784824,0.8720829482253384
2020-02-09,372.36445836260714,166759.0,104813.0,61946.0,0.8279834891337863,0.8001025226126699,0.8913006200857767
2020-02-10,368.7483302874094,189625.0,128719.0,60906.0,0.8284754616037372,0.7930008479567706,0.9086550765614796
2020-02-11,392.57962798462074,191686.0,125168.0,66518.0,0.7814627859054154,0.7242847185828963,0.9082570071497779
2020-02-12,381.9223530452645,192049.0,115752.0,76297.0,0.8095985647846428,0.7638985123412717,0.9116760527243741
2020-02-13,397.5346261950445,192633.0,116769.0,75864.0,0.8114189644121991,0.7701899053990205,0.9038476228970815
2020-02-14,436.162594015318,192453.0,112786.0,79667.0,0.8127853165201304,0.7610992637926569,0.9277197004713013
2020-02-15,468.24263773310224,182302.0,103832.0,78470.0,0.8035355301897984,0.7476349789285689,0.9277408932355276
2020-02-16,467.08890098564905,164937.0,81542.0,83395.0,0.8227101454414256,0.775077694284242,0.9292243867313634
2020-02-17,499.63043108340355,188997.0,105575.0,83422.0,0.8169443788364406,0.7665219108764351,0.9293579092040739
2020-02-18,468.4890171911371,190999.0,104366.0,86633.0,0.8156030206926642,0.7639252628928687,0.9303700047123683
2020-02-19,513.6920907014884,191279.0,114271.0,77008.0,0.7620994931856823,0.7459088069405129,0.7976702625066318
2020-02-20,551.5808790563449,192369.0,109766.0,82603.0,0.7395768163550838,0.6804405999769403,0.8697047098541357
2020-02-21,584.9648011814681,192447.0,102703.0,89744.0,0.7910435408769917,0.7400584258664464,0.9036969367027733
2020-02-22,586.0132478174331,182125.0,90991.0,91134.0,0.7956172451088983,0.7356837655859175,0.9280269552621553
2020-02-23,527.5323666963665,165097.0,82895.0,82202.0,0.7960084891748797,0.7542449492097331,0.8888952816365262
2020-02-24,562.140718827401,187643.0,103772.0,83871.0,0.7892056037740266,0.7486591389950303,0.8791528148181097
2020-02-25,478.59438179066916,189136.0,100077.0,89059.0,0.7824158334398815,0.7307469330566316,0.8968225841699238
2020-02-26,415.72640186419693,192249.0,115943.0,76306.0,0.8131655087552597,0.7666412250274088,0.9170886707525252
2020-02-27,347.7482900821227,191908.0,127141.0,64767.0,0.8178327916666417,0.7712882512770733,0.9224075207958318
2020-02-28,316.43869300268824,191948.0,141977.0,49971.0,0.8208510994202134,0.769769386881451,0.93579264752139
2020-02-29,287.2662743299545,182607.0,123372.0,59235.0,0.8265056402007781,0.7883493440960423,0.9131385284321115
2020-03-01,323.2336124425681,164499.0,108061.0,56438.0,0.8202141966479297,0.7827552664046457,0.9053976155275544
2020-03-02,397.79567021064366,190179.0,118279.0,71900.0,0.8025386579811391,0.7663226173090056,0.8847781641361055
2020-03-03,453.1054335120363,192293.0,121158.0,71135.0,0.8040851088408694,0.7607078031401413,0.9026394510765908
2020-03-04,452.84937226545094,191591.0,111551.0,80040.0,0.7997437191097815,0.7626584266878539,0.8839554336313535
2020-03-05,394.8769391624882,194445.0,109652.0,84793.0,0.8244192400337578,0.7802660816704513,0.9244944811546644
2020-03-06,392.2632766385201,194221.0,112981.0,81240.0,0.8200555541215738,0.7737638563711561,0.923981554720523
2020-03-07,369.87487417054433,184820.0,104069.0,80751.0,0.834067415285192,0.7932615770469142,0.9263565141883542
2020-03-08,368.23576279021336,167084.0,98033.0,69051.0,0.8262824445226672,0.7906075495544292,0.9076061556035603
2020-03-09,365.68377147250965,193031.0,117718.0,75313.0,0.8230216396201423,0.7902134765068568,0.8977208196945031
2020-03-10,350.2523483690725,196330.0,123019.0,73311.0,0.8056166725583057,0.7597506700267659,0.9085429525326669
2020-03-11,349.56050815455006,196700.0,119826.0,76874.0,0.7925572144170508,0.7521226307255634,0.8830172390933015
2020-03-12,336.9560816601823,196882.0,134782.0,62100.0,0.7963688785658798,0.7534102926193884,0.8926501076237867
2020-03-13,319.9569146985549,196039.0,124519.0,71520.0,0.8152920748313399,0.7781097624599772,0.8995424400313382
2020-03-14,307.7149954879918,183958.0,129755.0,54203.0,0.8417483395954078,0.7974977460604419,0.942390588961723
2020-03-15,285.7286831648052,166263.0,126039.0,40224.0,0.8420959154884787,0.8001188667344314,0.9377967430682176
2020-03-16,340.8814195310223,192781.0,145227.0,47554.0,0.8313381883318954,0.7978112898630754,0.908122437125984
2020-03-17,352.4876229328593,194636.0,139874.0,54762.0,0.7827545276913586,0.7324687320842581,0.89456067963825
2020-03-18,366.8266747747447,194335.0,138543.0,55792.0,0.8044197817562564,0.7630441989047436,0.8972293699988438
2020-03-19,384.17931908166577,194733.0,137953.0,56780.0,0.8156051091300474,0.7873333286437322,0.8805154370350887
2020-03-20,381.97081635156877,190819.0,132055.0,58764.0,0.7998683326708248,0.7451328534698946,0.9219339952566887
2020-03-21,369.4951289248296,179246.0,112253.0,66993.0,0.7748250808530499,0.702689911261022,0.9350598120350043
2020-03-22,358.7964081078572,159396.0,104103.0,55293.0,0.7764694840077897,0.7207112119968266,0.9002878025730433
2020-03-23,358.0943939088484,160436.0,112163.0,48273.0,0.7566864453591348,0.7125358282288567,0.8544293393839693
2020-03-24,363.79036241353566,179467.0,125362.0,54105.0,0.8102971078342162,0.7796616775802931,0.8797178555120014
2020-03-25,365.4936384259249,185366.0,126766.0,58600.0,0.8126975768442489,0.7660573739060682,0.9165673104754464
2020-03-26,340.1294773880376,172357.0,120186.0,52171.0,0.850915358925306,0.8120050037670655,0.9388559742966419
2020-03-27,277.61149838049795,170997.0,130355.0,40642.0,0.831061481001709,0.8038903980640277,0.893287502167625
2020-03-28,268.5827278003164,161205.0,136208.0,24997.0,0.8190957951185526,0.7931226977004752,0.8793126066487584
2020-03-29,272.2949975861251,151669.0,129831.0,21838.0,0.8089559719654765,0.7794537255779348,0.8761538372279671
2020-03-30,277.0570586685633,162043.0,133327.0,28716.0,0.8253175044751803,0.7751068056664451,0.9392024719626981
2020-03-31,234.00924597544142,163039.0,143341.0,19698.0,0.8249680636903545,0.7864025893632811,0.9125866163584287
2020-04-01,265.9986616326056,163383.0,135471.0,27912.0,0.8117640100290977,0.7722431568890322,0.900910905547945
2020-04-02,226.4181091686414,161206.0,138725.0,22481.0,0.8170178609104292,0.7794874911695637,0.9027071333212968
2020-04-03,179.18925531585865,157523.0,140983.0,16540.0,0.8367464709263802,0.8027537454849532,0.9151464896392085
2020-04-04,224.3567995158669,153181.0,137968.0,15213.0,0.8285466034185476,0.8045298030015792,0.8849629300667382
2020-04-05,255.7886171156267,147734.0,121137.0,26597.0,0.8031758730700654,0.7552039185134902,0.912549002413176
2020-04-06,269.8414615354769,153607.0,124101.0,29506.0,0.8095498058904569,0.7592345574364764,0.925484288698134
2020-04-07,257.49366666605937,153671.0,122597.0,31074.0,0.8425031524535987,0.8050389420036326,0.931373957357403
2020-04-08,260.1132494801323,152635.0,120217.0,32418.0,0.858382653105182,0.8229577542534369,0.9421380647215389
2020-04-09,245.4251876348236,146395.0,120545.0,25850.0,0.8470526051518975,0.8118463054864095,0.93015598295991
2020-04-10,230.54478784473517,144553.0,125255.0,19298.0,0.8471001195523662,0.8122295419080345,0.930188920505126
2020-04-11,256.2600892080683,147740.0,112274.0,35466.0,0.8498084833633824,0.8111415588663452,0.9419721733950983
2020-04-12,269.4463465850244,143553.0,113487.0,30066.0,0.8392243185448504,0.8005371812014326,0.930124177357379
2020-04-13,258.3061278509909,153494.0,126307.0,27187.0,0.8503089425664512,0.8110920849342628,0.9415939924833205
2020-04-14,255.8452056112548,153463.0,125475.0,27988.0,0.8423077936459944,0.7996123710080997,0.9414391699459715
2020-04-15,254.88071272134437,153347.0,122353.0,30994.0,0.819483335464668,0.7662697652033938,0.9414391699459715
2020-04-16,252.45383223303452,156509.0,122926.0,33583.0,0.8019746470728285,0.7428654979001663,0.9359920640302997
2020-04-17,265.88605479858336,156988.0,117514.0,39474.0,0.8236926761792456,0.7726102794376016,0.941231793353472
2020-04-18,271.9846925263117,152594.0,96962.0,55632.0,0.8037196093967605,0.7433257907259694,0.9409066717820634
2020-04-19,260.27359960615246,147062.0,97578.0,49484.0,0.8284113250450055,0.7940870391640125,0.9096480855037204
2020-04-20,275.5422671289313,156851.0,101264.0,55587.0,0.823479869748082,0.7997152951980984,0.8815491248986291
2020-04-21,264.5932174369332,157452.0,110606.0,46846.0,0.8079898774919129,0.7819717811357892,0.8697238673115633
2020-04-22,274.73846774826063,158100.0,119047.0,39053.0,0.7843780589184657,0.7478150587319259,0.8689242084993232
2020-04-23,253.94490761562702,158981.0,120820.0,38161.0,0.8144926257199828,0.7968394008897282,0.8580763116827729
2020-04-24,248.57670475270004,157683.0,129729.0,27954.0,0.8283436651364526,0.7915172238037524,0.914479647163551
2020-04-25,225.0532147567631,153554.0,135398.0,18156.0,0.8315628512005732,0.7986992892509184,0.9096240997005746
2020-04-26,263.1866439510054,150139.0,126318.0,23821.0,0.8333572021854241,0.801730498440392,0.9084970462086267
2020-04-27,343.51811010793057,159825.0,120989.0,38836.0,0.7978614862432172,0.7337413358371618,0.9437343206279841
2020-04-28,377.7597867975078,160500.0,97991.0,62509.0,0.7900838432607143,0.7219519351052991,0.9429250627174881
2020-04-29,367.6374096080146,160108.0,104323.0,55785.0,0.8055620250202499,0.7501247873558974,0.9309237679048312
2020-04-30,357.8921753599403,160860.0,107939.0,52921.0,0.8137007785595897,0.7885901417549191,0.8722849397102856
2020-05-01,317.38714136453206,149194.0,102025.0,47169.0,0.8275220844985882,0.8016194658309798,0.8880551913894958
2020-05-02,322.97181932274384,153989.0,102665.0,51324.0,0.8118569310355398,0.7785258180129926,0.8885893016104233
2020-05-03,304.6388577478631,148459.0,105605.0,42854.0,0.826467097832418,0.8057122419693511,0.8751642063976687
2020-05-04,312.51659968177614,163187.0,102114.0,61073.0,0.836518446682032,0.8143211040259054,0.8887115976725177
2020-05-05,297.08133046209633,164641.0,106126.0,58515.0,0.8236707224358962,0.7957301327977809,0.8885823648952084
2020-05-06,317.9643550174767,165649.0,116974.0,48675.0,0.8333937764285244,0.8100951139045502,0.8882915911462624
2020-05-07,314.47045860944326,167379.0,112777.0,54602.0,0.8171400649972259,0.8041812337402735,0.8495782972935425
2020-05-08,348.1834114470495,166684.0,113388.0,53296.0,0.8082010442965044,0.8010356104864171,0.82655063178674
2020-05-09,281.59990016832154,159932.0,117153.0,42779.0,0.8196718422975324,0.8094454575936953,0.845464898762273
2020-05-10,349.39478615189137,150318.0,101306.0,49012.0,0.8186946914393756,0.8085939286078567,0.8439706447746342
2020-05-11,362.3466624168514,169125.0,121457.0,47668.0,0.8218392090529191,0.817438662947813,0.8342238279394802
2020-05-12,345.90228342493924,171168.0,123524.0,47644.0,0.8250757553459728,0.8225941466743107,0.8332141968667514
2020-05-13,385.4145254326823,173476.0,125606.0,47870.0,0.8023242131937726,0.7940213593746885,0.8230468273174852
2020-05-14,409.40596533697806,173038.0,124467.0,48571.0,0.7957176124036781,0.790064325207427,0.8110257878342236
2020-05-15,458.16989085856045,173127.0,112189.0,60938.0,0.8012679278228519,0.7941345692777193,0.8197690959338693
2020-05-16,467.58678348697913,164621.0,88764.0,75857.0,0.777472725946438,0.7571857879292011,0.8244434961090261
2020-05-17,473.82580410509274,153217.0,75037.0,78180.0,0.7958438719125995,0.7716098287005936,0.8541675143558176
2020-05-18,475.614637607212,171716.0,92363.0,79353.0,0.8079568507727383,0.7862238715940306,0.8583236131644026
2020-05-19,436.132429269792,173567.0,91244.0,82323.0,0.8301182481330113,0.8104567261190854,0.8772935705505411
2020-05-20,415.0642338310081,172884.0,101628.0,71256.0,0.813590721898132,0.7893006163308326,0.8729243430562751
2020-05-21,389.13697637720946,171931.0,108743.0,63188.0,0.8286221715787433,0.8175712907306516,0.8589103843967255
2020-05-22,293.1859912984518,172852.0,116026.0,56826.0,0.8329061024344726,0.8194838419791993,0.8700689353077576
2020-05-23,307.5171125169069,164726.0,110674.0,54052.0,0.8282368555084821,0.815513142021054,0.8633463165202996
2020-05-24,337.6817928932374,153565.0,93829.0,59736.0,0.8022126047729574,0.795173315934913,0.8219418783717096
2020-05-25,465.13115181743416,155648.0,82373.0,73275.0,0.7758078552864156,0.7792456717912284,0.774844366141344
2020-05-26,468.2437446955068,172861.0,98113.0,74748.0,0.7455246112938356,0.7280034257536482,0.7892705144346093
2020-05-27,483.7884540492883,174727.0,100184.0,74543.0,0.7459774981368515,0.7285588503911714,0.7895219266946314
2020-05-28,481.8330554813471,176380.0,99010.0,77370.0,0.7763763184309581,0.7674071901331656,0.7994575458166612
2020-05-29,441.9131146879356,175749.0,114629.0,61120.0,0.7892254298240504,0.7952953921151391,0.7789255445815179
2020-05-30,460.0992930852213,167599.0,94397.0,73202.0,0.7962370411947431,0.7955109672185154,0.7996648803503269
2020-05-31,449.6582728277742,152544.0,81922.0,70622.0,0.8212341058844939,0.8191352727178935,0.8285289417413328
2020-06-01,454.84759409768196,173891.0,96792.0,77099.0,0.8492181145219158,0.8441849238701872,0.8630358384953427
2020-06-02,417.1792801991842,173307.0,99440.0,73867.0,0.8510188119781166,0.8400249545401788,0.8778949477094732
2020-06-03,366.9555065599425,172407.0,108036.0,64371.0,0.8407292409282946,0.825803299368897,0.8758401359689074
2020-06-04,372.0189825529554,171229.0,109057.0,62172.0,0.8471461682520814,0.8416195654850044,0.8601993924848363
2020-06-05,361.450538607546,170634.0,109247.0,61387.0,0.8136740344211592,0.8023249577056595,0.840336212326034
2020-06-06,378.51957895739224,163820.0,101382.0,62438.0,0.8063035086253816,0.7884186782124647,0.8458054765325995
2020-06-07,377.35573733081696,148360.0,89428.0,58932.0,0.8100983902131107,0.8162011944414157,0.7993747892810705
2020-06-08,415.85845853097635,167676.0,114119.0,53557.0,0.7908873998746452,0.8081034989114263,0.7559438854282099
2020-06-09,420.9535607833916,170949.0,102368.0,68581.0,0.7892269879480471,0.8101589364453526,0.746266125034408
2020-06-10,416.8538997084292,172994.0,95319.0,77675.0,0.799888754051377,0.8125422796854684,0.7746950498215295
2020-06-11,407.80384167405555,175263.0,93125.0,82138.0,0.7944666956347256,0.7925557124617945,0.800650142434715
2020-06-12,397.1984147658383,175413.0,99075.0,76338.0,0.7916513624090222,0.7890135248097487,0.7996106494365465
2020-06-13,366.9286206952181,162654.0,102392.0,60262.0,0.8138878736064373,0.8101035405316367,0.8248786291198572
2020-06-14,306.6597077878113,146398.0,87545.0,58853.0,0.8239552743573262,0.8332285500573889,0.8093748730851572
2020-06-15,292.1074311578276,150506.0,92453.0,58053.0,0.8479202949091565,0.8568441358296081,0.8321953705333227
2020-06-16,292.23919095084426,170743.0,114137.0,56606.0,0.8533023840118835,0.859873691454726,0.8424474306633996
2020-06-17,311.51748537189405,171366.0,117403.0,53963.0,0.8415244821391492,0.8453694878134852,0.836927642262272
2020-06-18,268.5912406476365,170466.0,118906.0,51560.0,0.8485269377176011,0.856745654205224,0.833325678152339
2020-06-19,256.618989232201,171920.0,122328.0,49592.0,0.8384377718608337,0.854105335476481,0.8067581710596125
2020-06-20,250.07834290030178,161397.0,125764.0,35633.0,0.8425001833639806,0.8465559569072549,0.8365789689131964
2020-06-21,242.7360044553644,146520.0,119491.0,27029.0,0.8596527595829414,0.86428162344613,0.8549352871289171
2020-06-22,239.56445837241233,147863.0,111373.0,36490.0,0.8489391885309374,0.8436122063283823,0.864081213895749
2020-06-23,242.96392564598733,167333.0,125217.0,42116.0,0.8486344079961484,0.8548076032503625,0.8412628921306029
2020-06-24,246.67351406002663,167159.0,134238.0,32921.0,0.8487478238642575,0.8514200991616165,0.8464039505246458
2020-06-25,255.0461142034506,169073.0,132452.0,36621.0,0.8094891459515332,0.7933968363950566,0.8467343320201878
2020-06-26,251.2271303776588,172775.0,135145.0,37630.0,0.8044881556861121,0.7865094243397335,0.8458479426419044
2020-06-27,248.65183526771557,163980.0,130118.0,33862.0,0.8092429535770366,0.7937783061395086,0.8453993490356406
2020-06-28,235.90259047767208,150417.0,124756.0,25661.0,0.8529137585738898,0.8541945844485791,0.8554074909249844
2020-06-29,244.392094624483,151844.0,128761.0,23083.0,0.8425770003014658,0.8565147646230558,0.8150316489356558
2020-06-30,240.1411430817267,172306.0,151069.0,21237.0,0.8466900241647226,0.8657894034944563,0.8100482848544469
2020-07-01,240.7454755360157,174743.0,143103.0,31640.0,0.8683284989195015,0.8525905943014311,0.9066187984170053
2020-07-02,235.59080980141667,176047.0,150966.0,25081.0,0.8604685294448579,0.8512851265781973,0.8840078111855248
2020-07-03,222.37493746706954,176053.0,149959.0,26094.0,0.8584072085327105,0.8498879918072668,0.8804235748631576
2020-07-04,209.34041533509492,166520.0,147489.0,19031.0,0.8419535238910294,0.8271254005212492,0.8777138200100435
2020-07-05,194.5853402808369,151369.0,133454.0,17915.0,0.8670916414203943,0.866077447590776,0.8728693616771648
2020-07-06,151.346599091164,171197.0,161392.0,9805.0,0.8516317538267844,0.8520432299159038,0.8537275063022076
2020-07-07,183.07314622559653,172875.0,165761.0,7114.0,0.8505241062180074,0.8483720049569085,0.8588053437353544
2020-07-08,175.96449144668458,173749.0,166149.0,7600.0,0.8485483911624214,0.8467340152013422,0.8562941867376564
2020-07-09,165.1031989806278,175716.0,169904.0,5812.0,0.8530041024600059,0.8534194055559778,0.8538424792412919
2020-07-10,163.10817331671066,173859.0,168655.0,5204.0,0.8556553275767124,0.859391102185237,0.8507573224414468
2020-07-11,145.88332975889088,165900.0,163311.0,2589.0,0.8742812297643233,0.8724838824270092,0.8825035367474389
2020-07-12,129.2076742313159,147746.0,147033.0,713.0,0.8729742258093026,0.8700641215028765,0.8834279155421206
2020-07-13,151.56663012000024,170833.0,165277.0,5556.0,0.868795629434431,0.8736721833962326,0.860317872277159
2020-07-14,152.29822511355417,172825.0,167328.0,5497.0,0.8747110798523212,0.8828794825259598,0.8603341033347033
2020-07-15,150.05502468739127,172420.0,168946.0,3474.0,0.8683939935454137,0.8797280705456703,0.8467162460550415
2020-07-16,150.34075501446927,172780.0,168383.0,4397.0,0.8447160724596118,0.8444128091766115,0.848335818230428
2020-07-17,151.93266122731413,173566.0,170425.0,3141.0,0.8715891900000982,0.8850632978916726,0.8454989167392195
2020-07-18,133.2409640756212,162785.0,162068.0,717.0,0.8607422240361886,0.869484955759475,0.8467059393335008
2020-07-19,132.68999639163468,146892.0,143014.0,3878.0,0.8928208194659937,0.9092891180149856,0.8626204912556801
2020-07-20,155.75481095672643,151224.0,145498.0,5726.0,0.8924180042617975,0.9100379154253878,0.8576213255320378
2020-07-21,166.97022800163933,173242.0,158485.0,14757.0,0.8684494742254186,0.8762480933840279,0.8549210456436815
2020-07-22,178.77452753250168,174914.0,160154.0,14760.0,0.8202936003522414,0.8078046833874396,0.8502873080953655
2020-07-23,181.83017748814947,174254.0,159533.0,14721.0,0.8684734823866243,0.8675512280306841,0.8745752257060653
2020-07-24,189.60863564796284,173868.0,158106.0,15762.0,0.8582136682352794,0.8513189063615613,0.8771121625304839
2020-07-25,187.13409640431428,164664.0,149904.0,14760.0,0.8698058864165584,0.8773376196287946,0.8566518483536256
2020-07-26,178.38552639820045,149814.0,139014.0,10800.0,0.8891076202277505,0.9183089063732852,0.8285503942985272
2020-07-27,172.45401346749807,170313.0,157359.0,12954.0,0.8828784067791382,0.9226977868599721,0.7987291244253394
2020-07-28,163.7572800481917,174304.0,161717.0,12587.0,0.8993246216901457,0.9460037856805373,0.8002641178908038
2020-07-29,145.33252002595904,173350.0,163421.0,9929.0,0.9014095921265937,0.9488295634801999,0.8006544158637912
2020-07-30,146.3918718639566,173180.0,165898.0,7282.0,0.8815784587902514,0.9317664496553729,0.7750953845416131
2020-07-31,124.90914919383562,171826.0,167055.0,4771.0,0.893002372459271,0.9402453951047598,0.7925719953398422
2020-08-01,134.47556833938626,164108.0,159788.0,4320.0,0.8779041982851462,0.9115580789517803,0.8090498858307412
2020-08-02,129.4407936505134,150661.0,146341.0,4320.0,0.8885486774868013,0.9274463011357041,0.8090580013595133
2020-08-03,150.1944736647117,172210.0,162449.0,9761.0,0.8846682707542739,0.9354041146560588,0.7773041284668727
2020-08-04,158.26390301200652,176321.0,166566.0,9755.0,0.8457689826979043,0.8777665715850032,0.7787977293764925
2020-08-05,146.43929057179918,178087.0,170739.0,7348.0,0.8713878007099252,0.9296348793775961,0.7467932955915193
2020-08-06,167.02588216579454,177533.0,166802.0,10731.0,0.8830636541689703,0.9448029469433918,0.7529250800353448
2020-08-07,169.5962630688842,156930.0,144454.0,12476.0,0.8809858111065374,0.9425808039969065,0.7538642901801452
2020-08-08,188.88454523508815,167065.0,151931.0,15134.0,0.8611619478855874,0.9126627281306136,0.7548138070464864
2020-08-09,206.21981488999384,153855.0,137857.0,15998.0,0.8302213064758923,0.8673890888399141,0.7549111933917522
2020-08-10,205.33728148151508,176576.0,162678.0,13898.0,0.8373412231939655,0.8764328355404286,0.7562742838520068
2020-08-11,204.97835074169367,180735.0,164737.0,15998.0,0.8840189226039888,0.9321072517647555,0.784356522969868
2020-08-12,190.0087236404084,179359.0,164836.0,14523.0,0.8523320233119703,0.8923457514370929,0.7693590257989413
2020-08-13,190.59793522467223,180997.0,166365.0,14632.0,0.867839976151677,0.9152701180958812,0.7692697549824478
2020-08-14,174.01195012923262,181301.0,167895.0,13406.0,0.8472647795548531,0.880491973478449,0.7785539198977833
2020-08-15,164.64389459975382,171407.0,158001.0,13406.0,0.8583414208123133,0.8945688486285591,0.7833966993819863
2020-08-16,167.69882545976645,156710.0,143304.0,13406.0,0.8457427680218347,0.8774869541157698,0.7801961409436201
2020-08-17,177.275939241947,157456.0,144050.0,13406.0,0.8655183838359574,0.9022525912977416,0.790024731881555
2020-08-18,168.2352944940768,177438.0,164032.0,13406.0,0.8556697787527847,0.8982346289528941,0.76806865672417
2020-08-19,162.23658360019002,181046.0,167686.0,13360.0,0.8557579547513305,0.8984351094025331,0.7676221974166177
2020-08-20,154.26625006631403,181862.0,168502.0,13360.0,0.8617171892990654,0.8932252556125733,0.7991073080661214
2020-08-21,147.46784345177386,180597.0,167237.0,13360.0,0.8711707139832863,0.8935360882395355,0.8290209472922102
2020-08-22,150.9127005927452,168909.0,155549.0,13360.0,0.8638335291331027,0.8883192000478339,0.8157404895767674
2020-08-23,159.9008861210855,152669.0,139309.0,13360.0,0.8658080820213462,0.8894903546628118,0.8206192142391109
2020-08-24,150.57824533715353,176255.0,162849.0,13406.0,0.8923152343753915,0.9293101924521278,0.816312229063072
2020-08-25,149.475212452393,179543.0,166137.0,13406.0,0.8920547521084858,0.9295127299223519,0.816312229063072
2020-08-26,149.18991617709972,176714.0,164464.0,12250.0,0.888587967200553,0.9240527884954705,0.8169988027971955
2020-08-27,148.84085745500923,176425.0,165045.0,11380.0,0.89974728669135,0.9343649283487563,0.8307415108564634
2020-08-28,153.83121645700643,175061.0,166168.0,8893.0,0.8930789484483869,0.9197074333695605,0.8408486021152849
2020-08-29,152.91984615893605,167149.0,157583.0,9566.0,0.8717403261275383,0.8938816532250974,0.8289341873052982
2020-08-30,149.1841200798619,151762.0,134444.0,17318.0,0.8334692615136073,0.8518137325590802,0.7973607075321655
2020-08-31,138.7829713063079,173022.0,159685.0,13337.0,0.8692900405081992,0.9045040395052002,0.797371034166034
2020-09-01,160.1491236544473,175950.0,158632.0,17318.0,0.8847761939508957,0.9215939719866675,0.8103370580769889
2020-09-02,171.43334714865136,176285.0,158967.0,17318.0,0.8808414835189584,0.9155583087422372,0.8103370580769889
2020-09-03,170.12946933331818,175886.0,162408.0,13478.0,0.8819243193451918,0.9311211898456067,0.777619010983232
2020-09-04,166.0269692540897,176603.0,163125.0,13478.0,0.8621909645335576,0.9028893512054034,0.7781862625521454
2020-09-05,164.71396186189918,167356.0,150038.0,17318.0,0.8801621429007555,0.9161928703993547,0.8103267314431203
2020-09-06,161.22648643149213,148202.0,134957.0,13245.0,0.8751932924590682,0.919516918322389,0.7866980964864955
2020-09-07,164.4625979370509,174236.0,156918.0,17318.0,0.8697388138460322,0.9017704416783614,0.807930510947199
2020-09-08,164.1860324752925,176060.0,160074.0,15986.0,0.8589074336943593,0.8990136889457894,0.7759228654698535
2020-09-09,155.51300660708185,175660.0,158455.0,17205.0,0.8410551532484837,0.8778514240560126,0.765981342723974
2020-09-10,146.46852228239845,176814.0,168928.0,7886.0,0.8663193891840005,0.8997581631301211,0.7994087148333395
2020-09-11,146.87677175988713,175784.0,166424.0,9360.0,0.8688838862298178,0.8972591919113759,0.8123373351885497
2020-09-12,151.57821568643644,167073.0,153595.0,13478.0,0.8554260167337799,0.8740110803551435,0.8214339612577222
2020-09-13,141.56322032547476,150918.0,145432.0,5486.0,0.8544589297707739,0.8776995982184205,0.809741284483639
2020-09-14,142.55314684381077,174359.0,168873.0,5486.0,0.8398210012041355,0.8667965686188304,0.7870086229832165
2020-09-15,152.0459631210802,176189.0,162776.0,13413.0,0.8210409427678188,0.8332684116672587,0.7990521224704709
2020-09-16,158.10555875816183,177962.0,164484.0,13478.0,0.786616028994119,0.7985712250762353,0.7652347140769366
2020-09-17,144.23735422696012,179732.0,166479.0,13253.0,0.8231824860843776,0.8442870692454784,0.7823250473073668
2020-09-18,161.06236725524477,178464.0,164986.0,13478.0,0.8113493535685761,0.8265051966713586,0.7830080687600949
2020-09-19,159.7535832618096,170666.0,154361.0,16305.0,0.7893441811192106,0.8222188320313828,0.7213031656405392
2020-09-20,150.51707744920742,152729.0,139204.0,13525.0,0.7884619982373848,0.8200874083036424,0.7228775782223357
2020-09-21,160.1310393085103,176691.0,162698.0,13993.0,0.7872564328161457,0.8215381071128354,0.7162752465870068
2020-09-22,169.4878745469539,179474.0,163604.0,15870.0,0.8164752861948817,0.8198264026890173,0.814955584090674
2020-09-23,156.12094442023664,176986.0,162879.0,14107.0,0.8208116503863143,0.8278741979316514,0.8109225050364701
2020-09-24,145.87512348931898,179290.0,166765.0,12525.0,0.8412474213183032,0.8282207887674673,0.8768178128091891
2020-09-25,133.2724155864292,179945.0,175625.0,4320.0,0.8430557764659866,0.8266762246600332,0.8857990095159444
2020-09-26,147.91270574921262,171133.0,166813.0,4320.0,0.8287935033757087,0.8109706022078587,0.8742971140530444
2020-09-27,131.67097211470676,150924.0,146158.0,4766.0,0.8168417818002376,0.801017584831954,0.8581382331340862
2020-09-28,133.08992868565954,175434.0,170668.0,4766.0,0.8580255083593985,0.8508069105762608,0.8803955442282411
2020-09-29,122.44708793470042,179848.0,175082.0,4766.0,0.8523810453257422,0.8497883377825924,0.8641981783492607
2020-09-30,142.4770304202185,179954.0,173162.0,6792.0,0.8139625667003985,0.7997367375148162,0.8509280472676866
2020-10-01,148.26664053970651,180172.0,173395.0,6777.0,0.8126026342841299,0.8061869175368808,0.8325840425372751
2020-10-02,144.4088992397393,179057.0,173537.0,5520.0,0.8356185594372116,0.8418010830827339,0.8283654123954639
2020-10-03,141.00675462335153,169548.0,164062.0,5486.0,0.821957881010399,0.8208461569178064,0.8307816487767951
2020-10-04,119.73709102119271,150099.0,144613.0,5486.0,0.8206297106917483,0.8180956558657879,0.8323785669169127
2020-10-05,149.62575255815278,175830.0,170344.0,5486.0,0.825409056173676,0.8257231562078481,0.8307919554983356
2020-10-06,143.73041066012132,179058.0,173572.0,5486.0,0.8519402187575429,0.8647599237073798,0.8307805937580547
2020-10-07,157.22208355050103,178234.0,172748.0,5486.0,0.8479829960656269,0.8591671737297922,0.8308601259400217
2020-10-08,161.92205982483677,178405.0,172919.0,5486.0,0.8306778792401235,0.8386607935274125,0.819528575340844
2020-10-09,157.11562386149646,179490.0,170412.0,9078.0,0.8245709330840005,0.8271859403599823,0.8249439597160452
2020-10-10,135.3020744878666,167554.0,162068.0,5486.0,0.8444968898536171,0.844624693980975,0.8507420865459735
2020-10-11,146.5520652813585,148636.0,143150.0,5486.0,0.8467492841454364,0.8425922255752922,0.8627438472930167
2020-10-12,186.33712813613937,154239.0,138182.0,16057.0,0.8181640165032675,0.8148935767274623,0.8310320389101059
2020-10-13,203.08974753361986,176607.0,156165.0,20442.0,0.8233711691885559,0.8094885863491879,0.8593389685855667
2020-10-14,204.53067815458778,179445.0,158253.0,21192.0,0.8388982449920227,0.8367325741653879,0.8492012209650727
2020-10-15,196.10346938326876,180273.0,160687.0,19586.0,0.8347579853280763,0.8337070670502438,0.8430633503690643
2020-10-16,192.04348271063702,179242.0,159154.0,20088.0,0.8367694602772078,0.8348008153069116,0.8472372630022132
2020-10-17,201.39495256426983,171698.0,150122.0,21576.0,0.8179725566549185,0.8165954359490216,0.8269219032927622
2020-10-18,195.9758289463986,154119.0,132543.0,21576.0,0.8115314680552091,0.8150991064156385,0.8088891983610528
2020-10-19,207.09313538809226,177213.0,156163.0,21050.0,0.8327465028539036,0.8387577756285245,0.824943905465127
2020-10-20,228.7230698975548,179413.0,159430.0,19983.0,0.8144767273778549,0.8175923206608586,0.8125677240876036
2020-10-21,262.10159854615847,181581.0,150878.0,30703.0,0.7850232658992826,0.7751764325566073,0.8112205463114273
2020-10-22,293.47961900133856,182284.0,146325.0,35959.0,0.7635524379250348,0.744336556038844,0.8095706202515017
2020-10-23,322.79937109017425,183090.0,147275.0,35815.0,0.784968438493332,0.7708141383285269,0.8207169120145054
2020-10-24,291.8472394337814,175268.0,131695.0,43573.0,0.7953675522298161,0.7856803208846938,0.8212890290075368
2020-10-25,223.57393340121794,155509.0,129747.0,25762.0,0.7967501557389426,0.7885432760375285,0.8200527085040822
2020-10-26,238.82485175929756,179026.0,149166.0,29860.0,0.798134099133847,0.7917069651662412,0.8174005262214492
2020-10-27,232.515342948824,180143.0,152538.0,27605.0,0.799229822197009,0.7883707779063807,0.828393131813555
2020-10-28,231.07594291314203,180870.0,153710.0,27160.0,0.8028905867768843,0.7943872925104395,0.8269937787838021
2020-10-29,218.14734849280455,182060.0,159427.0,22633.0,0.7951682670927808,0.7850332990992449,0.8224398148777273
2020-10-30,190.42796164495667,182558.0,167048.0,15510.0,0.8018964524803857,0.7959737722331061,0.8201830547892817
2020-10-31,169.60089518991754,172180.0,155547.0,16633.0,0.8066854140871476,0.8039233789514286,0.8180939744020314
2020-11-01,182.2334827303027,153917.0,140219.0,13698.0,0.816761166089865,0.8218164038529182,0.8114531140700821
2020-11-02,185.76230625,157280.0,141155.0,16125.0,0.8083130969119721,0.799987338076865,0.8326618056539686
2020-11-03,221.6700716763328,179320.0,157321.0,21999.0,0.8055797703576825,0.7972038399626707,0.8292994073471833
2020-11-04,226.30363225520406,182693.0,159352.0,23341.0,0.7890273863230469,0.7697674049880293,0.8360450853750946
2020-11-05,231.22377752487773,182593.0,154740.0,27853.0,0.7498459444289364,0.7225638419253552,0.8136958806282303
2020-11-06,241.3929336377389,181118.0,154706.0,26412.0,0.7374653443751081,0.710245640274893,0.80110979210629
2020-11-07,205.69311524140443,170378.0,148795.0,21583.0,0.7358503046283714,0.6963509525126592,0.8261076310107619
2020-11-08,208.48734022953806,152393.0,130810.0,21583.0,0.7848292406928824,0.7659861725498072,0.8315617362201744
2020-11-09,214.6122216026223,177247.0,149112.0,28135.0,0.7827288671975443,0.7634424490447861,0.8308601992937554
2020-11-10,219.1367746081591,181515.0,153419.0,28096.0,0.7936344458151613,0.7795479022171955,0.8303991407810623
2020-11-11,221.30010670055657,182552.0,154456.0,28096.0,0.7810207988778131,0.7611499855835604,0.8305770931894702
2020-11-12,199.32834572008068,181931.0,163361.0,18570.0,0.7964658487960741,0.7956307718731791,0.8059306846249766
2020-11-13,199.87547420961943,181653.0,161165.0,20488.0,0.7874396084474578,0.7871830415815211,0.7954962024956046
2020-11-14,152.0656053680084,169113.0,150085.0,19028.0,0.8108661237559966,0.82368909527042,0.7906731260155421
2020-11-15,120.12258220514335,148852.0,141556.0,7296.0,0.8137223625726075,0.8283860239333796,0.7893951041733399
2020-11-16,118.5919551146159,152553.0,145152.0,7401.0,0.8365521511530669,0.8538282826328828,0.8069153276556809
2020-11-17,152.41498588697831,177028.0,164603.0,12425.0,0.8398256651069901,0.8511038441833119,0.8223055416968377
2020-11-18,184.87083370016038,180830.0,166010.0,14820.0,0.8091583117261603,0.7953260943477409,0.847364476299004
2020-11-19,180.11477250460334,179761.0,165425.0,14336.0,0.7989136635302081,0.7911552070400293,0.8221472942502452
2020-11-20,172.0072966879266,178740.0,165385.0,13355.0,0.8082051587026761,0.7959698886571445,0.8431032126456819
2020-11-21,169.2483348144468,169062.0,158980.0,10082.0,0.7842841413998598,0.768991712302348,0.8257337898805199
2020-11-22,130.41414374340744,153582.0,147380.0,6202.0,0.7801151636099849,0.7826336888051013,0.7799946697207024
2020-11-23,163.93020332386365,176000.0,163676.0,12324.0,0.7791316330695096,0.7830844767167164,0.7765883388291694
2020-11-24,191.41751760928344,177520.0,162972.0,14548.0,0.7523539308228077,0.743835739098729,0.7765883388291694
2020-11-25,194.58728941545712,179063.0,166640.0,12423.0,0.7621549129332664,0.7532436652281315,0.7873907897484335
2020-11-26,203.44059461062903,180355.0,165481.0,14874.0,0.7780226079535039,0.7685970530546303,0.8046631990635329
2020-11-27,204.72439576048257,182851.0,165523.0,17328.0,0.7841826402499175,0.7660042665027127,0.8298877340405533
2020-11-28,161.5339036438283,171962.0,154524.0,17438.0,0.7887153816025011,0.7729214515253514,0.829197497560472
2020-11-29,151.3743427667582,153313.0,143887.0,9426.0,0.8031486955275373,0.7944745653619024,0.8285552730231895
2020-11-30,141.31219784940228,179020.0,170507.0,8513.0,0.8061865977101886,0.8000881645018295,0.827503543239862
2020-12-01,130.6027958566961,182270.0,174358.0,7912.0,0.8157999141700454,0.8060942979139482,0.8436566917079422
2020-12-02,123.02450896544185,182938.0,175058.0,7880.0,0.8248686261144259,0.8190390626190719,0.8443921824617003
2020-12-03,121.22112562249173,182396.0,174860.0,7536.0,0.817568692276817,0.8276691744308876,0.8014106181864544
2020-12-04,117.73327616673365,181631.0,175855.0,5776.0,0.8151166299820731,0.8307067903080013,0.7867012633294889
2020-12-05,107.9926319813432,169804.0,164025.0,5779.0,0.768137703854735,0.8473148662701608,0.5958596215280556
2020-12-06,110.3751894708358,153733.0,142405.0,11328.0,0.7700294127362103,0.8259557114066342,0.6493060502040283
2020-12-07,133.48460102784452,177809.0,169891.0,7918.0,0.7806139995701054,0.8459140677483232,0.6395352887164364
2020-12-08,119.19953282818042,157840.0,152064.0,5776.0,0.7682126129098371,0.8244260221278831,0.6469364195934882
2020-12-09,136.38705127490326,180649.0,172875.0,7774.0,0.7610408449929768,0.8285869440331274,0.6145875655363728
2020-12-10,133.77060299030563,181239.0,173364.0,7875.0,0.8162348224684952,0.828719571815966,0.7933444820496272
2020-12-11,142.78581229024869,182037.0,172384.0,9653.0,0.8282041923568936,0.8455583175352395,0.795492522044137
2020-12-12,147.9757519737057,171292.0,159753.0,11539.0,0.8079777972007333,0.8213519152917342,0.7834005618616131
2020-12-13,166.06921666382416,157138.0,145502.0,11636.0,0.8112318559839089,0.8255057295202186,0.7846707407154316
2020-12-14,164.403098612963,180745.0,161312.0,19433.0,0.8237262423684362,0.836460198182545,0.8009186947424596
2020-12-15,188.79338709371945,182897.0,161475.0,21422.0,0.8417498278647242,0.861271558975838,0.8041802666406846
2020-12-16,194.7945265742609,183394.0,162114.0,21280.0,0.8563210964711918,0.8667106170225488,0.8390449164515029
2020-12-17,198.76468331623065,185741.0,164069.0,21672.0,0.8559720541883458,0.8587264529040464,0.8557383770968319
2020-12-18,209.2494259035695,184983.0,163311.0,21672.0,0.8680925486489788,0.8730319795627182,0.8634009063688598
2020-12-19,208.51856089963786,175893.0,154133.0,21760.0,0.8673825211294155,0.8728542143687035,0.8615536133365703
2020-12-20,204.48827640637867,159093.0,129416.0,29677.0,0.8914520942313662,0.9090223236739273,0.8600483936230476
2020-12-21,216.64381780919905,180345.0,149097.0,31248.0,0.8925466700169091,0.9087032842449332,0.8636274985837986
2020-12-22,205.23253197966628,181177.0,151329.0,29848.0,0.8596945542368474,0.8574452108034342,0.870344339240916
2020-12-23,214.19828977209278,182311.0,152634.0,29677.0,0.8698481026853313,0.8794974740635746,0.8553568827385287
2020-12-24,213.24982819637117,172286.0,144069.0,28217.0,0.8437500937008445,0.8398422066449304,0.8581569151088452
2020-12-25,197.90207213780928,150701.0,128924.0,21777.0,0.8665840400126094,0.8673470838301379,0.8707975236707939
2020-12-26,196.2042379467694,169489.0,150096.0,19393.0,0.8755564330951983,0.88592039577889,0.859233228129805
2020-12-27,156.70803521989396,154097.0,138479.0,15618.0,0.8781367044848273,0.8852889116725345,0.8704009872946508
2020-12-28,192.20962360258616,178333.0,160041.0,18292.0,0.8612068979333687,0.8595742897305941,0.8703938714863351
2020-12-29,185.93323210797723,178408.0,156627.0,21781.0,0.8798869059388932,0.8872231523264525,0.8700772153748721
2020-12-30,183.98028893146983,176083.0,155163.0,20920.0,0.8809743146174345,0.8894719626332579,0.8718994359957318
2020-12-31,153.25252099945803,160527.0,143709.0,16818.0,0.8788054640992085,0.8860066404752441,0.8718994359957318
2021-01-01,156.04952138058053,135740.0,126224.0,9516.0,0.8672081092427815,0.8858284356311207,0.8369207929141086
2021-01-02,147.7546926500154,155984.0,146979.0,9005.0,0.8675426131388118,0.8854216127303913,0.8369207929141086
2021-01-03,151.52134121086814,152593.0,142926.0,9667.0,0.8766418208117867,0.8850142036295168,0.8669940114914624
2021-01-04,164.55795870128992,177992.0,166682.0,11310.0,0.8763057301396693,0.8844529169905423,0.8669859189123573
2021-01-05,173.7181323320302,175984.0,160513.0,15471.0,0.8778649598131475,0.885275355794178,0.8690414340050174
2021-01-06,179.08793408310657,173079.0,156142.0,16937.0,0.8685882885950169,0.8841105761057786,0.8413965024600186
2021-01-07,174.15892745063084,173337.0,160292.0,13045.0,0.8754616402044959,0.8853279672572046,0.8609569474791616
2021-01-08,172.79499879429284,169892.0,154416.0,15476.0,0.8740496643044051,0.8834401096897712,0.8595731164522133
2021-01-09,156.83618322814831,154965.0,144074.0,10891.0,0.8759393415161929,0.8831715567482774,0.8653237105578097
2021-01-10,162.34789395129826,148660.0,137227.0,11433.0,0.8666001908719858,0.8828869565778105,0.8356347737126711
2021-01-11,157.09186299651944,148252.0,135793.0,12459.0,0.8598254403902881,0.8876743066131583,0.8048858963875971
2021-01-12,134.90835993823563,171620.0,164223.0,7397.0,0.8499900715349658,0.8733663334705042,0.8033419909794275
2021-01-13,133.0009267340412,173854.0,168057.0,5797.0,0.8704022453836389,0.8867874590685748,0.8391801660372262
2021-01-14,131.45468686164935,175366.0,167983.0,7383.0,0.8455888152527834,0.8497666483772222,0.840793309902445
2021-01-15,145.34763218828022,177034.0,168022.0,9012.0,0.8339687662534837,0.8262122434622474,0.8549416114232411
2021-01-16,141.58848705130143,165395.0,155758.0,9637.0,0.8502242209729612,0.8445509969070718,0.867422206164296
2021-01-17,157.54276548627647,152876.0,140951.0,11925.0,0.8433013098992547,0.8337410161505229,0.8690899129440371
2021-01-18,170.7782490483691,177758.0,159045.0,18713.0,0.8351069986561281,0.8271724341233307,0.8567792643793904
2021-01-19,177.5753958244102,181457.0,159558.0,21899.0,0.8388020449701011,0.8394181865587107,0.8419479414058663
2021-01-20,190.86447216845687,182563.0,161241.0,21322.0,0.8529852544888427,0.8538080540625291,0.8561856862121386
2021-01-21,201.22104469181215,184579.0,162681.0,21898.0,0.8302731186545648,0.8205935756117297,0.8561856862121386
2021-01-22,221.26175299317953,184446.0,162572.0,21874.0,0.8283523695968397,0.8185729251631172,0.8545703023949243
2021-01-23,235.77307918250818,174436.0,139674.0,34762.0,0.8371586562189967,0.8308258711375833,0.8560674136905978
2021-01-24,223.45126178819785,156599.0,130372.0,26227.0,0.8423811897889943,0.8394114334403849,0.854316880264162
2021-01-25,246.4299104769493,181990.0,146292.0,35698.0,0.843883526084142,0.842081117282874,0.8534941278940724
2021-01-26,244.32780892023598,184281.0,148583.0,35698.0,0.8355342947551793,0.8506177011786353,0.8074517776666945
2021-01-27,233.22386940629428,184199.0,148544.0,35655.0,0.8477331929765548,0.8700087115226403,0.8043802398490133
2021-01-28,229.29987925701556,184055.0,153848.0,30207.0,0.8149472210459083,0.8225649723386401,0.8023444343086398
2021-01-29,222.4592295120232,184435.0,160726.0,23709.0,0.8153282967074222,0.8164378387202664,0.8172077597905065
2021-01-30,221.14978155869792,174248.0,146441.0,27807.0,0.8169556880507518,0.8168110624174191,0.822041282370352
2021-01-31,216.47667145980932,156952.0,135697.0,21255.0,0.8324788092618739,0.831554289167842,0.839472529648489
2021-02-01,236.77526102972368,181505.0,152958.0,28547.0,0.7954494744656976,0.8095319953901221,0.7680187328882582
2021-02-02,259.089188047516,183433.0,148970.0,34463.0,0.7911802902979373,0.7710593867643042,0.8390673449471591
2021-02-03,259.32594372091506,184202.0,149771.0,34431.0,0.7936685690318909,0.7746166690700873,0.8388090015868741
2021-02-04,253.10188630488727,185380.0,151637.0,33743.0,0.8070321375791749,0.7963710693814767,0.8344030699702399
2021-02-05,251.52218145897444,184568.0,150933.0,33635.0,0.7965128333488211,0.7816805273690985,0.833262556807262
2021-02-06,258.4868441544393,173790.0,136567.0,37223.0,0.791016729742086,0.7733290509754732,0.8344251522463741
2021-02-07,261.4411111259145,157321.0,121106.0,36215.0,0.8005715053166426,0.7778852404433099,0.8548735017216087
2021-02-08,279.35536537780666,183361.0,143963.0,39398.0,0.8050288016070476,0.7844229930172757,0.8542852072369038
2021-02-09,291.3246149520164,186522.0,146827.0,39695.0,0.8126232899776277,0.7951725099097134,0.8548433306996377
2021-02-10,298.1700530329951,186634.0,142934.0,43700.0,0.8226912512202847,0.7962009980643672,0.8868666754672221
2021-02-11,296.73981907046095,187792.0,148097.0,39695.0,0.8004524920787657,0.7781356285413816,0.8544712483911484
2021-02-12,297.32473217674755,187748.0,148641.0,39107.0,0.8173768299275274,0.791597568324558,0.8780499425051946
2021-02-13,285.8308266671917,177787.0,138386.0,39401.0,0.8056789079837848,0.7887698853744236,0.846145744963785
2021-02-14,258.4642686426213,160530.0,124315.0,36215.0,0.8186464256772893,0.813065096939918,0.8345869271631086
2021-02-15,293.95987584250236,185679.0,145058.0,40621.0,0.8014579307658892,0.7916768518941886,0.8262954950730692
2021-02-16,283.2681409777041,188196.0,147171.0,41025.0,0.8077915400666069,0.799484891277459,0.8298342925608164
2021-02-17,287.1086634775838,187498.0,147073.0,40425.0,0.8035212396993978,0.7839538115319638,0.8512842825314798
2021-02-18,279.91590957935335,188234.0,153079.0,35155.0,0.7768898051641152,0.7701901984990932,0.7945255529951979
2021-02-19,283.65798307474506,187892.0,155304.0,32588.0,0.7974947566474918,0.7928787087417682,0.8108486420937039
2021-02-20,274.00553633953217,176808.0,145417.0,31391.0,0.7938837549002846,0.7874750425288205,0.8108436793100564
2021-02-21,269.64447445599603,158997.0,130534.0,28463.0,0.7850266439246556,0.7786878290781065,0.8014068917408729
2021-02-22,280.12542356921705,183777.0,146903.0,36874.0,0.8001836297488687,0.7811964725992466,0.8452177231539378
2021-02-23,272.0940615550905,185404.0,152996.0,32408.0,0.8090408736689279,0.799827378712259,0.8325750134111406
2021-02-24,249.44576971583484,185174.0,154287.0,30887.0,0.8134259051090588,0.8034500956092436,0.8403482981602309
2021-02-25,255.65529107546897,185361.0,151066.0,34295.0,0.8167163024047978,0.8079462507224917,0.840057103310109
2021-02-26,274.2943645814873,184403.0,147132.0,37271.0,0.8139304060488154,0.793049292984005,0.8641292109201951
2021-02-27,261.1383546861718,176227.0,137972.0,38255.0,0.8177127882536662,0.7959011654707775,0.8707112660699113
2021-02-28,244.78662868984318,157027.0,124652.0,32375.0,0.8248713267805166,0.7999019726807285,0.8835400169669533
2021-03-01,256.18920501903483,181772.0,147088.0,34684.0,0.8242497684331693,0.8076200303417195,0.8638865485450935
2021-03-02,250.52370566720725,184373.0,154542.0,29831.0,0.812037103651012,0.7902342133369912,0.8629644315197071
2021-03-03,236.83304108080605,186731.0,161741.0,24990.0,0.8143415136727244,0.7935271926523328,0.8630938514530947
2021-03-04,218.66319366178615,187343.0,168757.0,18586.0,0.8062239797879936,0.7856310766972546,0.8552138049649719
2021-03-05,232.77305615399177,184919.0,159382.0,25537.0,0.8036588808252673,0.7916441712360968,0.8336669940990982
2021-03-06,198.77876588065394,173110.0,152504.0,20606.0,0.8214957968247116,0.7952516469293078,0.8839040105296058
2021-03-07,180.6233426383335,157554.0,144933.0,12621.0,0.818066512231301,0.8023201948294802,0.8576878728679694
2021-03-08,221.4403215299793,181375.0,163509.0,17866.0,0.8317148376978328,0.8051028869184748,0.8961820170270286
2021-03-09,210.23164575187644,185456.0,167667.0,17789.0,0.839068821760183,0.8164660836320023,0.8950539585277002
2021-03-10,190.667095608541,183866.0,167745.0,16121.0,0.8433381780761111,0.8229236216445076,0.8925624911946513
2021-03-11,181.84651382820124,185531.0,171598.0,13933.0,0.8168463260909768,0.7873536258237578,0.8865517678215843
2021-03-12,193.90722908633552,184061.0,167645.0,16416.0,0.8095378246296702,0.7784076254087281,0.8832853754699025
2021-03-13,200.47647010663903,176577.0,158767.0,17810.0,0.791852804306877,0.7584022265053912,0.8685250379402154
2021-03-14,168.19519414697615,157563.0,147385.0,10178.0,0.7915938292785768,0.7588739710721952,0.8666142041141309
2021-03-15,188.36162627894007,179336.0,162959.0,16377.0,0.8013232280192164,0.7746579961803198,0.8650751952433912
2021-03-16,197.46551610137243,182377.0,164851.0,17526.0,0.8159500518927078,0.7958143990686453,0.8656243921922191
2021-03-17,191.4721866476768,183607.0,168885.0,14722.0,0.8262433732962228,0.8012632759677871,0.8866923515257723
2021-03-18,193.35177174356195,182781.0,168652.0,14129.0,0.8266899439803657,0.8151691168881132,0.857414136082485
2021-03-19,165.3607332951058,180847.0,172959.0,7888.0,0.8207947369947718,0.793746211681562,0.8856561762095546
2021-03-20,137.3400879134142,170513.0,165806.0,4707.0,0.8379944832176152,0.813545028190536,0.8972851198247301
2021-03-21,124.43944012185082,151825.0,147118.0,4707.0,0.8408248912730797,0.8176876886932951,0.8972851198247301
2021-03-22,130.186969166742,154886.0,150179.0,4707.0,0.8560982688752844,0.8401103932113334,0.8972851198247301
2021-03-23,135.4852515118172,178130.0,173423.0,4707.0,0.869558972033984,0.8597461929231573,0.8972954464585988
2021-03-24,128.8035888185775,181036.0,176329.0,4707.0,0.857550589134858,0.8422026880793856,0.8972954464585988
2021-03-25,137.29847265319643,181140.0,176433.0,4707.0,0.860585250450158,0.8465891138529645,0.8972954464585988
2021-03-26,139.7193390828264,181645.0,176938.0,4707.0,0.8531961478566837,0.8351006901334309,0.8972954464585988
2021-03-27,145.27271870599265,173863.0,173863.0,0.0,0.8585478955902305,0.8348568308730513,0.9148344616197236
2021-03-28,147.48617318418823,155732.0,155732.0,0.0,0.84056342208625,0.8147479676440967,0.9006048480212218
2021-03-29,152.8914732680019,177148.0,177148.0,0.0,0.8574634036852331,0.8343497677475025,0.9136147804541377
2021-03-30,153.28363400470886,177963.0,177963.0,0.0,0.8350891030205789,0.8016324721467001,0.9113374927991799
2021-03-31,157.30934845716408,172332.0,172332.0,0.0,0.8461354552131649,0.8171220782319266,0.9148344616197236
2021-04-01,149.4963019294279,149039.0,149039.0,0.0,0.8591171392699074,0.8362712951857727,0.9148241349858549
2021-04-02,152.96305614854342,143177.0,143177.0,0.0,0.8630327871316446,0.841873170322797,0.9148241349858549
2021-04-03,158.93247811268006,154526.0,152079.0,2447.0,0.8621797164881566,0.840710149234833,0.9148241349858549
2021-04-04,158.2448912940816,150261.0,149089.0,1172.0,0.8645619213954546,0.8441246185302556,0.9148241349858549
2021-04-05,170.53528692146767,177341.0,172105.0,5236.0,0.838959238453247,0.8303327946154,0.8644453670654861
2021-04-06,162.63340306286676,183547.0,179707.0,3840.0,0.8196409394932029,0.8047511668313889,0.8568752126310832
2021-04-07,166.7242745766758,182626.0,178044.0,4582.0,0.8171244965097008,0.8021326840580526,0.8550525172097904
2021-04-08,149.0081647241725,183448.0,180285.0,3163.0,0.8268165450165487,0.8039692491127861,0.8825942228094038
2021-04-09,165.0159362603878,181944.0,178495.0,3449.0,0.8092284333795262,0.7775345839772542,0.8825942228094038
2021-04-10,138.69992791611674,170475.0,165768.0,4707.0,0.8223436950780961,0.8053014341686996,0.8650448810144105
2021-04-11,133.30526397388965,154881.0,150174.0,4707.0,0.8135553078712535,0.8052548635826524,0.8351510494677187
2021-04-12,147.57800058014234,177715.0,173008.0,4707.0,0.813664737933652,0.8054632944575282,0.8351613561892594
2021-04-13,153.48545708296166,179360.0,174653.0,4707.0,0.8263774418993346,0.8118593794187052,0.8633952807875569
2021-04-14,150.97764468916003,178838.0,172366.0,6472.0,0.8362232367238237,0.8250368426791223,0.865055207648279
2021-04-15,152.1581193005153,182420.0,177713.0,4707.0,0.8328950079568221,0.8213958070276018,0.863403396316329
2021-04-16,164.84011793476594,182604.0,174657.0,7947.0,0.8334278861503017,0.8252738140877963,0.8574281347594821
2021-04-17,163.48132000302456,171926.0,164771.0,7155.0,0.8040527854424191,0.7826614600369775,0.8563282262843568
2021-04-18,162.35513991441854,154239.0,146166.0,8073.0,0.8137751869788836,0.7951920743395576,0.8594506100682566
2021-04-19,180.26272381936874,181674.0,168966.0,12708.0,0.8308116329739376,0.8213805658238281,0.8563385529182255
2021-04-20,172.06235510717005,183820.0,173428.0,10392.0,0.8210281404441617,0.8131239367794868,0.842619527130862
2021-04-21,192.81392419510186,184601.0,168351.0,16250.0,0.7809608440278433,0.753531123124306,0.8442393157556136
2021-04-22,184.55615355393624,185673.0,170997.0,14676.0,0.7936782775691277,0.7663945525592912,0.8563385529182255
2021-04-23,182.42968982534344,183503.0,169935.0,13568.0,0.8098904662102091,0.7902164441450916,0.8563385529182255
2021-04-24,178.55930442703635,174121.0,161619.0,12502.0,0.8042426350602088,0.7825092311867856,0.855058441545794
2021-04-25,183.56819311233696,158434.0,141882.0,16552.0,0.840017124505523,0.8350000835335207,0.8550178639019332
2021-04-26,190.1805537048553,183964.0,158112.0,25852.0,0.8558416401459715,0.8380738239945789,0.9000937018952032
2021-04-27,187.2750865216696,187590.0,166731.0,20859.0,0.8343910557891246,0.8272214274325255,0.8542815419764364
2021-04-28,193.53449551562215,186978.0,166224.0,20754.0,0.8402386562046406,0.821065666433359,0.8872224732625789
2021-04-29,190.07614908329035,186144.0,165661.0,20483.0,0.8677811238639929,0.8609371317930339,0.8885787917285451
2021-04-30,172.8992788424332,182970.0,167417.0,15553.0,0.8723934449726715,0.868149078903712,0.8869465452843259
2021-05-01,144.44155403573654,163866.0,159159.0,4707.0,0.8679888881872591,0.858040936700936,0.8956360854065263
2021-05-02,128.03465726961105,156366.0,151659.0,4707.0,0.8724597974686087,0.8639364102889336,0.8955792767051213
2021-05-03,162.72683337514505,180970.0,171674.0,9296.0,0.841243830925951,0.8422368794251276,0.8424166389115583
2021-05-04,152.89681060721685,182933.0,172872.0,10061.0,0.8468123265565655,0.8508932517811691,0.8440197731458081
2021-05-05,162.02337537625442,179865.0,173847.0,6018.0,0.836875340367853,0.8362862432894739,0.8440197731458081
2021-05-06,119.95080189887005,175141.0,170434.0,4707.0,0.8409093304742487,0.8462435122298936,0.8353031184157546
2021-05-07,110.78985890062803,170370.0,170370.0,0.0,0.8478730593717434,0.8505973672579081,0.8484838062118525
2021-05-08,110.18046134961659,163276.0,163276.0,0.0,0.849227039813969,0.8505308335414344,0.8528421335768792
2021-05-09,105.0244441098032,149686.0,149686.0,0.0,0.8709959868661072,0.8821299523653762,0.8528318069430106
2021-05-10,101.89573166240875,169489.0,169489.0,0.0,0.85505332586028,0.8756924489214504,0.8156110473771585
2021-05-11,97.60997370721307,168860.0,168860.0,0.0,0.8584244906696898,0.8796113434417686,0.8171786562951485
2021-05-12,96.35423606386523,168104.0,168104.0,0.0,0.8560412454285304,0.8774866610156973,0.8142476385434378
2021-05-13,92.87791945596982,172325.0,171653.0,672.0,0.8780467354718623,0.9007252468195711,0.8334735966673757
2021-05-14,90.90965815412801,174660.0,173988.0,672.0,0.8748439013617222,0.8873758892639935,0.8528421335768792
2021-05-15,91.06668120773472,165591.0,165591.0,0.0,0.8594094375667504,0.8659083235168302,0.850579462390562
2021-05-16,91.03567517199872,149536.0,149536.0,0.0,0.8646992784688899,0.8734597160558197,0.8512706150510607
2021-05-17,90.39860932439316,151153.0,151153.0,0.0,0.890746802248329,0.9107575999630162,0.8528318069430106
2021-05-18,90.9789020682785,174169.0,174169.0,0.0,0.8609471887061163,0.8752923737913705,0.8352912046496137
2021-05-19,91.12344614691978,175361.0,175361.0,0.0,0.8641334153154155,0.8797689040101073,0.835696981088221
2021-05-20,90.75417773898124,176018.0,176018.0,0.0,0.8417551623304792,0.8566939773193427,0.8153351193989055
2021-05-21,90.56434079604546,177113.0,177113.0,0.0,0.8537842452219517,0.8779788185904379,0.8079578666833194
2021-05-22,89.4234888194502,169006.0,169006.0,0.0,0.8407293290209045,0.8644910018802041,0.7946302143083914
2021-05-23,90.79034416232899,152924.0,152924.0,0.0,0.8475430673121129,0.8232116555100866,0.9080589701207387
2021-05-24,89.61838151365212,177042.0,177042.0,0.0,0.8706576403966874,0.8610285998184751,0.898470596140774
2021-05-25,98.12172817808633,178318.0,177646.0,672.0,0.8571270529528365,0.8360140725642929,0.9104110845925322
2021-05-26,112.49114089325444,179333.0,178661.0,672.0,0.8612118409112558,0.8420992803961946,0.9099622419235965
2021-05-27,97.88227062378125,180512.0,179840.0,672.0,0.8732399081020612,0.8618907257892263,0.9063031984268389
2021-05-28,90.77440596727531,180781.0,180781.0,0.0,0.86146453326443,0.843251512560735,0.9090840714843748
2021-05-29,90.79454324640288,173472.0,173472.0,0.0,0.8465681796024536,0.8247300169056893,0.9011539484819686
2021-05-30,90.93096950754475,155141.0,155141.0,0.0,0.8385407997404104,0.8140106223048506,0.9011295548586569
2021-05-31,89.86584651701604,176745.0,176745.0,0.0,0.867502946923332,0.8699983380704178,0.8705014906130085
2021-06-01,89.57133319714548,180486.0,180486.0,0.0,0.871718073828817,0.8761088552172592,0.8705014906130085
2021-06-02,89.49233411145964,180442.0,180442.0,0.0,0.8704031250907612,0.8740453414182696,0.8705014906130085
2021-06-03,88.93404473105466,180427.0,180427.0,0.0,0.8567144033193824,0.8540814854607495,0.8705014906130085
2021-06-04,88.91204908473699,181609.0,181609.0,0.0,0.8652817093072936,0.8563830315696213,0.8929354928520179
2021-06-05,89.61396881154901,168707.0,168707.0,0.0,0.8489240362709787,0.8296394527051786,0.8988202918518142
2021-06-06,89.5235474722075,152829.0,152829.0,0.0,0.8528799161101165,0.8348722493683913,0.8988202918518142
2021-06-07,89.5676416546223,154706.0,154706.0,0.0,0.8539464417893093,0.8366086983455739,0.8988202918518142
2021-06-08,96.56459159861052,176178.0,175506.0,672.0,0.8429189400544714,0.8476028968381287,0.8385295816591176
2021-06-09,103.39709031591327,178530.0,173147.0,5383.0,0.8288013529120607,0.8267003176588089,0.8385295816591176
2021-06-10,89.00674428777698,180070.0,180070.0,0.0,0.8297822291734706,0.8278152681275922,0.8388336888297371
2021-06-11,88.77235764977786,178264.0,178264.0,0.0,0.8430631085463401,0.8481840264811026,0.8385295816591176
2021-06-12,88.4647449563099,169947.0,169947.0,0.0,0.8652633334631699,0.8691831516088707,0.8637585239451059
2021-06-13,87.69459354494256,153774.0,153774.0,0.0,0.8703576696938554,0.9005075369336927,0.8105560315022504
2021-06-14,87.01053485635363,147341.0,147341.0,0.0,0.875477939378332,0.9081655910471993,0.809525455816789
2021-06-15,88.00199306434395,176116.0,176116.0,0.0,0.8914064987578018,0.9274059132479734,0.8184173972265667
2021-06-16,88.22597969248172,179469.0,179469.0,0.0,0.8811040891228553,0.9036380395849003,0.8376512004165538
2021-06-17,88.48349595708784,180182.0,180182.0,0.0,0.8819098167464788,0.9056312667764201,0.83593380947845
2021-06-18,89.2919794902477,179342.0,179342.0,0.0,0.8937676549546522,0.9223954014686832,0.8387816491000054
2021-06-19,87.98812915489667,171198.0,171198.0,0.0,0.8955289119587585,0.9253901499945364,0.8376490092237854
2021-06-20,88.28121047554541,155022.0,155022.0,0.0,0.8933145020129791,0.9220095902073768,0.8357696243002488
2021-06-21,88.74379131363038,176488.0,175816.0,672.0,0.8925440329967269,0.9204877466577146,0.8378524655301031
2021-06-22,88.56845667896414,181067.0,181067.0,0.0,0.889975401394837,0.9166877397058204,0.837682039425888
2021-06-23,89.72523448493126,181568.0,180896.0,672.0,0.8929254453519658,0.907864136262954,0.866537613528132
2021-06-24,89.61318584953484,180693.0,180693.0,0.0,0.8994635375079313,0.9168848604262373,0.8681629552581919
2021-06-25,89.31568044048356,182731.0,182731.0,0.0,0.9024356754054976,0.9196212417366854,0.8714929553964046
2021-06-26,88.93520267639623,174040.0,174040.0,0.0,0.9125389799628061,0.921406111858094,0.9007636505089811
2021-06-27,87.81285792271146,157436.0,156764.0,672.0,0.9120475423224578,0.92151041675797,0.899072359292702
2021-06-28,89.74103816614041,178307.0,178307.0,0.0,0.9041440563459883,0.9189897880536121,0.8772259994392719
2021-06-29,89.29831217508085,182430.0,182430.0,0.0,0.8907277271693211,0.9000822971503434,0.8772259994392719
2021-06-30,89.75303296883976,182765.0,182765.0,0.0,0.8949112480928751,0.9064602349986473,0.8772259994392719
2021-07-01,88.75100906576291,182352.0,182352.0,0.0,0.8824198927591536,0.8924561335079345,0.8662976561956226
2021-07-02,89.45767713234932,183129.0,183129.0,0.0,0.8922080148491383,0.906581927907518,0.8662976561956226
2021-07-03,89.56411645226757,173446.0,173446.0,0.0,0.8664659576670848,0.8834436152011137,0.8350738183566244
2021-07-04,89.92067886525183,157568.0,157568.0,0.0,0.8789044850568017,0.8887873141247521,0.8646250268624003
2021-07-05,88.69351970362156,158716.0,158716.0,0.0,0.8891560686578465,0.9026194900314127,0.8662873295617539
2021-07-06,91.64866781162439,180947.0,180947.0,0.0,0.8699855125938207,0.8899045878600295,0.8331120018578183
2021-07-07,94.33613644354013,183812.0,183812.0,0.0,0.8666570879275343,0.8848460477974727,0.8324799630778118
2021-07-08,102.3568869128443,184027.0,183355.0,672.0,0.86311894428019,0.8785889060500109,0.8337858350457656
2021-07-09,103.68191536652546,181529.0,181529.0,0.0,0.8536832160288517,0.8652912224666004,0.833122328491687
2021-07-10,94.37840210654879,171940.0,171940.0,0.0,0.851350617320932,0.8610660684850268,0.8331120018578183
2021-07-11,90.18407355787502,153676.0,153676.0,0.0,0.8668028616931518,0.8834212686027019,0.8331120018578183
2021-07-12,90.24165437049902,176767.0,176767.0,0.0,0.8724408063922211,0.8926270377167299,0.833122328491687
2021-07-13,89.8037128669401,181392.0,181392.0,0.0,0.8790541352139009,0.9004593623824907,0.833122328491687
2021-07-14,91.4293900179091,178680.0,178680.0,0.0,0.8625492755313285,0.8794532848301778,0.830252012148675
2021-07-15,94.61190877511325,183021.0,183021.0,0.0,0.851704344666597,0.8756313351619079,0.803435288921327
2021-07-16,92.86973033741876,181377.0,181377.0,0.0,0.8535717202684922,0.8721089735089324,0.8147783237612756
2021-07-17,89.03700361923214,171879.0,171879.0,0.0,0.8598951287373141,0.8823708598255642,0.8147679971274069
2021-07-18,90.43733455428134,158093.0,158093.0,0.0,0.8566479034660188,0.8769936058049101,0.8164431325421667
2021-07-19,95.01881450299241,179454.0,179454.0,0.0,0.856439429006585,0.8769529659666436,0.8147783237612756
2021-07-20,89.84795405336497,158456.0,158456.0,0.0,0.8612100262302589,0.8764001478446781,0.8313719233949158
2021-07-21,91.47504668246341,183582.0,183582.0,0.0,0.8785276462946648,0.9034143716426696,0.8277232065320269
2021-07-22,94.33907134662866,188337.0,188337.0,0.0,0.8873441915660198,0.9142727693599756,0.8313090691588493
2021-07-23,96.92199351664465,186877.0,186877.0,0.0,0.8976861443692781,0.9201954525167715,0.8516910651923673
2021-07-24,88.60884324107485,179857.0,179857.0,0.0,0.9087297143185936,0.920040435245494,0.8873634201030777
2021-07-25,89.6557484801799,161427.0,161427.0,0.0,0.9085756212202523,0.9204116340534736,0.8873634201030777
2021-07-26,89.84991052560831,183749.0,183749.0,0.0,0.9071465994437645,0.9175703287354078,0.8875672694818859
2021-07-27,89.80223493846891,187710.0,187710.0,0.0,0.9060754386561852,0.9172582602267814,0.8875672694818859
2021-07-28,91.52126101812817,189760.0,189760.0,0.0,0.9081491326565231,0.9208888896637331,0.8875672694818859
2021-07-29,89.28343979096982,189542.0,189542.0,0.0,0.9143624581116299,0.9299443281769854,0.8873737467369464
2021-07-30,89.85145102777598,185916.0,185916.0,0.0,0.9110663044996496,0.9248300369256928,0.8873737467369464
2021-07-31,89.8788084805452,178722.0,178722.0,0.0,0.9073512920579929,0.9196331575229888,0.8873634201030777
2021-08-01,88.73000010131179,161383.0,161383.0,0.0,0.9027377017018786,0.9126953169830585,0.8873634201030777
2021-08-02,91.95577186744477,179925.0,179925.0,0.0,0.8971977769765879,0.9185146219525553,0.8551741639654794
2021-08-03,93.80694355426715,182136.0,182136.0,0.0,0.8927159377925787,0.9117763837098473,0.8551741639654794
2021-08-04,107.29804786909538,184241.0,179499.0,4742.0,0.8869033087072177,0.9031929879787102,0.8551741639654794
2021-08-05,100.66945872157149,185861.0,185861.0,0.0,0.8894942658258818,0.9075461895810571,0.8545317985516042
2021-08-06,91.68106904071408,186201.0,186201.0,0.0,0.9020605737518209,0.9207473246529013,0.8648096451736078
2021-08-07,90.20162773221888,171207.0,171207.0,0.0,0.8972674030390333,0.9328773367185091,0.8241351484791064
2021-08-08,89.67363551539373,159383.0,159383.0,0.0,0.8981483154068534,0.934300380734056,0.822610934408998
2021-08-09,90.24203964527509,182564.0,182564.0,0.0,0.8970543282022158,0.9169826763953494,0.8575159518034043
2021-08-10,105.77550807564941,186016.0,181274.0,4742.0,0.8760365430603708,0.8862473955575461,0.8579859356125434
2021-08-11,105.70521819645256,186671.0,186671.0,0.0,0.8856486925546028,0.9005936104714709,0.8575159518034043
2021-08-12,98.31756774808652,187485.0,187485.0,0.0,0.8824419233344387,0.9011402205481643,0.8458866984499316
2021-08-13,92.46757972909417,187113.0,187113.0,0.0,0.8836758009284842,0.9035012594886265,0.8445385442015707
2021-08-14,90.01618566796222,177016.0,177016.0,0.0,0.8896629980305242,0.9121912804846136,0.8454063880069239
2021-08-15,89.63266108701443,157698.0,157698.0,0.0,0.9009533851756155,0.9142925539402783,0.8776059707783908
2021-08-16,88.03361990167798,161205.0,161205.0,0.0,0.9007268701182108,0.9138421877736619,0.8776059707783908
2021-08-17,89.16419812455769,183690.0,183690.0,0.0,0.8897719882690321,0.9010343734945856,0.8713959234677715
2021-08-18,89.34183008816255,186020.0,186020.0,0.0,0.8764406609957643,0.882793044755273,0.8688345930200412
2021-08-19,88.77110740606452,186165.0,186165.0,0.0,0.8902071760714847,0.8926091690537568,0.8925939821256539
2021-08-20,88.93341121496333,185948.0,185948.0,0.0,0.9048568576567199,0.9115455400584899,0.8971311960616333
2021-08-21,88.69868235646103,176311.0,176311.0,0.0,0.9124102756220581,0.922031676185318,0.8971208694277646
2021-08-22,88.55034128301297,159975.0,159975.0,0.0,0.9105446017185085,0.9193553077183834,0.8971208694277646
2021-08-23,88.58295178677784,181332.0,181332.0,0.0,0.9165291826816294,0.9285871427988811,0.8971311960616333
2021-08-24,89.93497765881513,184932.0,184932.0,0.0,0.9051574459149365,0.9114920229301696,0.8971311960616333
2021-08-25,88.55841083535435,185550.0,185550.0,0.0,0.8920935190391117,0.9075016068975919,0.8624922509589946
2021-08-26,88.29493069275593,184827.0,184827.0,0.0,0.8857175516704281,0.8831976538881822,0.8971311960616333
2021-08-27,88.97117088273335,185560.0,185560.0,0.0,0.8972082243344328,0.9001672588222239,0.8971311960616333
2021-08-28,89.48052063366526,177649.0,177649.0,0.0,0.9064692740025921,0.9084417496782914,0.9100494897829748
2021-08-29,87.75524994864698,159679.0,159679.0,0.0,0.8907677970814231,0.9088656189222917,0.8566312310218359
2021-08-30,88.5974323250088,181952.0,181952.0,0.0,0.8900865005128336,0.9052346019252298,0.8614677187799025
2021-08-31,88.94427893090617,184633.0,184633.0,0.0,0.8778492866840287,0.8893710422561103,0.858605533644661
2021-09-01,90.03555937151147,185429.0,185429.0,0.0,0.8566791479141066,0.8763565038768144,0.8185674665823623
2021-09-02,88.65486971972268,185923.0,185923.0,0.0,0.862247329967802,0.8814534578414577,0.8240885566585809
2021-09-03,88.63102319337011,186549.0,186549.0,0.0,0.8452504036312831,0.871392292659056,0.7930761302216177
2021-09-04,89.92458456029078,176901.0,176901.0,0.0,0.8623986950635733,0.8852997547793415,0.8175000829383192
2021-09-05,91.23424794302024,160478.0,160478.0,0.0,0.8950897557419256,0.9055238458806656,0.8783865667243658
2021-09-06,96.62558423493728,180678.0,180678.0,0.0,0.8797291816567441,0.8977048768255332,0.8448800549279347
2021-09-07,95.20858059945444,181098.0,181098.0,0.0,0.8372124696321398,0.8464340311854255,0.8210230913290751
2021-09-08,96.9571559330347,183498.0,183498.0,0.0,0.8232885738124593,0.8272876190805125,0.8195757363459133
2021-09-09,100.14117723290109,185465.0,185465.0,0.0,0.8250210906989586,0.829518530848157,0.8199172470722773
2021-09-10,98.23377009240623,184836.0,184836.0,0.0,0.8349945534603378,0.8441001697454081,0.8210230913290751
2021-09-11,95.94491907956153,178893.0,178893.0,0.0,0.8482001114893561,0.8633811442494567,0.8194212433982724
2021-09-12,87.79122281839513,160673.0,160673.0,0.0,0.865033119738181,0.8879612184633957,0.8185164839096408
2021-09-13,100.14980494341738,181858.0,181858.0,0.0,0.8304853116103725,0.8509882293841214,0.7887096716488203
2021-09-14,102.40368769766525,182632.0,182632.0,0.0,0.84284410664142,0.8686228759782728,0.7880916998582568
2021-09-15,104.54389768671477,185537.0,182285.0,3252.0,0.8501631050828246,0.8759874072215841,0.7961367168264611
2021-09-16,91.42162588571706,185697.0,185697.0,0.0,0.8415166249139356,0.8629310518522222,0.7973076107454236
2021-09-17,88.73013684780396,186562.0,186562.0,0.0,0.8545880415880023,0.8826230978666194,0.7970035035748042
2021-09-18,92.1660136653459,181459.0,181459.0,0.0,0.867574183787092,0.9010735779811584,0.7969931769409355
2021-09-19,96.35573931888167,164318.0,164318.0,0.0,0.8747130826377034,0.8995748150654512,0.8236310135973309
2021-09-20,114.92969968735946,186796.0,183544.0,3252.0,0.8506473697681294,0.8947253319026831,0.7546317798823512
2021-09-21,146.43696354670683,189105.0,185853.0,3252.0,0.8415343367233518,0.867776374703419,0.7862703093176485
2021-09-22,152.95953847585105,190795.0,187543.0,3252.0,0.8418383816299551,0.8686995579185331,0.7862703093176485
2021-09-23,163.3739798131649,192041.0,188789.0,3252.0,0.8408662648002041,0.871319682409503,0.7766673529406025
2021-09-24,150.8620943092397,191890.0,188638.0,3252.0,0.8487936781687763,0.8868117961292917,0.7677311556007433
2021-09-25,103.141781203751,182031.0,178779.0,3252.0,0.8492057150552258,0.8835439866460205,0.7766570263067338
2021-09-26,89.54086252558267,163685.0,163685.0,0.0,0.8521154831117026,0.8837580530453544,0.7858696847107924
2021-09-27,105.92722486857203,187365.0,184113.0,3252.0,0.855867448937343,0.8889207915538652,0.7862459156943369
2021-09-28,124.97501871216987,189994.0,186742.0,3252.0,0.8508514942113085,0.8678622217052895,0.8171038491836593
2021-09-29,152.2006370447961,189503.0,183044.0,6459.0,0.8324286786097472,0.8411399859050426,0.8166810263795895
2021-09-30,141.25604806146535,190221.0,185606.0,4615.0,0.8491816054588427,0.865386146706632,0.8171038491836593
2021-10-01,141.2158132164499,191758.0,187524.0,4234.0,0.8564064306889843,0.8759325192831037,0.8171038491836593
2021-10-02,111.05606569355602,181658.0,178406.0,3252.0,0.8573837321356609,0.8775701264078272,0.8170935225497906
2021-10-03,91.39307703189445,166079.0,166079.0,0.0,0.8599513480127114,0.8801946515630491,0.8194353103877156
2021-10-04,115.30851428275419,189182.0,185930.0,3252.0,0.855538959786275,0.88183694083206,0.8009227457202202
2021-10-05,108.69135895970089,188292.0,185040.0,3252.0,0.8452677397680465,0.8709264979782114,0.7932956728314231
2021-10-06,122.06241669156434,189576.0,186324.0,3252.0,0.8415496199941538,0.8648685419593644,0.792710225871942
2021-10-07,113.89790854908443,188736.0,185484.0,3252.0,0.8423238836634145,0.8663635353682985,0.792710225871942
2021-10-08,103.55778840087194,190385.0,187133.0,3252.0,0.843238617553699,0.8677345854809563,0.792710225871942
2021-10-09,86.35536611642989,181328.0,181328.0,0.0,0.8543749925671873,0.8835852301222892,0.7917344809394733
2021-10-10,89.02976174171249,164344.0,164344.0,0.0,0.8713686324398887,0.9059926969227159,0.7976214753653676
2021-10-11,102.66350703586897,190248.0,186996.0,3252.0,0.8561986758065648,0.8839355201957417,0.7982069223248489
2021-10-12,112.99443465044737,192117.0,188865.0,3252.0,0.8509689412544342,0.8623484041675795,0.8301788312787397
2021-10-13,132.30641100709337,192574.0,188483.0,4091.0,0.8322927630296652,0.8356070769675843,0.8301788312787397
2021-10-14,121.87798040409506,192232.0,188980.0,3252.0,0.8560718667387137,0.8574552911182742,0.8592560302663068
2021-10-15,114.84695283986679,190354.0,190354.0,0.0,0.8565607682502561,0.8625396659837024,0.8488643467355153
2021-10-16,122.21777227567844,181748.0,179612.0,2136.0,0.8566885119506553,0.8615242892884903,0.851927616638923
2021-10-17,103.36315485039111,164529.0,164529.0,0.0,0.8394654427856046,0.8485470598718089,0.8241188860635652
2021-10-18,89.19438968615363,166419.0,166419.0,0.0,0.8155725771594121,0.8159524712425736,0.8195898033353564
2021-10-19,124.52111217127363,188447.0,185195.0,3252.0,0.8357238381078586,0.8435978794769466,0.8237389147244464
2021-10-20,107.31060804023652,192462.0,188802.0,3660.0,0.8431584110814324,0.8374167949241094,0.8631590099961816
2021-10-21,140.55157548336948,194251.0,188477.0,5774.0,0.8273537024088502,0.8145703911837894,0.8631590099961816
2021-10-22,134.82166519114813,194038.0,189036.0,5002.0,0.821420779190352,0.8054514587773932,0.8631590099961816
2021-10-23,103.9340226263728,187026.0,183774.0,3252.0,0.8299476947316939,0.8146933096953572,0.8707757562511099
2021-10-24,88.36045308131258,167182.0,167182.0,0.0,0.8322091837978882,0.8225068978775371,0.8602214485649069
2021-10-25,108.17882372383987,189267.0,185342.0,3925.0,0.843612337379287,0.8327937739710102,0.8743800767195715
2021-10-26,116.73360789854281,192357.0,188415.0,3942.0,0.8517663808077587,0.8381778597381896,0.8885283782403676
2021-10-27,154.35954104091073,192639.0,188671.0,3968.0,0.8542788490137511,0.829793498400293,0.9161582222447727
2021-10-28,127.70056862169537,191322.0,186934.0,4388.0,0.8434646804186645,0.814000448392025,0.9163533712312665
2021-10-29,106.33567036120246,193105.0,189373.0,3732.0,0.8574579094344759,0.8343650524264109,0.9167274067887129
2021-10-30,85.87688887537192,182158.0,182158.0,0.0,0.8650317591429653,0.8489157021346954,0.9080248190481023
2021-10-31,85.6654764379129,163174.0,163174.0,0.0,0.8721818065242103,0.8487418973389245,0.9332337071021265
2021-11-01,89.44144679296878,165661.0,165661.0,0.0,0.8651915834663699,0.8545096913102681,0.897112738219994
2021-11-02,125.28495617029702,189375.0,186123.0,3252.0,0.8574565881263814,0.8445922373022335,0.8945514077722637
2021-11-03,160.29989091630875,192075.0,186558.0,5517.0,0.8417102533458053,0.8243426736482021,0.8887072648113202
2021-11-04,120.4828572654288,192319.0,189067.0,3252.0,0.8483350171212699,0.8325330208981189,0.8910653150647863
2021-11-05,98.60489706541917,190143.0,190143.0,0.0,0.8534874632039793,0.842285250055916,0.8858532108838493
2021-11-06,91.67195839031339,182520.0,182520.0,0.0,0.851808363056951,0.857667721324655,0.8481791298566891
2021-11-07,91.03662278886873,165300.0,165300.0,0.0,0.8638313760534754,0.8749080977113584,0.845602227420489
2021-11-08,92.5913288243732,188223.0,188223.0,0.0,0.8671550290027736,0.8792135955038456,0.8479048642185877
2021-11-09,130.33940405445318,190953.0,187701.0,3252.0,0.8399378418692318,0.8306926707635034,0.8691923661619463
2021-11-10,135.61889092023898,190820.0,187550.0,3270.0,0.8376562653468138,0.8371517269600198,0.843619717723496
2021-11-11,126.79031895150213,192895.0,189643.0,3252.0,0.8485127862618174,0.8349933437647677,0.8849099907824629
2021-11-12,106.18282269447434,193136.0,193136.0,0.0,0.8641868686246839,0.8614955462821432,0.877014588037237
2021-11-13,94.135637129579,182900.0,182900.0,0.0,0.8490462013533301,0.8398740976492679,0.8770042614033684
2021-11-14,91.67002349085439,164888.0,164888.0,0.0,0.8426489183496343,0.8305407544406872,0.8770042614033684
2021-11-15,91.64258785703564,166545.0,166545.0,0.0,0.8433695483650758,0.8349008208656017,0.8699788978895938
2021-11-16,114.21114771897298,189327.0,189327.0,0.0,0.8512306696300254,0.8463585079519157,0.8682328836450188
2021-11-17,116.18208368566357,192698.0,189338.0,3360.0,0.8448109436558211,0.8343740079994921,0.8752582471587934
2021-11-18,116.97547826784292,193158.0,189906.0,3252.0,0.8443175290500524,0.8447413626812513,0.8530112626985071
2021-11-19,111.99322244760651,193965.0,190713.0,3252.0,0.8660511948319287,0.8757052927104626,0.8514988580531807
2021-11-20,109.99760824244625,184643.0,181391.0,3252.0,0.8610851078384156,0.8671714104454415,0.8530009360646386
2021-11-21,103.91136565285119,166914.0,166914.0,0.0,0.8252530249560579,0.8188375487665306,0.8454318013162738
2021-11-22,128.90442237969077,188722.0,185470.0,3252.0,0.8525954161081027,0.8550428860656353,0.8530112626985071
2021-11-23,138.43408416393822,190279.0,187027.0,3252.0,0.8461363841311469,0.8456529086077234,0.8530112626985071
2021-11-24,141.24062620562933,191568.0,188316.0,3252.0,0.8547178417117708,0.8581783548994583,0.8530112626985071
2021-11-25,127.64697957022229,192681.0,189429.0,3252.0,0.856404328370339,0.8643844851525191,0.8444653633316356
2021-11-26,115.4913361327231,190532.0,187280.0,3252.0,0.8736892374234282,0.8687223420172988,0.8926915566189007
2021-11-27,99.61449812876383,182660.0,182660.0,0.0,0.8673814933877694,0.8581790619535778,0.8928519853482141
2021-11-28,91.77789565633942,160740.0,160740.0,0.0,0.8720079199324225,0.8647631485157133,0.8928519853482141
2021-11-29,125.19435757333785,188852.0,185585.0,3267.0,0.8639710793249981,0.8539332599781535,0.8928623119820828
2021-11-30,110.69818629018337,190004.0,186752.0,3252.0,0.8573678632090869,0.853082064500304,0.8733230197093972
2021-12-01,124.21360033718497,190222.0,190181.0,41.0,0.8370512887891315,0.8581821781268053,0.794230761725039
2021-12-02,108.30245374070914,191183.0,191183.0,0.0,0.8289903579303495,0.8456938432934531,0.7958326096558418
2021-12-03,109.255177305143,191153.0,191153.0,0.0,0.8371550521721008,0.8592409841712428,0.7922874030678722
2021-12-04,113.19082193496853,184034.0,180782.0,3252.0,0.8278360662542649,0.8564002349948568,0.7674953505753968
2021-12-05,119.50495822490257,167557.0,164305.0,3252.0,0.8329254492440431,0.8609629925162646,0.773423001040144
2021-12-06,127.1615130530179,189917.0,186665.0,3252.0,0.8403456762754815,0.8636501529091417,0.7921654349513135
2021-12-07,136.32005770539553,190547.0,187295.0,3252.0,0.8434425576268381,0.867433437629023,0.7929135060662063
2021-12-08,142.35581000992187,169323.0,166071.0,3252.0,0.84412985478516,0.8671797290230805,0.7958326096558418
2021-12-09,168.69581213025037,191677.0,188425.0,3252.0,0.8363263340521607,0.8589247613822228,0.7888072461420672
2021-12-10,202.17310611651402,190741.0,179379.0,11362.0,0.8361997276218278,0.8535835573978986,0.8002071994364097
2021-12-11,223.17226722578354,183295.0,162395.0,20900.0,0.8465142677115165,0.8683911500859761,0.7994351754285162
2021-12-12,249.26840553692855,167499.0,148111.0,19388.0,0.8152791932007353,0.8332583541458661,0.7762004165538609
2021-12-13,306.3844558675383,190908.0,162472.0,28436.0,0.8368852232377675,0.8520029286258135,0.8054599596561995
2021-12-14,358.83268592461945,188802.0,160366.0,28436.0,0.808812123230819,0.8119427227118097,0.8046549700869129
2021-12-15,405.25106566126505,191300.0,163098.0,28202.0,0.8146886623708324,0.820957365395142,0.8035572570378856
2021-12-16,461.9437896076388,191915.0,160095.0,31820.0,0.8182037405383418,0.8262172812128508,0.8046793637102245
2021-12-17,509.1966957876916,193445.0,159369.0,34076.0,0.8364741201867643,0.8627264364096151,0.7816517833039635
2021-12-18,525.4642832523579,184171.0,151205.0,32966.0,0.8562042118348364,0.8955978176037604,0.7720061502074382
2021-12-19,552.5930669964832,168336.0,130324.0,38012.0,0.8802840000552022,0.9322760739427008,0.7683951022320409
2021-12-20,578.1776016554032,189996.0,138511.0,51485.0,0.8593560804867663,0.8962326809240518,0.7811753206540625
2021-12-21,584.2050016499229,191912.0,131973.0,59939.0,0.9016915019442254,0.9347173757460379,0.833541861201004
2021-12-22,572.3229294709612,193861.0,140227.0,53634.0,0.8937906797223129,0.9264765585423405,0.8271355744983198
2021-12-23,574.5218274468085,192700.0,134070.0,58630.0,0.8907756460779603,0.920614296106116,0.8304034278163557
2021-12-24,554.037381602985,178230.0,124748.0,53482.0,0.9006356454392639,0.9348353449142996,0.8305166702580699
2021-12-25,417.844839905324,156217.0,120082.0,36135.0,0.9020949797352655,0.934716599506957,0.8363324785146733
2021-12-26,445.1469321605833,164326.0,125527.0,38799.0,0.8994792417242258,0.9333994598298826,0.8306976459215488
2021-12-27,463.49854856245923,185553.0,145615.0,39938.0,0.9003373487229008,0.9335918644004539,0.8318160422773273
2021-12-28,471.2467475876727,190538.0,152661.0,37877.0,0.8943973079650759,0.9325028775825144,0.8151130358334192
2021-12-29,436.1890820660111,189665.0,152464.0,37201.0,0.8882578002017547,0.9258251374372127,0.8096345145543887
2021-12-31,335.4453404402776,169007.0,134462.0,34545.0,0.8963052319659754,0.935158681087269,0.8133503459248554
2022-01-01,225.9269564428869,149239.0,129820.0,19419.0,0.8959246065198874,0.9340507690895582,0.8148200267877374
2022-01-02,239.27130807277115,155996.0,130759.0,25237.0,0.8973818811885463,0.9319321840061123,0.8257272974575022
2022-01-03,233.00540340731752,181345.0,160697.0,20648.0,0.8965340459314233,0.9321818544383843,0.8235009142730018
2022-01-04,178.48010025956688,184307.0,176121.0,8186.0,0.901687646308531,0.9339532799215781,0.8357953004221073
2022-01-05,190.2203744515733,185631.0,179284.0,6347.0,0.907572073109877,0.9318012956651459,0.8595059022810965
2022-01-06,194.19004894357894,184027.0,176951.0,7076.0,0.9100704965473894,0.9355068248197239,0.8572860825597303
2022-01-07,198.8335916876821,183595.0,176519.0,7076.0,0.9104416993839686,0.9356770270371689,0.8603840727203184
2022-01-08,202.42687724646888,173174.0,158730.0,14444.0,0.9086941441555285,0.9342310513104977,0.8568226037168076
2022-01-09,195.3682640409246,157558.0,151729.0,5829.0,0.8952745117967111,0.9148294186957082,0.8568226037168076
2022-01-10,201.57176225236904,158926.0,150050.0,8876.0,0.8562979438248803,0.8930914404790149,0.7767627320077514
2022-01-11,248.70029682053354,183037.0,162293.0,20744.0,0.8292315520685188,0.8532175852922556,0.7788361899892473
2022-01-12,240.94603121453113,185973.0,154503.0,31470.0,0.8458741343967524,0.8495929696912562,0.8416335076013782
2022-01-13,238.77730331950383,186799.0,155033.0,31766.0,0.8665297877350793,0.8795640139145535,0.8440403451014677
2022-01-14,252.611223979171,186471.0,153405.0,33066.0,0.86479606002605,0.8814904295389299,0.8300221429050009
2022-01-15,255.3153994893478,177381.0,145171.0,32210.0,0.8616372575079609,0.8748654241801072,0.8352198572731746
2022-01-16,251.66304572107904,160662.0,130678.0,29984.0,0.8492910200362424,0.8596546478141,0.8296278754942825
2022-01-17,249.99952046416965,183769.0,159571.0,24198.0,0.8459572052917027,0.8683033251127776,0.8019213887305845
2022-01-18,261.7195600576369,187033.0,162293.0,24740.0,0.8230755419444789,0.8324652776306357,0.8039636777280929
2022-01-19,258.0862828586681,187325.0,161073.0,26252.0,0.8231790155089622,0.8290452576955323,0.8120355818611023
2022-01-20,275.14751127132223,189181.0,161827.0,27354.0,0.8120857082689714,0.8152616537125965,0.8094665119713794
2022-01-21,289.3801306627333,190167.0,158491.0,31676.0,0.8341465221039298,0.8396215046897376,0.8264288567006853
2022-01-22,291.8771577997577,180771.0,148927.0,31844.0,0.8502702526674332,0.8629689796513931,0.8262343529866369
2022-01-23,299.55067750166984,166183.0,135251.0,30932.0,0.8488019617498049,0.8641583476310808,0.8188329193645952
2022-01-24,332.0632166182572,187773.0,155064.0,32709.0,0.8548026796856876,0.8637069518790755,0.8398775331525337
2022-01-25,394.87826034796933,191856.0,153716.0,38140.0,0.826535379518575,0.8156477148958923,0.8559256048925912
2022-01-26,390.8333103237116,193969.0,155725.0,38244.0,0.8348169078281154,0.8309168769825677,0.848669999877051
2022-01-27,437.60943506771514,191907.0,154167.0,37740.0,0.8260970216626314,0.8191567995312977,0.8473838892890122
2022-01-28,473.79313962500265,194028.0,156408.0,37620.0,0.8359024334072336,0.8346192893787238,0.8440755922417926
2022-01-29,481.881228405083,185483.0,145511.0,39972.0,0.8314914470457011,0.8336810706698059,0.8314549647751296
2022-01-30,459.03112239606605,169194.0,126693.0,42501.0,0.8145508199749407,0.8106714524114447,0.8281062239987265
2022-01-31,512.8881832813191,192191.0,148475.0,43716.0,0.831990530343039,0.8288717724453075,0.8444395858044452
2022-02-01,568.4037762484933,194951.0,157787.0,37164.0,0.7860916869145488,0.789677294962177,0.7816790068573152
2022-02-02,632.7591585479119,196820.0,153282.0,43538.0,0.7563848392354158,0.7492033785203077,0.7758146661256914
2022-02-03,672.7561791417795,195148.0,144400.0,50748.0,0.7902382726224273,0.7925842705063336,0.7897920189315478
2022-02-04,642.9987998594418,195933.0,158709.0,37224.0,0.8222029522535325,0.8455345746636057,0.7738005684123475
2022-02-05,663.4510631702188,185943.0,137838.0,48105.0,0.7758369446544345,0.7886829604413037,0.7494674369741102
2022-02-06,642.0455092972755,168359.0,126429.0,41930.0,0.8302652858123948,0.8448095091973439,0.8015266051792563
2022-02-07,616.4594014522618,191398.0,144784.0,46614.0,0.8358159086552014,0.8404933725803978,0.8298070445858141
2022-02-08,533.3653043134328,194249.0,154665.0,39584.0,0.8204891138802071,0.8224456940690005,0.8204888093819098
2022-02-09,514.0265536698035,194569.0,163895.0,30674.0,0.806111315530512,0.8213277963001693,0.776202925925854
2022-02-10,420.4569448689953,194077.0,164833.0,29244.0,0.8049424805826288,0.8177738946299391,0.7807488010860921
2022-02-11,362.9328531824975,192704.0,162884.0,29820.0,0.8205040507811187,0.8377417102999298,0.786815360463634
2022-02-12,317.56356470572166,183075.0,156854.0,26221.0,0.8105554668865761,0.833683772590049,0.7631697724215182
2022-02-13,286.76680379029096,166135.0,136483.0,29652.0,0.8404258660951457,0.8617044253656604,0.7980160894861188
2022-02-14,335.2958841439534,188950.0,159298.0,29652.0,0.8048688508138783,0.8156909912738988,0.7852137887879629
2022-02-15,342.12873893931453,190820.0,162032.0,28788.0,0.8229201852535637,0.8498882885064928,0.764749261821055
2022-02-16,337.8513240768012,191768.0,159512.0,32256.0,0.8204553781135865,0.8339021303417513,0.7933348896080323
2022-02-17,312.91166473345356,194150.0,164498.0,29652.0,0.8289290565266035,0.8434198465893573,0.8004853409276951
2022-02-18,317.1452470965067,192940.0,163288.0,29652.0,0.832575278779846,0.8489026457333131,0.7996683775981861
2022-02-19,307.9307816102747,185310.0,151722.0,33588.0,0.82032522008455,0.8172840093099566,0.8316329171835375
2022-02-20,267.15713919863254,167314.0,135888.0,31426.0,0.8409724445101368,0.8434078326958507,0.8401261003120962
2022-02-21,269.61876052347753,190075.0,158503.0,31572.0,0.84643041052261,0.844701962310297,0.8554888126174082
2022-02-22,288.98989423476877,194157.0,162836.0,31321.0,0.8191034980165465,0.8141919024170047,0.8348058895129087
2022-02-23,258.21581329313665,194875.0,166694.0,28181.0,0.8267974910087287,0.8256009294502199,0.8349919306671533
2022-02-24,263.3800970276459,194351.0,167959.0,26392.0,0.8287766912859682,0.8287964803830213,0.833948482454216
2022-02-25,245.76960004237264,193049.0,167779.0,25270.0,0.8142444564600965,0.8119980884807864,0.8241934549751287
2022-02-26,251.25792731495076,183870.0,157698.0,26172.0,0.8301882033211578,0.8263158651509295,0.8438573887344775
2022-02-27,242.2032168618644,166532.0,140461.0,26071.0,0.8299669433137824,0.8259227483832217,0.8438086955618446
2022-02-28,272.41507418391836,189595.0,162801.0,26794.0,0.8269007121668195,0.8158461478009631,0.8576948383743569
2022-03-01,272.4842843023214,192087.0,162098.0,29989.0,0.8186342267752577,0.8025369759286688,0.8608172221582567
2022-03-02,270.21583929543755,192176.0,165209.0,26967.0,0.8188867193732454,0.802948867794335,0.8608172221582567
2022-03-03,254.6614848935065,192500.0,169815.0,22685.0,0.836433141489443,0.8316852043275657,0.852729852875202
2022-03-04,229.1397967470199,192359.0,180208.0,12151.0,0.8540941577405435,0.856404750868048,0.8544016518022641
2022-03-05,191.9502504488728,182613.0,179241.0,3372.0,0.8789016056920488,0.8908418047725772,0.8578661791168766
2022-03-06,198.48436797088948,164614.0,161242.0,3372.0,0.8730722237261719,0.8850890062663718,0.851421061550118
2022-03-07,228.07462549828472,187433.0,178500.0,8933.0,0.8723313377340329,0.8816230920450007,0.8577468674407589
2022-03-08,212.06796268898717,189960.0,185613.0,4347.0,0.8489526237226447,0.8493054441828403,0.8541500704103276
2022-03-09,197.5884533103877,191467.0,188095.0,3372.0,0.8543193351614541,0.8545216785045198,0.8587515752241347
2022-03-10,192.62659634657174,191891.0,188519.0,3372.0,0.8415338371722271,0.8734017995742831,0.7737008336920397
2022-03-11,179.4492907805037,190518.0,187146.0,3372.0,0.8450597551992907,0.8790073189843347,0.7723171153692878
2022-03-12,182.23507588880827,181884.0,178512.0,3372.0,0.7918739568768817,0.8791360670583619,0.5952832927365838
2022-03-13,195.46850420797622,163461.0,160089.0,3372.0,0.7981356240764417,0.8824088263759177,0.6075088443032559
2022-03-14,199.98733966921557,186224.0,182852.0,3372.0,0.7858881383153107,0.8652430736806445,0.6073324938630371
2022-03-15,223.11967099788362,188058.0,184686.0,3372.0,0.7753468543766417,0.8344912061086691,0.6424321558025706
2022-03-16,232.7102270035625,189475.0,180648.0,8827.0,0.8031292445307829,0.8114381965993636,0.7880003953885618
2022-03-17,234.31647625099143,190381.0,172561.0,17820.0,0.8328176276942684,0.8230489322262645,0.8602317751987755
2022-03-18,217.44760110275504,190813.0,179011.0,11802.0,0.8547821544070267,0.857115938618604,0.8550995872766688
2022-03-19,217.4980580172096,181643.0,171719.0,9924.0,0.8430356056529416,0.8598125290601096,0.8100156337546267
2022-03-20,210.3532263882113,161103.0,157251.0,3852.0,0.8479907367302216,0.8580013245146899,0.8301421451095499
2022-03-21,210.07528404647368,164222.0,160370.0,3852.0,0.8334186424869044,0.8611087528247497,0.7749413414671431
2022-03-22,212.98412464819887,189880.0,186028.0,3852.0,0.8367887532194779,0.8658891766259996,0.7749516681010117
2022-03-23,231.7281012883143,192748.0,188896.0,3852.0,0.8239832697300384,0.8483505499628978,0.7735466386453689
2022-03-24,242.92201738104447,194001.0,190149.0,3852.0,0.8016362073229553,0.814988362846806,0.7740173393141534
2022-03-25,242.55298345864122,195013.0,187225.0,7788.0,0.841888066735677,0.8599963142867775,0.8058058655146512
2022-03-26,245.58945228083456,184963.0,173095.0,11868.0,0.8367786622013023,0.8522577286397974,0.8069457752521162
2022-03-27,246.2465766452083,164660.0,157400.0,7260.0,0.8280552072496953,0.853335519600119,0.7749413414671431
2022-03-28,281.53624297520577,189197.0,178952.0,10245.0,0.8131341993201272,0.8325026870491128,0.7741877654183685
2022-03-29,284.96811967309503,192533.0,177176.0,15357.0,0.8017164097715547,0.8155365729049929,0.7749019319503174
2022-03-30,303.56593154453503,194667.0,178004.0,16663.0,0.7895564497398534,0.8033734662697952,0.7626312524468319
2022-03-31,327.1574928558832,193933.0,177561.0,16372.0,0.8077618636908999,0.8348180487314978,0.7502388400117642
2022-04-01,294.7627621947816,194926.0,186204.0,8722.0,0.8249178893237659,0.8548869800522261,0.7628524309383999
2022-04-02,243.40005310203554,185014.0,181834.0,3180.0,0.8257204475930935,0.8554032418634204,0.7628421043045313
2022-04-03,147.67471825586267,164729.0,161549.0,3180.0,0.8419853523382473,0.8663160181502396,0.7916997606822929
2022-04-04,191.80259071417274,189702.0,184085.0,5617.0,0.8417200181613184,0.8509279097218058,0.8266384278727511
2022-04-05,209.7360743062241,191964.0,184689.0,7275.0,0.8514440141934334,0.8649629077066177,0.8266384278727511
2022-04-06,195.58393323509313,193132.0,189952.0,3180.0,0.8427710360953684,0.8515950018338453,0.8282273414138024
2022-04-07,160.34922493549806,193405.0,190225.0,3180.0,0.8490406004371954,0.8605888274089006,0.8282273414138024
2022-04-08,152.4690283850119,192633.0,189453.0,3180.0,0.8609458693928216,0.8777123937497281,0.8282273414138024
2022-04-09,137.73606168502653,183825.0,180645.0,3180.0,0.8644328073048803,0.8826535458011007,0.8282170147799337
2022-04-10,125.11250264394573,164958.0,161586.0,3372.0,0.8649889633577882,0.8834526200001606,0.8282170147799337
2022-04-11,134.14499232378404,185284.0,181912.0,3372.0,0.8765884936740154,0.9001202200468452,0.8282273414138024
2022-04-12,128.87575231845045,187979.0,184607.0,3372.0,0.8778646330065791,0.9019797002253815,0.8282273414138024
2022-04-13,126.39456082987618,183919.0,180547.0,3372.0,0.8790215702656894,0.9039588628389039,0.8282273414138024
2022-04-14,115.22080732563552,161085.0,157713.0,3372.0,0.8738512136517802,0.8956835995824146,0.8282170147799337
2022-04-15,101.93021947583074,154473.0,154473.0,0.0,0.8714436069259788,0.8941817665414747,0.8251186327995912
2022-04-16,112.75387148159115,162096.0,162096.0,0.0,0.8742823079436182,0.8969075833016769,0.8282170147799337
2022-04-17,109.4838121130015,159697.0,159697.0,0.0,0.8760521518642187,0.8994927778489684,0.8282170147799337
2022-04-18,144.56594618865384,188663.0,185483.0,3180.0,0.8624982473060906,0.8806058703733052,0.8266384278727511
2022-04-19,220.29077904480218,191531.0,186081.0,5450.0,0.8382642901918136,0.8452340980392617,0.8282273414138024
2022-04-20,164.24874815099295,193466.0,190094.0,3372.0,0.8352346012314031,0.841687907084646,0.8266546589302954
2022-04-21,135.37146433575677,193664.0,190292.0,3372.0,0.8611667216311945,0.8791772374676678,0.8266384278727511
2022-04-22,112.92944081439104,189479.0,189287.0,192.0,0.8726585336611471,0.898856902816609,0.818079594116128
2022-04-23,107.2736671043586,181825.0,181825.0,0.0,0.8732018090719194,0.9009846971802244,0.8180692674822593
2022-04-24,99.25854027636738,164455.0,164455.0,0.0,0.8759998871964995,0.9028605835730409,0.8211916512661591
2022-04-25,100.906463432969,186011.0,186011.0,0.0,0.8713695944238761,0.8982923129125285,0.8165508256089731
2022-04-26,103.91118811022537,188287.0,188287.0,0.0,0.8636836742066485,0.8865235519126696,0.818079594116128
2022-04-27,102.87361526021584,190342.0,190342.0,0.0,0.8643722963084031,0.8873217989708306,0.8172989981701531
2022-04-28,101.58162610628158,189459.0,189459.0,0.0,0.8649356889768796,0.888220953248711,0.818079594116128
2022-04-29,97.3643600665741,189413.0,189413.0,0.0,0.881513031579375,0.912667276932367,0.8165671894708015
2022-04-30,97.36283214566201,181063.0,181063.0,0.0,0.8876439708650642,0.9161605871376679,0.8282170147799337
2022-05-01,96.21289615451553,158586.0,158586.0,0.0,0.8735630418175498,0.9161204260285488,0.7839729019248086
2022-05-02,99.80432656710985,186828.0,186828.0,0.0,0.8825165339156125,0.9217348157643238,0.802939285247322
2022-05-03,102.19984618596861,190473.0,189801.0,672.0,0.8776598311143236,0.9146882865817667,0.800012050449916
2022-05-04,99.70448766153332,191168.0,190496.0,672.0,0.8678563135526074,0.9008839637422439,0.800012050449916
2022-05-05,105.56475990592858,192407.0,191735.0,672.0,0.8581505150196804,0.8868132325277422,0.800012050449916
2022-05-06,110.94404853311086,192973.0,192973.0,0.0,0.8799369202462967,0.9191718956431437,0.7969761702105558
2022-05-07,112.70914158757928,182920.0,182728.0,192.0,0.8566203025048377,0.8817861104528044,0.803433093495229
2022-05-08,110.61362783926313,164592.0,164592.0,0.0,0.8764131128080547,0.9233144604027803,0.77503891596039
2022-05-09,99.37317482628865,189481.0,189481.0,0.0,0.8676778100487601,0.9212646747361302,0.7512166726187107
2022-05-10,104.01292463174765,192178.0,192178.0,0.0,0.8688902859683217,0.9192594205285991,0.7596324726612532
2022-05-11,110.04861530672109,196025.0,196025.0,0.0,0.8649770407589265,0.9141580948036131,0.7578761317828095
2022-05-12,98.25434323174314,195721.0,195721.0,0.0,0.8805464071689919,0.9136811282322245,0.8114559122662196
2022-05-13,94.396015293127,194762.0,194762.0,0.0,0.8755147093829347,0.9068132960456098,0.8111518050956003
2022-05-14,96.63461791280466,183519.0,183519.0,0.0,0.8878867974795492,0.9246120067025878,0.8111414784617316
2022-05-15,96.21069036882628,165986.0,165986.0,0.0,0.8376879595826591,0.8811656547637386,0.743619929134898
2022-05-16,99.6681601196261,188922.0,188922.0,0.0,0.8600099812028561,0.9030289205322679,0.7683040070585623
2022-05-17,113.7391182328156,193664.0,190208.0,3456.0,0.8430272612442434,0.8819041655155064,0.7603268778048601
2022-05-18,120.9578652917865,195057.0,184593.0,10464.0,0.8578504307632117,0.878998239250406,0.8170062746904124
2022-05-19,122.17725213702428,194710.0,184246.0,10464.0,0.8636823565952926,0.8873031628192554,0.8170062746904124
2022-05-20,114.12199837163405,195079.0,191899.0,3180.0,0.8577446279027228,0.9036594385432652,0.7578273445361862
2022-05-21,109.26018474933139,187698.0,187698.0,0.0,0.8570009285556182,0.9083585763776423,0.7462056532059401
2022-05-22,96.23701522797354,169932.0,169932.0,0.0,0.8334582933285761,0.8858295843160684,0.7199093272759088
2022-05-23,99.62558869703821,191978.0,191978.0,0.0,0.8560061030196162,0.9298501972764853,0.6916230508681853
2022-05-24,94.99862320189926,193760.0,193760.0,0.0,0.8664797610484396,0.9272798800966128,0.7339329773815819
2022-05-25,93.24261438556748,194228.0,194228.0,0.0,0.865905825859288,0.9146697766736501,0.7614001972305757
2022-05-26,101.22273433000242,194441.0,194441.0,0.0,0.8809723713514246,0.9112655633291945,0.8190667227394755
2022-05-27,98.33205228362341,194314.0,194314.0,0.0,0.9024931049595302,0.9236331615855591,0.8623897977410855
2022-05-28,108.58908888192857,184219.0,184027.0,192.0,0.8721904338459285,0.8809555969141789,0.8606231302287731
2022-05-29,99.97408971285743,166433.0,165761.0,672.0,0.8815103956948195,0.9186228472463828,0.8029566047198734
2022-05-30,95.02484180378354,170475.0,169803.0,672.0,0.8901165609675841,0.9361618901436418,0.7908573675572615
2022-05-31,95.05174846593745,192352.0,191680.0,672.0,0.882420488760899,0.9245970392860772,0.7908676941911302
2022-06-01,115.15165905606624,193753.0,193081.0,672.0,0.8405025684227365,0.8845721176140148,0.7434464904731517
2022-06-02,101.30658081390686,194494.0,193822.0,672.0,0.849160098759339,0.8980275649572558,0.7423430892597077
2022-06-03,100.34587084597032,194073.0,193401.0,672.0,0.8553579059972429,0.9062336936949664,0.7422566573359457
2022-06-04,101.53761769513065,183659.0,182987.0,672.0,0.8683110301384759,0.9242145308224062,0.7437602024239038
2022-06-05,101.44041540449875,166935.0,166263.0,672.0,0.8643250033732999,0.9185242470201016,0.7423408959309364
2022-06-06,100.16185220781,189654.0,188982.0,672.0,0.8623264510223755,0.9030561365187683,0.7731691471538696
2022-06-07,100.45479092684197,192050.0,191378.0,672.0,0.8637058074259754,0.8916032559687164,0.8051412163115931
2022-06-08,126.12070655477899,191442.0,187398.0,4044.0,0.8639224771475958,0.8919656029783453,0.8041654713791244
2022-06-09,102.095243436783,191333.0,190661.0,672.0,0.87395340951606,0.9065915134792151,0.8041817337946655
2022-06-10,102.60861282041903,191390.0,190718.0,672.0,0.8779588375800789,0.9132484141228365,0.8026693291493391
2022-06-11,102.52957744360452,183481.0,182809.0,672.0,0.8650252355946522,0.8926903408702175,0.8041714071607969
2022-06-12,101.19778135156312,165919.0,165247.0,672.0,0.866552664771337,0.8953202225052095,0.8051959393398891
2022-06-13,101.35483907996324,189362.0,188690.0,672.0,0.8773791726423751,0.8998493321359201,0.8324783368362576
2022-06-14,104.43586218865306,191611.0,190939.0,672.0,0.8727100770936764,0.8923948360263916,0.8324783368362576
2022-06-15,102.51251787834342,190898.0,190226.0,672.0,0.8551590851911277,0.8816536502934201,0.7993030091323221
2022-06-16,102.26428675790187,188816.0,188144.0,672.0,0.8578427418000427,0.8826762982388963,0.8061332236596029
2022-06-17,101.35510285660585,188871.0,188199.0,672.0,0.871941740666652,0.9037340742330713,0.805694138439992
2022-06-18,99.73398814464001,180849.0,180177.0,672.0,0.8817942573068203,0.9119364231519225,0.8194743401850142
2022-06-19,98.30208490356792,161046.0,161046.0,0.0,0.8769268845626632,0.9105001911518183,0.8056773068399069
2022-06-20,96.74366265690274,164688.0,164688.0,0.0,0.8831763001220745,0.9144175481236425,0.8175464308226115
2022-06-21,99.52898718301483,184985.0,184313.0,672.0,0.8829440056314475,0.9135597544223127,0.8193830267217507
2022-06-22,102.67469294845534,189428.0,188756.0,672.0,0.8702596811006528,0.9000664421754537,0.8063462613031919
2022-06-23,102.65178765008054,189998.0,189326.0,672.0,0.8522751063049778,0.8826784583648899,0.7879290757028453
2022-06-24,101.59856097551662,188536.0,188536.0,0.0,0.8723112110780199,0.911543085469547,0.7884413417923914
2022-06-25,101.9450168314027,178265.0,178265.0,0.0,0.8597370693384463,0.9018392663473974,0.7691112654956427
2022-06-26,102.66049877947557,159030.0,158358.0,672.0,0.8582289989913304,0.8999049675629573,0.7682574886797325
2022-06-27,102.77122977888739,164622.0,163950.0,672.0,0.8583909941484756,0.8998752703618746,0.7682452918680767
2022-06-28,101.05058580267972,185242.0,185242.0,0.0,0.85412581958323,0.8987194623011728,0.7567402020572607
2022-06-29,101.53812874619858,187430.0,187430.0,0.0,0.8339035512372762,0.8700807212590185,0.7559246419178722
2022-06-30,102.02028927963187,189070.0,189070.0,0.0,0.8479089488404168,0.8679082243371052,0.8076391233387129
2022-07-01,103.11740542700078,186276.0,185604.0,672.0,0.8459980657556078,0.8690477953951945,0.7984183337268838
2022-07-02,102.81874901646955,176629.0,176629.0,0.0,0.8585070237560266,0.8886421752909488,0.7953344105557387
2022-07-03,100.72900888818377,157580.0,157580.0,0.0,0.8607339587498843,0.8915443159798196,0.7953344105557387
2022-07-04,103.45987221012862,162253.0,161581.0,672.0,0.8627212606307113,0.8905937714507441,0.8037502105982812
2022-07-05,104.68080755994878,184324.0,183652.0,672.0,0.8297816599327572,0.8629870998619138,0.7577704260817921
2022-07-06,103.87644968642019,185216.0,184544.0,672.0,0.8179281692732348,0.8432688176994171,0.7637306013776217
2022-07-07,107.98802252763568,188615.0,187943.0,672.0,0.8193296065660203,0.8449769090473077,0.7637306013776217
2022-07-08,104.24308667212188,192477.0,192477.0,0.0,0.8178001835291602,0.8574688184867585,0.7297096280655466
2022-07-09,105.03789182835308,182689.0,182689.0,0.0,0.8228464932674283,0.8520448885154557,0.7605003164666064
2022-07-10,102.0232991510642,165572.0,165572.0,0.0,0.8269464941133994,0.8560953015488943,0.7645984451829749
2022-07-11,109.09799869377993,188567.0,187895.0,672.0,0.8257640263753608,0.8522336617420211,0.768763818987606
2022-07-12,116.56782093234446,189844.0,189071.0,773.0,0.8189287594159881,0.8423693064580207,0.768763818987606
2022-07-13,111.75702008129828,191271.0,186039.0,5232.0,0.8165549205339491,0.8386521955738908,0.7696517468761526
2022-07-14,113.65936187230585,192084.0,191412.0,672.0,0.8206594106018494,0.8462266042355684,0.766064258007776
2022-07-15,106.74683549898866,192319.0,191647.0,672.0,0.8311980963067752,0.8577329336879178,0.7748540936077648
2022-07-16,109.14763428649414,183180.0,182508.0,672.0,0.8317832549269377,0.8603374778209364,0.7702576582998811
2022-07-17,106.84317432909809,166224.0,165552.0,672.0,0.8386197081959925,0.8698277798063635,0.7717213831899964
2022-07-18,119.21974067720866,189085.0,188413.0,672.0,0.8385064659743829,0.8696360250497555,0.7719479999505623
2022-07-19,121.6695018253898,192337.0,191665.0,672.0,0.832652310725636,0.8608572853752101,0.7718666878728565
2022-07-20,105.06721748826945,175397.0,174725.0,672.0,0.8474201825176572,0.876761376367633,0.7828351047909538
2022-07-21,105.55676405353272,192854.0,192182.0,672.0,0.8528216324480972,0.8762073732553392,0.803620680458496
2022-07-22,107.16456915255532,196473.0,195801.0,672.0,0.8569354364846521,0.8808511051968803,0.803620680458496
2022-07-23,105.52724152812935,185678.0,185006.0,672.0,0.8533019016711137,0.8767936039238652,0.8036103538246274
2022-07-24,104.77642938078573,167438.0,166766.0,672.0,0.8499653508925524,0.8856811740150166,0.7715139421538094
2022-07-25,105.2370110488607,190378.0,190378.0,0.0,0.8456998434522593,0.8795950202172585,0.7729822895789791
2022-07-26,119.30411163683654,194155.0,188923.0,5232.0,0.8227720180721231,0.8463383662617892,0.7722302998785268
2022-07-27,109.28792576803095,192336.0,191664.0,672.0,0.8291781960896921,0.8423469415809642,0.803620680458496
2022-07-28,107.8890144644975,193930.0,193258.0,672.0,0.8387628787306696,0.8732769322045757,0.7640054362002671
2022-07-29,108.22101620855764,194306.0,193634.0,672.0,0.8590060877447738,0.8851959229973553,0.8040431726653409
2022-07-30,104.12597351116099,183586.0,182914.0,672.0,0.861966314390118,0.8930582116620123,0.7958043943648778
2022-07-31,103.7975935538716,165217.0,164545.0,672.0,0.8587351657648844,0.8878927589736754,0.796999681907152
2022-08-01,113.58894069524203,187201.0,187201.0,0.0,0.8361511844976567,0.8695681839895111,0.7631126295870583
2022-08-02,143.75869407212394,189729.0,189526.0,203.0,0.8348455789953917,0.8510816020422941,0.8015651111340953
2022-08-03,115.36903227330106,190120.0,190120.0,0.0,0.8207646865821882,0.8441906019298266,0.7706412793449405
2022-08-04,108.49274032152229,190189.0,190189.0,0.0,0.8391083078139896,0.8656941735350161,0.7818794571215394
2022-08-05,107.72978866096074,190211.0,190211.0,0.0,0.847661176051162,0.8844330864369426,0.7677311556007433
2022-08-06,107.09761492591227,181879.0,181879.0,0.0,0.8548132576614237,0.8888977382470015,0.7818691304876708
2022-08-07,107.03299971367376,162472.0,162472.0,0.0,0.8452566020795597,0.8815630866121289,0.7676232544736279
2022-08-08,106.1301490436167,186557.0,186557.0,0.0,0.8491679538996677,0.8803993766464501,0.7823494409306785
2022-08-09,107.08504717455268,187949.0,187949.0,0.0,0.8583299018326546,0.8809268089871101,0.8114266399182456
2022-08-10,107.75537544138776,187930.0,187930.0,0.0,0.8592685610571229,0.8854317637706782,0.8044744572744061
2022-08-11,107.50305735201971,191191.0,191191.0,0.0,0.8692882723368892,0.8970377814200979,0.8109566561091065
2022-08-12,111.11535747758349,192046.0,192046.0,0.0,0.8625588940317507,0.8878209612440434,0.8094010447607121
2022-08-13,106.33705950211782,182734.0,182734.0,0.0,0.8636488421267352,0.8894317857785891,0.8093907380391714
2022-08-14,107.46304540107928,163995.0,163995.0,0.0,0.8460873527942558,0.8760174518241498,0.7818691304876708
2022-08-15,107.47444104646868,167898.0,167898.0,0.0,0.812864655239886,0.8277858450058071,0.7826846906270593
2022-08-16,121.41522764269422,188953.0,184201.0,4752.0,0.8360555438121828,0.8486398670206464,0.8117722162484949
2022-08-17,129.11458867441436,192745.0,187801.0,4944.0,0.8366654749341976,0.8495722384874651,0.8117722162484949
2022-08-18,115.91150472392002,192897.0,192897.0,0.0,0.8588616376681666,0.8816727662027838,0.8117722162484949
2022-08-19,124.01391348983135,191717.0,191717.0,0.0,0.859747395366226,0.8836878827577087,0.8102474944116469
2022-08-20,109.75501542190445,182091.0,182091.0,0.0,0.8750372072573156,0.9049421910317965,0.8117618896146263
2022-08-21,107.14443731342186,163256.0,163256.0,0.0,0.8686239966985332,0.8952103002277231,0.8125563086138112
2022-08-22,134.40916312412574,189445.0,184519.0,4926.0,0.8274984358687961,0.8630694344236852,0.7475820227452649
2022-08-23,133.47977586420075,192490.0,187564.0,4926.0,0.8297074514371511,0.8671531927197714,0.7475820227452649
2022-08-24,169.74594384662936,194118.0,189174.0,4944.0,0.8369836167884595,0.8808900331308296,0.7407030209713605
2022-08-25,197.80753436503747,193098.0,188154.0,4944.0,0.8313037030594849,0.8783155403096256,0.728408634822255
2022-08-26,225.94236657276846,194466.0,189522.0,4944.0,0.8362879014392866,0.8769614633983697,0.7477283844851351
2022-08-27,248.89075413892056,183299.0,178355.0,4944.0,0.8481666012624822,0.8890575099865956,0.7594269970408909
2022-08-28,263.5074894963494,165591.0,160647.0,4944.0,0.8284896290050623,0.8604068072652908,0.7594269970408909
2022-08-29,296.8860095571917,190421.0,185477.0,4944.0,0.8569476485619663,0.8824753421712453,0.8042402784906136
2022-08-30,295.8430062941474,193726.0,181750.0,11976.0,0.8594345991937097,0.8823626550142091,0.8127129969875502
2022-08-31,314.84627654398133,194753.0,180445.0,14308.0,0.8242501665709232,0.8318008963010619,0.8116328151730523
2022-09-01,342.003018919069,194462.0,175307.0,19155.0,0.8330780206024779,0.8489664709686945,0.8018536030026158
2022-09-02,336.2120189926454,195661.0,173549.0,22112.0,0.8301642316117661,0.860256059128446,0.7660073124160448
2022-09-03,289.0903286662476,184532.0,173036.0,11496.0,0.8392439766523818,0.8726528701900683,0.7684154332686038
2022-09-04,209.38447276275642,165505.0,160561.0,4944.0,0.8373795759332491,0.8791417336060544,0.7468317562042741
2022-09-05,180.72420876283803,188989.0,184045.0,4944.0,0.840814767789007,0.8859802635693788,0.7427276917062331
2022-09-06,196.41380733087203,193123.0,187360.0,5763.0,0.8126412504923387,0.8445056018189792,0.7447035751944823
2022-09-07,213.10592502226126,194733.0,188235.0,6498.0,0.7933383819267039,0.8154636367899412,0.7476662173909938
2022-09-08,210.58960173525657,193493.0,187404.0,6089.0,0.7441102877172098,0.8241358947594165,0.5638007975292435
2022-09-09,225.13354389435528,193100.0,188156.0,4944.0,0.7582117434478541,0.8440394221836338,0.5638413751731042
2022-09-10,186.716910465958,184287.0,179343.0,4944.0,0.7786675515516807,0.8658850433502668,0.5820666616025767
2022-09-11,140.4584150605587,165707.0,160763.0,4944.0,0.7846982173800553,0.8677285876531508,0.5978436362240753
2022-09-12,224.27858932910715,189926.0,180985.0,8941.0,0.7768670041161854,0.856254478812498,0.5978539628579439
2022-09-13,284.60996865054983,193338.0,180843.0,12495.0,0.7949665595396078,0.8044920896173218,0.7771958814456897
2022-09-14,348.5039927894304,194520.0,177874.0,16646.0,0.7618113520808191,0.7567885297925891,0.7771958814456897
2022-09-15,381.707096521609,193693.0,174867.0,18826.0,0.7670330326117913,0.7504058251716347,0.8084197192846879
2022-09-16,397.608948981757,193225.0,174981.0,18244.0,0.7842929293756963,0.7760978173192915,0.8070962345894224
2022-09-17,346.76971412686066,185148.0,170787.0,14361.0,0.8279097789796216,0.8378511451710025,0.8102022909163861
2022-09-18,236.0151479873263,165382.0,158095.0,7287.0,0.8420174389965108,0.8596732268776979,0.8053706616071388
2022-09-19,281.51895835206943,188673.0,178988.0,9685.0,0.8631910771959128,0.8899983290044493,0.8073802780964475
2022-09-20,272.3634942570624,190763.0,180827.0,9936.0,0.8572993848368319,0.8818612720233611,0.8069014618988909
2022-09-21,253.76616490858595,190124.0,179880.0,10244.0,0.8521598538580233,0.8745682548245909,0.8068689997838023
2022-09-22,232.3817530637763,188581.0,183637.0,4944.0,0.8458864410600236,0.8667093934240958,0.8045479585549684
2022-09-23,236.7504292961383,190563.0,185811.0,4752.0,0.8550836576861582,0.8784055709925107,0.8078266321789156
2022-09-24,209.89599801175913,181306.0,176554.0,4752.0,0.8589036530812386,0.8835918031462215,0.8091899885967943
2022-09-25,197.31973209010198,162083.0,157331.0,4752.0,0.854777139532483,0.880327185596495,0.8021646250830197
2022-09-26,217.42843466466192,186230.0,181478.0,4752.0,0.8423656114419076,0.8623366450140221,0.8021749517168882
2022-09-27,264.7006184951111,189715.0,184963.0,4752.0,0.8313376370447965,0.8462593245505816,0.8021749517168882
2022-09-28,224.48914119238344,188379.0,183627.0,4752.0,0.8329579625290363,0.8495324811149471,0.8006362736867938
2022-09-29,239.2809469422169,189294.0,184542.0,4752.0,0.831637557974959,0.8475740975739067,0.8003522301797688
2022-09-30,237.02222854979212,188835.0,184083.0,4752.0,0.843360331094626,0.8637035088615296,0.8021749517168882
2022-10-01,256.94842234536793,180978.0,176262.0,4716.0,0.842470516003007,0.8456222999264974,0.841487145861508
2022-10-02,239.26369364173226,162560.0,157808.0,4752.0,0.8464501370164297,0.8518892170962921,0.8401648231431508
2022-10-03,261.47501132749346,187903.0,177197.0,10706.0,0.83639399866316,0.8376606442589329,0.8395258875629197
2022-10-04,251.16135824235957,191154.0,179850.0,11304.0,0.847848368630154,0.8540450248588577,0.8398099310699448
2022-10-05,281.3752133117411,190655.0,178871.0,11784.0,0.8417092151419855,0.8443919786231547,0.8415598054928173
2022-10-06,315.13920044891245,194470.0,186542.0,7928.0,0.834074012834297,0.8453044306802551,0.8136447842832575
2022-10-07,295.9918855384623,192669.0,181173.0,11496.0,0.857811740109932,0.8594877457873155,0.8604951695300711
2022-10-08,306.4187635703415,182019.0,178707.0,3312.0,0.8482765648749213,0.8539567207965397,0.8424206881905627
2022-10-09,264.8518750295582,163068.0,158998.0,4070.0,0.8798805185729817,0.8875207525115492,0.870436108605337
2022-10-10,336.682717901669,189279.0,187109.0,2170.0,0.8565594766836019,0.8775896972957878,0.8157934558056135
2022-10-11,328.2236556193779,191765.0,190655.0,1110.0,0.8437865280163026,0.8646416806115921,0.8020089922112098
2022-10-12,331.61357488912995,191756.0,191136.0,620.0,0.8201907145727447,0.8515482726698133,0.7540813517897823
2022-10-13,328.3247610323971,190789.0,190231.0,558.0,0.8134180664414801,0.8611037487461185,0.7095978870476254
2022-10-14,312.4518457978093,192452.0,192005.0,447.0,0.8240316274442828,0.8760109434999614,0.7101612766004428
2022-10-15,300.6710270172116,182145.0,181953.0,192.0,0.8428879014770895,0.8938466346780348,0.7314549444497482
2022-10-16,300.16159487354247,161833.0,161641.0,192.0,0.839476090670794,0.8877298220412888,0.7337198828141998
2022-10-17,311.4247691968577,163956.0,163764.0,192.0,0.8222745215293294,0.8572604466476186,0.7453701082829529
2022-10-18,376.03162859862675,189771.0,186212.0,3559.0,0.8294796666818058,0.8548899953658811,0.774407586639051
2022-10-19,456.61272176260906,191886.0,183712.0,8174.0,0.807668831533684,0.8242841380280186,0.7731005853445012
2022-10-20,417.58151205095936,190740.0,174114.0,16626.0,0.7966836254526696,0.8306803763859006,0.721518440657316
2022-10-21,412.7314881878825,190385.0,176050.0,14335.0,0.8197305407541374,0.8638186174979564,0.7212424266630817
2022-10-23,203.41138803648826,161038.0,160366.0,672.0,0.8156505481672168,0.8518777060590952,0.735854932240188
2022-10-24,272.233735928417,187335.0,185277.0,2058.0,0.8465015915360231,0.8773678087457758,0.7795625600330437
2022-10-25,248.92297810520714,189873.0,188847.0,1026.0,0.833723957846786,0.8588494785623885,0.7795625600330437
2022-10-26,302.10718155368073,188224.0,182942.0,5282.0,0.8034240430877797,0.8362296862529318,0.7305376038218522
2022-10-27,248.5009626881287,188581.0,183637.0,4944.0,0.8076593597236614,0.8425285266381559,0.7307811455814706
2022-10-28,228.02045114859516,189414.0,184470.0,4944.0,0.8205719255623616,0.8603322991430673,0.7320470299783902
2022-10-29,196.16053247824857,180563.0,180371.0,192.0,0.8528036340302007,0.8878973214152718,0.77694531583992
2022-10-30,147.36931097929764,161769.0,161577.0,192.0,0.843886635352488,0.8875750984641952,0.7478590349991899
2022-10-31,197.38652866461277,188260.0,183316.0,4944.0,0.8418484381179578,0.8695110549850198,0.7838326588850204
2022-11-01,208.08805952202744,191057.0,186113.0,4944.0,0.8341569413896575,0.8633861425045747,0.7695273381758412
2022-11-02,220.2344636215762,190580.0,180913.0,9667.0,0.8284894976539733,0.8670765084423494,0.7435400151092493
2022-11-03,228.15350980960787,190344.0,180815.0,9529.0,0.8191428607483284,0.8530042338603054,0.7472978064259208
2022-11-04,189.33988667822132,192707.0,187763.0,4944.0,0.8674707791131198,0.9000194417835786,0.8000922674830473
2022-11-05,185.01494073963582,181008.0,176256.0,4752.0,0.8581498217637913,0.88624324291225,0.8000922674830473
2022-11-06,127.7011763880369,159758.0,159758.0,0.0,0.8506875158850687,0.9005141984132614,0.7433419745627429
2022-11-07,164.79860125520455,163559.0,158807.0,4752.0,0.8603161577958719,0.9012050533701503,0.7721031774373189
2022-11-08,189.6845139504363,188969.0,183353.0,5616.0,0.8423506601058437,0.8794562849385568,0.7624758956026244
2022-11-09,195.7298331356342,190188.0,185436.0,4752.0,0.8373037466046311,0.8622974641335002,0.78485912479724
2022-11-10,199.99741796749564,188713.0,183961.0,4752.0,0.8440019187842975,0.8707452868587107,0.7879314904286964
2022-11-11,171.5525935339715,188864.0,184112.0,4752.0,0.842566797840771,0.8684905447829103,0.7896687442936037
2022-11-12,171.16415194763215,179423.0,174671.0,4752.0,0.848503319533888,0.8782724797315725,0.7881866644574982
2022-11-13,174.4645041738018,159423.0,154671.0,4752.0,0.8484357408504679,0.8781931515059906,0.7881706094543418
2022-11-14,142.3045926432691,162980.0,162980.0,0.0,0.85595115648906,0.889796167431103,0.7881706094543418
2022-11-15,164.00927046102532,185890.0,181138.0,4752.0,0.847095343464395,0.8701824876987317,0.8012504367263188
2022-11-16,172.3031582025921,187648.0,182896.0,4752.0,0.8216893623344436,0.83837901564883,0.7897118897573575
2022-11-17,152.70203602910192,187479.0,177207.0,10272.0,0.8645588769226307,0.8774084779642536,0.8406624422742361
2022-11-18,113.05516242731726,191586.0,191586.0,0.0,0.8925046339645568,0.9174698216423093,0.8429445294840935
2022-11-19,116.14745903068497,179632.0,179632.0,0.0,0.8836555198083094,0.9084471820166682,0.8336383783933052
2022-11-20,143.8705495957005,204675.0,204675.0,0.0,0.8302840855216725,0.84409068969275,0.803198092408745
2022-11-21,129.01142304637594,187856.0,187856.0,0.0,0.851669216615522,0.8710947432321434,0.8122530445373982
2022-11-22,159.3681308908202,184100.0,184100.0,0.0,0.8456277380764103,0.8661691256440279,0.8033737470056499
2022-11-23,175.03099549859328,191940.0,181668.0,10272.0,0.832864873623228,0.844667110437612,0.810322762465279
2022-11-24,168.51879291347,187045.0,176773.0,10272.0,0.8475970676392747,0.8617547813590237,0.8200304727196452
2022-11-25,191.57574999919646,186667.0,176395.0,10272.0,0.859118615697386,0.8821113154950816,0.8107088188797029
2022-11-26,195.7908586493064,171349.0,161077.0,10272.0,0.8697590107925763,0.8974977686425986,0.8107088188797029
2022-11-27,238.67059413012635,150838.0,140566.0,10272.0,0.8410596732501122,0.8526851314657584,0.8184379900101468
