,01,02,03,04,05,06,07,08,09,10,11,12,13,14,15,16,17,18,19,20,21,22,23,24,Date
0,6069884.02,5827248.17,5574380.78,5395871.77,5258902.97,5119880.44,4669974.39,4683656.1,4900208.29,5102763.72,5315704.53,5509261.89,5661273.04,5626855.27,5552181.68,5481657.94,5427387.56,5515891.14,6593392.96,6956259.42,6829378.26,6560070.37,6145473.65,5738183.6,2015-01-01
1,5373840.7,5195333.9,5062355.9,5015111.75,5078415.39,5185076.89,5237758.75,5729829.22,6328224.84,6718526.07,7043650.84,7258550.72,7255692.82,7212090.36,7218579.51,7169994.48,7022927.68,6989574.48,7974018.78,8217835.86,7972698.86,7536917.61,6940869.91,6378796.02,2015-01-02
2,5931434.62,5598248.77,5457974.1,5425350.68,5457169.5,5530965.63,5442553.19,5805345.08,6284184.22,6724042.82,7074395.47,7241107.16,7213445.82,7060610.11,6889337.65,6855287.16,6745090.87,6777257.57,7930192.21,8296674.93,8004101.77,7497188.84,6879142.79,6339048.5,2015-01-03
3,5905650.02,5614801.11,5413785.08,5307444.71,5275436.06,5282385.54,5082401.15,5317359.99,5677118.05,5982246.88,6224799.74,6423079.49,6504454.55,6464525.98,6342277.0,6272403.95,6194652.78,6252762.7,7320867.57,7714663.45,7575274.91,7226662.3,6706933.75,6172296.12,2015-01-04
4,5741664.79,5461226.46,5314670.74,5303212.55,5429560.9,5794775.69,6099351.92,6635319.98,7382130.45,7649923.32,7983324.38,8212062.62,8119285.53,8099801.2,8145594.63,8157778.88,8004344.35,7886030.86,8515223.01,8745410.07,8395765.02,8065004.98,7485274.64,6837231.35,2015-01-05
5,6252542.58,5898111.98,5749586.19,5654073.18,5769471.8,6127816.29,6279269.86,6773404.43,7440085.63,7824604.6,8165553.36,8374292.49,8308469.53,8293391.39,8394452.05,8327798.58,8195559.58,8026554.52,8656563.67,8889259.54,8608793.25,8138594.67,7468725.32,6807940.36,2015-01-06
6,6430401.5,6196993.19,5991938.15,5881527.85,5988593.66,6341633.34,6527012.31,6986366.72,7511726.13,7876021.2,8163208.66,8378121.75,8267814.84,8252726.37,8389107.18,8394076.17,8230671.82,8055903.36,8651882.32,8825625.59,8548085.93,8134210.17,7552090.32,6941225.14,2015-01-07
7,6474194.9,6214409.13,6102579.59,6046906.29,6161732.88,6432570.63,6619260.94,7101556.19,7646821.06,7928370.86,8195749.13,8417776.94,8303345.13,8247349.26,8351953.09,8313398.37,8186777.75,8081890.76,8689847.44,8816718.58,8598078.17,8142228.33,7560980.57,6944840.97,2015-01-08
8,6475402.65,6212906.03,6091207.49,6029353.18,6177426.28,6489011.81,6647849.88,7120848.93,7674339.31,8028773.49,8346794.75,8515924.07,8299919.04,8264810.98,8371543.42,8386933.51,8233621.28,8090119.53,8677383.9,8803936.07,8463937.42,7923764.6,7280742.52,6688007.34,2015-01-09
9,6196629.54,5963207.59,5781492.04,5710762.59,5795682.68,5931718.94,5970421.66,6390632.87,6987820.69,7383361.92,7669439.36,7842386.08,7752954.94,7556954.91,7370942.28,7344827.19,7230920.34,7251859.52,8164003.9,8404488.76,8155602.64,7665786.63,7045170.71,6535318.36,2015-01-10
10,6071842.87,5794963.14,5662450.56,5548389.63,5500843.23,5513950.72,5320226.81,5549608.02,5926209.75,6276481.01,6501376.89,6701476.7,6758826.9,6666435.71,6474857.68,6423960.37,6368966.15,6408970.77,7354190.33,7723296.88,7525935.49,7215915.83,6723574.37,6205640.18,2015-01-11
11,5804265.59,5597122.32,5428631.19,5359425.17,5362164.57,5425449.05,5282653.31,5569609.02,6002002.08,6389523.05,6714213.32,7046391.03,7089500.09,7058375.59,6912770.25,6789211.98,6684107.51,6701145.49,7791990.58,8351596.01,8060442.25,7601840.19,7024295.87,6477836.08,2015-01-12
12,5976887.79,5713620.82,5595772.21,5536542.51,5690857.58,6047044.98,6272890.09,6832592.93,7432933.29,7868212.47,8282067.39,8542473.77,8401942.2,8355749.04,8467813.88,8397403.28,8269774.23,8071123.25,8869453.28,9069924.15,8788312.37,8228866.38,7521784.3,6836458.16,2015-01-13
13,6362276.66,6135562.5,5990774.19,5927577.04,6078706.8,6442432.27,6681579.55,7201586.76,7742977.87,8133146.34,8536996.17,8823350.02,8678069.4,8694203.05,8833765.15,8817866.13,8590626.86,8327934.47,9030252.56,9190572.67,8898929.15,8438567.03,7696846.53,6770677.97,2015-01-14
14,6262816.65,6004422.84,5788653.58,5728505.85,5868077.92,6240200.23,6474726.06,7023574.69,7777215.4,8253387.75,8600619.32,8845768.71,8656391.11,8661567.41,8786494.62,8786712.24,8663030.65,8466050.69,9049282.31,9228213.12,8929472.01,8504343.69,7701394.27,6903033.7,2015-01-15
15,6566560.13,6329414.11,6160251.41,6118354.36,6255799.29,6648171.63,6914287.52,7466165.54,8039050.57,8283973.06,8617601.15,8862155.37,8746303.94,8687514.37,8819854.26,8825818.93,8551515.13,8335249.68,9104921.04,9219822.1,8927197.01,8529034.53,7800851.1,7213162.76,2015-01-16
16,6747299.05,6446052.65,6266815.13,6189440.31,6264224.9,6403440.34,6518310.06,6936904.78,7508271.22,7916407.27,8255516.44,8431971.34,8319802.52,8085081.5,7840674.75,7744310.24,7605289.37,7678812.61,8520799.14,8690835.87,8431570.8,7975623.07,7327027.28,6832509.83,2015-01-17
17,6387347.06,6092416.35,5934767.36,5834823.7,5804097.62,5819094.96,5601848.64,5811563.32,6228858.86,6560275.53,6825681.33,7027894.95,6979506.52,6828485.66,6622511.76,6517176.28,6427391.3,6567773.96,7604878.65,8012834.44,7876687.64,7470081.34,6915454.93,6408289.46,2015-01-18
18,6026373.72,5725523.36,5574768.08,5540404.69,5743093.08,6382301.27,6758818.26,7200396.91,7798767.71,8120073.76,8436698.34,8684622.29,8473919.01,8405333.46,8601870.97,8619274.18,8491632.98,8317862.07,9071143.66,9265469.21,8942011.69,8411648.33,7591829.12,6932581.69,2015-01-19
19,6365027.55,6067108.88,5875864.04,5845794.35,6046589.84,6689012.87,7106680.3,7504783.13,7993406.8,8206471.53,8576184.76,8824521.92,8627462.1,8580426.04,8699465.34,8666418.94,8525815.46,8353745.29,9046907.83,9250844.58,8976983.79,8454922.83,7589828.5,6768297.12,2015-01-20
20,6410182.88,6188422.68,6029889.3,5980431.38,6164274.65,6678293.34,6905301.88,7278533.51,7942827.62,8239253.84,8544349.43,8739384.53,8516298.9,8514197.13,8719373.63,8731327.17,8542320.74,8388748.64,9093051.41,9274035.42,8880454.6,8327752.37,7483797.45,6702383.75,2015-01-21
21,6338844.86,6081905.62,5883580.33,5827458.56,5993318.21,6520865.29,6776838.4,7109690.56,7721972.5,8040853.23,8354301.13,8575742.11,8268781.69,8254568.2,8518747.14,8453855.51,8371345.05,8211938.35,9060488.22,9183891.13,8853189.89,8161566.19,7292024.59,6591000.13,2015-01-22
22,6114083.79,5878130.64,5755872.76,5738592.7,5908996.18,6469432.45,6780359.41,7151873.36,7650248.1,7933416.76,8278179.75,8511165.25,8326665.77,8223395.18,8391020.87,8421611.15,8231834.29,8095123.61,9031614.44,9209205.41,8786904.46,8095148.43,7371448.76,6718048.32,2015-01-23
23,6245866.92,6020330.96,5862443.24,5771830.55,5873628.43,6094049.41,6204151.57,6687361.7,7249397.33,7583485.71,7838634.31,8026094.4,7947865.59,7759265.59,7632750.77,7546920.74,7387366.65,7380413.05,8306164.49,8649305.55,8365307.58,7755542.77,7094989.8,6554244.39,2015-01-24
24,6084638.18,5861066.04,5654098.16,5536442.26,5504581.12,5522824.77,5405968.52,5643348.36,6059954.54,6393830.56,6603134.19,6760715.35,6888847.01,6860065.39,6690682.44,6586294.65,6482390.63,6465275.41,7512814.41,8127947.34,7990064.73,7571207.86,7056743.41,6447162.7,2015-01-25
25,5999939.4,5777887.89,5651789.04,5595001.98,5843484.31,6453302.56,6655903.61,7083642.29,7659736.12,7975427.21,8380803.71,8609503.36,8399591.34,8436187.06,8653288.24,8599424.24,8457040.02,8284239.92,9041272.38,9400280.01,9010180.75,8319956.62,7379593.58,6667803.34,2015-01-26
26,6277847.05,6073776.39,5933501.74,5928303.02,6145053.71,6765568.88,6984292.01,7345704.09,7850115.56,8156346.68,8510068.38,8663723.51,8417033.38,8492369.03,8663059.96,8651619.04,8476226.58,8287523.3,9061346.42,9412804.54,8997191.21,8365320.44,7481677.32,6793976.82,2015-01-27
27,6335438.75,6101285.27,5952967.11,5874514.64,6118937.02,6724563.26,6950187.8,7270277.17,7763269.09,8079381.81,8450931.38,8644628.8,8370514.34,8469120.15,8681540.21,8661956.21,8449069.43,8178751.36,8982958.22,9421267.65,9078036.23,8424573.22,7539039.86,6798534.85,2015-01-28
28,6299801.43,6073163.4,5921356.59,5894615.13,6124015.92,6714478.5,6920161.26,7211947.19,7707057.19,8079614.27,8403751.71,8598833.31,8382144.13,8415317.03,8673138.87,8716634.48,8530082.02,8297002.44,9057590.6,9448788.05,9087349.05,8412189.18,7549509.44,6839326.95,2015-01-29
29,6346029.54,6090806.76,5952953.29,5899361.95,6113872.76,6689948.9,6911420.19,7263471.76,7800016.07,8138211.0,8548401.71,8704005.37,8480668.88,8484194.99,8654892.42,8605938.15,8547431.04,8310677.56,9021348.29,9232832.89,8843053.2,8306277.46,7546556.78,6913308.24,2015-01-30
30,6433527.57,6147386.36,5969656.3,5906597.29,5954979.34,6161987.73,6313990.05,6774715.42,7327074.66,7683631.3,7954546.09,8124751.94,8044883.13,7811681.64,7646933.67,7500985.43,7348624.0,7307050.7,8233753.6,8693958.6,8427583.78,7815488.48,7186957.55,6617580.77,2015-01-31
31,6206681.99,5889312.49,5723607.02,5600361.42,5522276.5,5524715.63,5385803.87,5590085.75,5977905.14,6224904.74,6545432.15,6732538.12,6780467.68,6755842.5,6635746.91,6579349.12,6499721.54,6506700.43,7524957.38,8168959.44,8005306.86,7524260.0,6908335.71,6323975.32,2015-02-01
32,5900082.89,5693715.1,5565723.97,5527817.1,5791470.01,6496038.26,6678831.44,7017401.1,7572928.11,7900151.4,8362578.18,8580607.66,8361268.31,8414795.08,8628351.73,8626585.61,8475169.44,8272217.95,8923849.84,9407594.46,9095940.77,8403619.84,7396078.7,6635362.94,2015-02-02
33,6212030.33,5986642.52,5816193.47,5819709.98,6060820.27,6797248.74,6948288.55,7192193.58,7689260.06,8003683.94,8395379.93,8685649.17,8404092.65,8466139.49,8705292.63,8611339.09,8482567.36,8245489.95,8981384.75,9441550.17,9145552.48,8407888.12,7431458.09,6690320.95,2015-02-03
34,6254472.48,6067196.79,5913141.04,5909534.81,6161879.4,6889847.83,7033435.91,7285226.34,7786926.72,8209190.08,8573189.22,8718190.21,8550239.93,8593638.11,8801052.34,8806581.02,8685725.64,8379490.06,9120345.94,9597872.73,9342510.75,8689827.15,7680988.59,6909071.5,2015-02-04
35,6374123.74,6191447.53,6054858.11,6010985.22,6274542.7,6967288.28,7083401.55,7377260.28,7849388.51,8198269.04,8479196.34,8807983.18,8550801.95,8638094.63,8904847.94,8870809.44,8680135.78,8444772.87,9183400.78,9592530.83,9312679.02,8625459.61,7658053.89,6848817.38,2015-02-05
36,6413768.24,6241969.49,6088504.19,6036279.74,6328600.92,7033380.92,7212335.92,7488455.01,7986822.61,8298061.46,8589009.69,8774881.55,8473995.49,8491259.48,8730713.77,8716265.94,8468481.91,8283785.04,8997900.21,9343393.42,8961860.35,8311492.97,7471409.08,6822550.86,2015-02-06
37,6375045.16,6148668.33,6009396.38,5913098.48,5998232.14,6215548.42,6375201.58,6821228.01,7362556.15,7708446.96,8101162.4,8270934.58,8201458.93,8000559.82,7779890.99,7694910.88,7573845.54,7656438.53,8584845.2,8845638.34,8431209.59,7841788.69,7115739.54,6514761.15,2015-02-07
38,6120558.05,5821568.2,5656718.3,5502109.78,5452786.69,5476384.18,5394622.83,5614490.75,6010715.1,6277318.47,6631872.32,6843737.92,6905506.43,6854604.36,6735925.19,6635283.96,6604091.64,6704662.27,7760626.79,8244859.95,7974685.36,7452496.14,6777922.82,6198399.87,2015-02-08
39,5847702.8,5637763.48,5532883.85,5509907.26,5828703.12,6653500.35,6864324.83,7127923.18,7580536.14,7887748.46,8263777.39,8552057.97,8287952.2,8303834.98,8455998.96,8446543.02,8388085.91,8133657.63,8844553.93,9305918.08,9038551.94,8279167.94,7329848.17,6560987.78,2015-02-09
40,6168527.35,5955871.08,5827784.36,5777402.27,6034518.93,6808069.86,7047624.78,7262379.37,7702991.23,7977907.98,8297053.49,8526550.37,8320200.29,8381906.84,8621099.1,8665286.34,8565402.42,8307258.07,9039536.32,9452926.58,9077994.46,8363331.88,7459062.18,6681575.6,2015-02-10
41,6266010.24,6026726.43,5914552.24,5896659.88,6188903.91,6982305.1,7155899.14,7344583.75,7773741.65,8028069.42,8451654.35,8634310.4,8314723.66,8357949.08,8588180.04,8595366.49,8474480.01,8147513.41,8942324.61,9415411.98,9128768.39,8410103.66,7390731.29,6596082.22,2015-02-11
42,6138346.2,5892184.58,5805959.12,5810574.1,6083614.73,6870350.57,7070790.98,7272571.3,7740040.14,8044019.34,8424878.29,8656598.51,8434839.6,8418893.2,8669389.42,8716141.71,8541532.13,8289440.7,9033778.71,9495990.63,9224062.57,8466414.25,7572258.16,6810209.25,2015-02-12
43,6383972.43,6153752.23,6028490.88,5988383.31,6269794.27,6980233.48,7195358.56,7499638.53,7933624.52,8203127.73,8540120.52,8739292.4,8516390.3,8548830.3,8719856.8,8705390.59,8556709.71,8332882.77,9063834.73,9488174.07,9137634.05,8477905.77,7669164.44,6887259.17,2015-02-13
44,6495242.59,6248270.54,6104849.99,6023933.72,6097959.22,6361780.53,6506133.86,6915777.61,7512965.92,7836464.86,8145333.71,8301637.9,8156009.72,7960066.83,7756363.79,7589670.7,7463117.64,7495930.0,8306710.45,8647774.72,8338073.73,7842029.33,7204747.41,6651560.83,2015-02-14
45,6217519.71,5949053.51,5769871.98,5634147.88,5599278.97,5649452.31,5490421.42,5710594.24,6130721.45,6452422.05,6706095.34,6904096.43,6979556.56,6927985.34,6768509.1,6676814.99,6570367.95,6584778.54,7680645.95,8238021.02,8105147.58,7633257.27,6962750.11,6417347.89,2015-02-15
46,6032314.53,5824177.49,5689855.71,5683879.92,5928226.75,6670569.24,6863657.74,7148142.23,7623426.82,7931721.49,8290836.62,8559095.25,8378210.13,8410901.91,8603096.13,8624856.2,8492764.11,8255073.82,8924719.51,9439935.43,9171181.63,8551716.66,7676104.64,6875309.95,2015-02-16
47,6407183.25,6177778.55,6037592.29,6004301.05,6248932.7,6974239.97,7095944.04,7347977.32,7831632.78,8098790.98,8429938.37,8596475.06,8414690.65,8449963.11,8604965.79,8585609.1,8459557.72,8218658.6,8945028.12,9501404.94,9262839.33,8657965.12,7665430.74,6977974.49,2015-02-17
48,6478908.06,6220892.19,6094074.7,6044450.44,6325497.18,7044420.5,7216196.1,7452927.14,7934086.45,8284112.28,8610480.76,8828700.0,8519416.72,8598302.96,8825748.55,8861547.82,8747816.04,8493483.38,9096525.2,9597663.07,9412055.28,8850583.78,7888042.12,6999270.25,2015-02-18
49,6523018.03,6281195.58,6153416.27,6106586.88,6372397.89,7053746.53,7227874.62,7505289.2,7989581.87,8281933.3,8573870.56,8719406.96,8462987.26,8530082.27,8757543.42,8711923.76,8587149.37,8331777.57,9001606.81,9595227.2,9349028.99,8707503.19,7784802.62,6944092.59,2015-02-19
50,6592642.9,6355180.33,6196163.38,6157854.29,6423226.87,7066643.5,7231795.91,7586053.02,8034965.14,8281387.11,8539510.74,8758302.46,8531477.07,8561290.14,8785166.02,8782574.37,8617752.04,8311595.12,9067796.86,9476765.48,9187087.9,8596742.24,7821545.75,7032597.86,2015-02-20
51,6658132.2,6469652.68,6295784.01,6302180.13,6287730.04,6345600.54,6468273.21,6947380.39,7560345.21,7940658.33,8269257.43,8429514.4,8292900.95,8132575.76,7987249.02,7889340.84,7717520.19,7645179.76,8575482.35,9170732.49,8903038.21,8422221.22,7784681.0,7255615.49,2015-02-21
52,6802876.64,6463299.16,6188505.69,5989417.31,5922343.38,5903481.55,5668246.24,5908358.27,6321630.16,6608821.98,6890450.99,7082145.42,7178761.83,7059483.82,6974815.61,6909287.21,6812304.39,6807120.27,7904955.44,8617980.52,8465953.73,8109250.62,7469482.42,6737910.86,2015-02-22
53,6189675.37,5859296.43,5767584.92,5723531.71,5967776.11,6758105.42,6903323.0,7200237.46,7819894.39,8120250.78,8537421.21,8789662.0,8549423.43,8658450.34,8807881.85,8826315.08,8674836.6,8617609.94,9263982.44,9640907.39,9358473.52,8694087.97,7687331.34,6896506.21,2015-02-23
54,6594270.39,6449804.89,6344288.75,6300852.68,6575075.83,7346874.29,7412163.66,7500344.26,8000818.4,8294629.16,8577905.34,8764565.94,8571969.69,8610578.21,8845381.5,8900104.64,8794898.91,8515144.9,9192437.31,9651936.94,9327410.25,8830060.16,7971100.53,7265894.44,2015-02-24
55,6822450.44,6603195.76,6391979.57,6379522.13,6649879.87,7413642.24,7512985.63,7573650.29,7990824.37,8259804.63,8572218.7,8754760.69,8509915.08,8589004.03,8801769.65,8760524.58,8648897.7,8388470.41,9082917.03,9577052.1,9275041.02,8792945.12,7935756.78,7267024.66,2015-02-25
56,6803389.94,6541484.18,6365255.18,6336273.31,6553443.12,7252623.78,7345490.22,7428838.92,7870190.08,8164501.91,8516066.85,8766131.23,8574188.13,8547097.13,8736852.13,8751044.4,8598340.76,8345178.42,9048141.33,9558467.71,9335470.21,8867781.25,8047602.61,7370675.38,2015-02-26
57,6838040.2,6636088.98,6431198.81,6373973.96,6635361.63,7310677.0,7408394.69,7492473.57,7993435.5,8297821.36,8623144.94,8842771.64,8633916.47,8670642.86,8859867.0,8836468.5,8673724.96,8432397.29,9096046.47,9484179.55,9179980.87,8706861.97,7999031.59,7399530.84,2015-02-27
58,7035377.34,6762574.53,6476970.41,6387180.88,6475641.68,6701967.09,6784647.19,7085577.06,7580348.08,7935156.22,8306466.75,8467223.6,8345731.43,8108805.78,7919661.67,7807501.86,7730500.04,7692096.84,8420280.63,8923122.51,8609422.25,8214156.55,7641594.35,7181163.34,2015-02-28
59,6645257.93,6245558.3,6054444.52,5856759.52,5814303.05,5834492.53,5574617.21,5800848.41,6278058.04,6742640.58,7042173.45,7296589.7,7394787.37,7318667.94,7164304.48,7026273.97,6936513.77,7016900.74,7872298.11,8303519.68,8118634.33,7779892.99,7225168.71,6654843.85,2015-03-01
60,6245397.2,5946406.38,5770636.09,5722923.56,6026207.69,6832183.29,7094701.69,7374230.5,7907549.48,8263661.04,8602842.91,8842393.73,8614185.41,8684207.93,8755926.23,8839486.75,8813044.05,8559244.05,9118589.47,9544025.84,9279582.46,8784074.06,7898314.74,7248649.49,2015-03-02
61,6809242.72,6577344.7,6378243.55,6277671.05,6533603.43,7281069.41,7430438.12,7720263.08,8204131.03,8435376.18,8772832.97,8957935.65,8675454.65,8719992.59,8814028.6,8906277.29,8882915.85,8661011.15,9205694.05,9512894.93,9254801.98,8790520.14,7878132.02,7182452.69,2015-03-03
62,6759744.04,6544660.05,6346413.91,6281642.91,6526092.76,7282201.81,7427267.73,7746319.35,8196315.84,8473936.0,8796353.4,8980524.19,8715251.34,8773458.67,9027938.8,8995456.3,8893601.93,8716802.68,9266548.07,9619390.71,9378796.01,8829901.9,7947666.07,7301905.03,2015-03-04
63,6878060.14,6635139.71,6453088.56,6402051.57,6602253.08,7336399.59,7428471.22,7715508.8,8194733.42,8477086.98,8793076.99,8976186.74,8769666.45,8788356.6,9014384.32,9053414.28,8931977.89,8672269.44,9241983.34,9528480.88,9355868.47,8890679.75,8057801.21,7322057.68,2015-03-05
64,6873027.43,6668215.15,6475834.51,6355960.13,6694630.87,7310472.15,7403945.93,7715314.95,8227259.65,8493938.77,8764548.76,8903333.95,8680585.79,8690102.42,8846785.0,8832519.98,8732338.79,8554595.02,9065481.61,9372803.32,9078404.57,8603085.09,7891242.54,7306168.53,2015-03-06
65,6802813.28,6554212.93,6411005.96,6293681.99,6345105.23,6583908.44,6674561.98,7164804.82,7788612.56,8146139.44,8392392.47,8537077.04,8445494.45,8259724.89,8098338.44,7974055.38,7829949.77,7843484.5,8517483.23,8877154.09,8635834.68,8180586.05,7481890.91,6983243.35,2015-03-07
66,6514073.68,6127098.15,5874036.15,5765519.91,5690757.29,5655434.16,5454621.06,5796231.28,6314129.54,6731722.92,7042927.23,7238456.85,7260810.39,7170560.32,7036830.77,6944602.17,6873940.06,6931325.37,7766902.82,8327593.87,8213674.47,7929241.37,7284244.47,6669465.52,2015-03-08
67,6139568.33,5897951.6,5711424.18,5694298.7,5968510.91,6850632.54,7043767.7,7396190.26,8124377.69,8487668.72,8831085.93,9057660.28,8829301.12,8820532.83,9009947.03,9028284.31,8915183.81,8681875.0,9223363.52,9612197.73,9299889.96,8717064.61,7852706.81,7010271.46,2015-03-09
68,6593036.34,6335603.77,6150074.42,6062882.11,6363194.47,7267148.67,7406373.61,7660318.6,8085757.64,8389244.1,8743804.08,8891328.0,8682078.02,8785458.05,8984679.02,9018340.18,8684560.75,8604824.92,9221507.59,9666270.19,9416863.37,8790574.87,7902376.73,7202312.89,2015-03-10
69,6781335.22,6501995.21,6342001.31,6209390.71,6510287.96,7315521.26,7422568.37,7710002.54,8118129.79,8417928.56,8787273.25,9010859.01,8794907.83,8909511.91,9072698.13,9076883.34,8937481.87,8756116.14,9397098.14,9791964.46,9548299.11,8986201.19,8114883.05,7257622.38,2015-03-11
70,6796938.17,6534839.02,6395055.41,6351132.21,6601759.01,7317135.58,7459337.74,7726114.62,8203830.37,8569077.52,8866095.31,9083700.97,8872238.18,8940211.39,9161786.29,9121958.39,8953262.38,8703354.29,9238261.1,9655400.04,9339566.16,8846625.92,8067826.36,7296556.4,2015-03-12
71,6840753.78,6583427.81,6376500.97,6348341.43,6614109.27,7257577.45,7431832.1,7757185.13,8225873.73,8516640.03,8700850.04,8934632.04,8785713.39,8832701.89,9064408.6,9052609.44,8818995.63,8619474.11,9223782.02,9453169.76,9122615.31,8741962.46,7987367.02,7317877.77,2015-03-13
72,6714515.59,6431266.45,6251331.18,6179771.42,6270553.66,6492613.3,6553483.09,7100295.0,7754070.53,8129470.29,8396691.42,8556848.54,8390290.79,8161331.88,8145735.99,8028213.89,7873369.12,7868466.42,8652948.26,9012202.42,8731910.65,8284017.74,7623831.93,6996388.61,2015-03-14
73,6422824.42,6098186.85,5911597.48,5790445.8,5725888.43,5743496.79,5622066.24,5879350.66,6296360.39,6586155.12,6903880.21,7110220.09,7116497.02,7071659.4,6958351.72,6867488.45,6801193.53,6876321.81,7837907.94,8388932.69,8293506.99,7868121.77,7204315.91,6657973.77,2015-03-15
74,6232940.81,5966433.16,5798969.63,5785389.34,6048904.68,6764182.8,6941761.82,7269143.12,7964470.1,8266127.02,8525255.03,8763139.59,8563429.64,8552475.2,8692049.99,8670880.06,8601230.15,8350658.56,9116699.98,9495105.69,9212582.91,8638475.41,7714130.12,6902024.76,2015-03-16
75,6236385.12,6051863.68,5920859.26,5939157.41,6167450.62,6900085.8,7140853.05,7447447.67,7999795.85,8306870.82,8567812.41,8782929.52,8523141.38,8657721.43,8842821.78,8867240.01,8769717.19,8521025.29,9132836.08,9453071.89,9114212.06,8553516.75,7591080.28,6774406.46,2015-03-17
76,6295079.12,6021129.01,5883827.06,5823653.61,6064588.46,6820680.67,7074450.0,7353725.53,7888356.45,8125375.5,8345736.99,8611432.16,8436213.43,8416338.26,8620400.96,8649648.3,8581439.34,8400250.37,9025066.98,9267905.65,8992402.68,8430976.68,7493259.44,6563702.97,2015-03-18
77,6098464.42,5878010.3,5732171.97,5727830.86,5971520.16,6660518.45,6904252.42,7236522.71,7784904.91,8028971.6,8325572.71,8594713.73,8369598.89,8327402.4,8544696.98,8613985.22,8502353.78,8341732.51,9032571.8,9241248.92,8916584.08,8342712.34,7403684.91,6562127.33,2015-03-19
78,6091092.75,5839586.38,5710468.59,5712010.35,5965768.34,6672908.15,6798213.84,7108700.86,7533396.83,7965427.43,8307749.8,8587963.31,8340000.25,8317436.32,8512075.34,8560640.41,8449539.7,8233516.52,8952222.53,9241484.47,8855030.31,8281170.11,7443015.32,6683864.53,2015-03-20
79,6190558.75,5937103.48,5798920.26,5759207.44,5858984.88,6110349.81,6234618.45,6712966.43,7254597.24,7638807.38,7921027.06,8099218.38,8041788.66,7812115.05,7622037.0,7506343.44,7390109.35,7325197.43,8293050.94,8696712.09,8381528.51,7735462.0,7126035.11,6418378.97,2015-03-21
80,5982949.83,5713123.48,5575108.72,5472824.58,5474957.93,5509122.03,5304543.17,5613858.04,6056281.88,6395938.28,6702291.44,6890297.15,6925613.63,6787584.15,6665498.82,6574841.67,6485359.33,6501837.54,7485974.88,8008966.92,7808485.23,7276592.22,6722245.5,6238603.9,2015-03-22
81,5866456.03,5630115.24,5464483.43,5378992.16,5407338.53,5475424.31,5335870.28,5670122.44,6175860.42,6712060.9,7211869.78,7504882.32,7597327.92,7486808.58,7354165.46,7223582.86,7141439.64,7062704.6,8037834.3,8528940.73,8264453.97,7711113.83,6873273.71,6329978.88,2015-03-23
82,5917062.36,5730869.12,5628400.0,5637462.68,5956379.18,6647394.66,6749533.37,7091222.45,7605397.08,8128415.15,8567883.38,8913865.95,8638620.7,8703398.33,8817507.5,8777695.78,8628156.83,8412173.06,9200099.62,9487792.6,9169139.94,8585783.32,7656190.01,6832739.7,2015-03-24
83,6342340.99,6138384.74,5977797.45,5932154.99,6127182.8,6555573.05,6772010.81,7281029.83,7799577.47,8227528.3,8685062.13,8881086.51,8661958.99,8663043.39,8776743.63,8746489.14,8583964.11,8355696.65,9112722.02,9444289.61,9162491.18,8563967.24,7629903.95,6756501.46,2015-03-25
84,6351723.22,6149798.45,6009364.29,5965397.18,6219324.89,6877308.01,6994633.62,7304761.07,7796036.47,8022024.7,8507660.53,8770492.8,8583004.83,8721970.11,8930738.98,8902435.84,8705557.09,8555549.35,9198602.42,9618869.89,9308918.95,8629841.83,7661929.11,6892220.72,2015-03-26
85,6468899.61,6235355.27,6084353.15,6048487.94,6342983.39,6921091.14,7060172.88,7454405.2,7972976.42,8324217.63,8620169.72,8903487.27,8737407.03,8802294.02,9019619.01,9023683.83,8839361.76,8438128.45,9179270.05,9596742.26,9242366.2,8632181.04,7854672.71,7114858.81,2015-03-27
86,6681228.84,6397561.01,6171321.39,6133673.65,6284471.55,6415168.6,6557352.05,7122799.63,7687024.32,8034815.12,8345039.19,8549479.09,8412010.0,8264461.42,8078289.78,7953381.79,7718278.52,7747171.18,8696271.17,9004435.22,8735618.97,8162153.42,7373450.58,6793712.21,2015-03-28
87,6376072.3,6085783.92,5864092.82,5780855.56,5743387.54,5711542.36,5646721.18,5945640.25,6357907.38,6620852.79,6786646.31,6939054.23,6954109.67,6926616.91,6737267.66,6563763.16,6503741.95,6674522.07,7784195.66,8161764.76,7933000.59,7525280.22,6901191.2,6327265.29,2015-03-29
88,5949854.59,5757208.05,5579866.98,5542254.62,5727919.33,6044501.58,6306934.58,6904127.57,7595016.32,8132879.77,8473882.78,8635938.67,8567049.5,8505360.94,8483929.49,8425830.61,8384017.64,8307497.48,8948702.59,9229953.96,8971881.1,8418363.36,7466113.36,6637187.2,2015-03-30
89,6189283.68,5983548.83,5837133.28,5754514.17,5906407.24,6232029.23,6451538.65,7009266.45,7623612.49,8023151.6,8413141.78,8565925.96,8410599.83,8492928.46,8484095.23,8364195.17,8306486.38,8170860.54,8952479.1,9235558.27,8969065.55,8460646.32,7523064.25,6689263.28,2015-03-31
90,6218452.05,5961206.29,5827185.12,5787098.91,5983044.85,6259152.34,6452709.92,6978721.06,7562403.76,7967543.62,8313390.59,8534250.15,8315672.19,8196732.07,8216930.4,8180481.77,7988664.77,7785895.84,8682279.33,8957346.36,8624669.31,8058169.14,7241405.17,6600012.87,2015-04-01
91,6075653.74,5827482.25,5608054.87,5544334.87,5516831.42,5483023.33,5265322.27,5531650.38,5937781.47,6327307.74,6627299.64,6964646.24,6987551.42,6892682.04,6805754.82,6680382.55,6488795.85,6461053.81,7380482.83,7797837.05,7555768.9,7087802.64,6506460.16,6064827.75,2015-04-02
92,5672347.35,5430139.44,5254641.55,5178836.1,5136102.04,5098179.37,4933268.05,5192854.82,5512636.23,5719268.25,5876364.95,6047598.36,6134451.96,6081497.58,5921041.42,5812775.18,5778489.39,5923164.23,6872251.24,7208524.03,6953280.38,6722061.29,6331749.27,5836169.3,2015-04-03
93,5513442.1,5273944.28,5127931.02,5102714.77,5146162.18,5232430.06,5223745.26,5661398.61,6163877.99,6581287.6,6899158.48,7099385.96,7133994.79,7041792.73,6923420.53,6832924.29,6752089.96,6808251.37,7695515.52,7924657.79,7690751.11,7237060.92,6709730.09,6278227.15,2015-04-04
94,5817495.69,5580666.71,5421619.76,5316825.92,5300875.14,5290265.35,5131949.64,5430792.85,5858166.35,6138945.55,6429892.54,6599105.68,6671740.95,6636805.75,6518885.23,6435476.97,6353226.82,6471234.3,7536931.45,8000280.07,7757761.72,7356341.28,6740140.75,6199133.69,2015-04-05
95,5832434.65,5618005.17,5484404.67,5467290.4,5681325.57,6311873.78,6541578.89,7051161.84,7660483.38,7972139.68,8333991.96,8524810.04,8325594.14,8391536.32,8543684.97,8463472.87,8396767.45,8232660.21,9011223.78,9357887.21,8989988.91,8348031.85,7450174.36,6732577.61,2015-04-06
96,6267728.82,6023606.08,5885144.42,5832835.4,6060905.65,6780267.97,6905097.79,7258024.56,7784634.55,8038710.83,8351351.58,8581861.14,8334726.78,8301848.09,8545231.47,8563439.3,8422480.93,8268884.41,8964913.24,9157544.44,8910727.6,8337996.69,7540727.83,6741189.92,2015-04-07
97,6304844.23,6055305.72,5882689.5,5828291.85,6081534.8,6763958.53,6950483.27,7312979.8,7796390.35,8084775.11,8378367.13,8550586.83,8336887.49,8311130.95,8476459.41,8449189.31,8310623.81,8186210.02,9096188.22,9419559.1,9055349.76,8315250.32,7458278.81,6710314.01,2015-04-08
98,6242263.05,6008171.17,5881184.04,5831211.24,6105520.99,6739041.56,6887249.36,7284039.46,7793277.29,8151108.31,8593056.53,8810506.91,8631726.48,8640441.69,8826599.28,8782343.99,8613654.73,8386366.56,9202326.12,9541912.57,9191624.1,8521346.04,7593348.82,6875733.5,2015-04-09
99,6392682.1,6148688.02,6012689.67,5940985.74,6242029.85,6817370.1,6981727.86,7403932.15,7911226.94,8284951.69,8727042.91,8932004.57,8700023.44,8750638.94,8923456.62,8946057.94,8712472.54,8472604.03,9287954.24,9535088.71,9121677.87,8553057.76,7915910.33,7124955.53,2015-04-10
100,6576958.61,6291991.73,6065326.87,5998286.71,6114978.29,6242415.07,6419457.96,6933168.48,7463067.3,7864827.01,8203089.75,8389421.3,8272084.49,8063389.73,7823580.92,7682990.01,7501503.91,7480588.27,8551370.02,8882569.11,8559379.41,7942483.71,7228810.65,6649441.84,2015-04-11
101,6210673.2,5920037.21,5746574.9,5645213.97,5602168.75,5584355.53,5412111.35,5734000.87,6108277.18,6444448.1,6721598.9,6911612.58,7008868.86,6927289.22,6775716.9,6710091.35,6649078.2,6723175.41,7842731.74,8373701.09,8197773.29,7765558.99,7019325.03,6425147.91,2015-04-12
102,6022618.57,5811084.95,5642911.82,5623016.92,5887755.57,6570035.64,6742843.21,7168911.49,7730361.6,8148844.83,8615719.28,8936162.74,8697504.71,8564828.62,8711264.59,8684303.43,8508345.71,8349557.78,9177491.95,9568270.85,9167334.51,8498304.33,7607554.51,6809982.36,2015-04-13
103,6338618.74,6069572.9,5944236.9,5898135.67,6146064.93,6827461.91,6965552.23,7387635.9,7827642.88,8087626.28,8481817.89,8735435.87,8488926.58,8539706.49,8747258.01,8787900.13,8647514.41,8424376.17,9264232.24,9579323.32,9299244.6,8568609.14,7617189.44,6844536.83,2015-04-14
104,6352126.09,6123653.67,6008419.3,5979933.38,6265776.81,6879409.53,7006240.89,7382939.07,7892618.15,8118105.68,8492540.48,8687443.58,8425820.17,8589990.3,8811501.87,8779418.78,8622640.3,8399932.45,9189093.66,9450934.26,9150054.5,8497113.09,7498798.52,6733473.15,2015-04-15
105,6231723.69,6068815.3,5925781.84,5892852.85,6141473.85,6738248.96,6900866.91,7286283.87,7804506.51,8098544.69,8554890.43,8794292.01,8509983.98,8507069.63,8680991.98,8638028.97,8477625.87,8270589.4,9091074.31,9308213.28,9014760.48,8380086.55,7368526.04,6636810.89,2015-04-16
106,6198225.9,5938237.65,5820787.43,5769169.33,6037744.95,6623947.17,6796427.38,7160693.28,7673054.96,7959765.01,8368798.82,8567204.28,8322346.95,8342477.35,8509214.34,8486062.05,8365419.03,8090512.32,8900393.9,9159005.64,8737295.01,8174491.48,7380554.93,6689604.06,2015-04-17
107,6158764.51,5932778.57,5770345.26,5721437.39,5844895.94,6020624.63,6215982.06,6749419.07,7336331.64,7734937.44,8061484.73,8193813.32,8083708.19,7858289.78,7708914.36,7630592.01,7458747.9,7387726.31,8398809.08,8765405.56,8458769.13,7871140.19,7140949.87,6487514.18,2015-04-18
108,6003009.37,5716922.64,5537658.44,5427638.62,5411761.34,5364546.71,5289388.35,5571190.59,6000344.81,6305084.07,6531356.22,6727696.21,6822380.76,6755401.32,6562121.92,6391199.13,6349192.61,6428667.88,7595009.01,8143872.18,7890610.81,7334388.92,6678932.19,6120877.87,2015-04-19
109,5762257.79,5518796.61,5400218.5,5377271.79,5653557.76,6490251.02,6632090.77,7063537.05,7622174.28,8012915.45,8452065.81,8708249.52,8540564.93,8548843.2,8743501.61,8750407.11,8644675.76,8428836.61,9136244.42,9343965.39,9006381.93,8358394.02,7391308.99,6631007.96,2015-04-20
110,6035094.83,5830581.63,5696929.56,5693072.1,5933851.2,6670744.79,6790981.92,7231408.37,7777834.31,8082192.73,8351058.17,8586623.27,8405238.7,8504039.95,8763387.63,8783382.06,8623847.41,8428276.25,9188941.35,9371653.42,9124778.05,8433017.54,7561874.93,6649435.96,2015-04-21
111,6228249.92,6009043.3,5848107.88,5829761.55,6078187.79,6552083.4,6758899.33,7287598.9,7829039.67,8148717.66,8541053.51,8818698.34,8649421.35,8720175.46,8985939.03,8983315.7,8684256.36,8483255.69,9289832.63,9536466.01,9188474.62,8491184.39,7501122.37,6787537.56,2015-04-22
112,6297415.87,6083338.0,5962314.93,5901519.23,6116106.28,6585510.32,6843139.09,7283764.47,7847440.21,8202618.92,8522037.17,8749955.83,8554922.51,8600536.13,8813936.0,8807048.5,8611204.92,8359183.47,9166528.5,9497905.89,9150387.94,8576367.89,7641222.6,6859088.07,2015-04-23
113,6402570.39,6155979.83,5975451.46,5925471.48,6189853.48,6696310.79,6928110.11,7449728.1,8066642.96,8418537.5,8814962.29,8837658.87,8677420.2,8656079.83,8836951.58,8901542.0,8606515.45,8395723.94,9298605.05,9525316.75,9177200.81,8542480.02,7860809.77,7138322.05,2015-04-24
114,6527376.25,6280092.81,6127118.37,6062692.79,6166234.13,6327688.95,6460912.09,7025235.85,7575502.52,7963583.71,8221251.91,8367408.92,8236327.47,8022688.89,7775950.66,7613050.6,7473132.42,7460178.39,8498769.54,8852011.45,8527119.26,8007637.95,7379692.13,6753205.8,2015-04-25
115,6270362.63,5965958.88,5795466.65,5709179.6,5657239.4,5568375.68,5499557.17,5866481.03,6277543.03,6543671.58,6813571.63,7010674.05,7102679.96,7007639.08,6844933.04,6745778.83,6640940.57,6707447.25,7929895.48,8483576.92,8309531.95,7783788.69,7204448.16,6536706.72,2015-04-26
116,6073312.24,5830086.36,5686407.87,5686889.03,5964578.98,6599284.76,6836183.74,7436741.32,8146813.16,8533403.11,8890701.33,9184678.23,9031644.25,9062101.62,9219838.8,9130763.77,8890042.99,8549016.88,9303856.09,9656655.47,9296681.69,8637734.26,7712049.07,6937610.57,2015-04-27
117,6469295.22,6218669.47,6108993.48,6064074.12,6324095.82,6820468.06,6997526.37,7538349.23,8107829.57,8460240.01,8768191.31,8928855.3,8737132.78,8765309.14,8907621.83,8873959.39,8750230.26,8539884.92,9372078.74,9639062.05,9327566.52,8751331.93,7725422.18,6936621.69,2015-04-28
118,6468451.62,6212078.36,6066065.96,6010431.99,6242625.79,6735590.14,6991463.45,7482058.66,7965572.24,8452890.6,8869456.88,9108686.53,8930254.08,8984071.88,9108891.16,9048212.85,8889066.08,8432401.07,9306099.34,9583272.07,9298354.08,8757896.5,7815603.71,6987211.18,2015-04-29
119,6495507.65,6210553.13,6082300.76,5989549.75,6245540.69,6727159.11,6967365.26,7462627.51,8012149.09,8354181.96,8770681.68,8989120.94,8761421.65,8691134.43,8827400.82,8813567.16,8634191.77,8424205.05,9225335.65,9309475.11,8905175.81,8338827.97,7535244.22,6857582.18,2015-04-30
120,6409353.36,6101803.24,5935636.1,5811103.32,5839447.71,5804275.09,5594642.85,5809672.87,6302918.8,6699296.6,6986828.36,7235468.92,7308768.64,7231121.63,7102820.21,7019928.5,6873299.7,6855654.63,7964945.08,8293412.51,8026414.03,7560021.52,7061911.29,6547717.37,2015-05-01
121,6098189.58,5857026.78,5686051.93,5599286.29,5661184.76,5742469.59,5852387.16,6426526.32,7017276.45,7421244.85,7746236.37,7940725.24,7874684.86,7739471.44,7567618.26,7396992.01,7226961.0,7268820.01,8325532.66,8588539.48,8323353.33,7810933.09,7212732.8,6730390.45,2015-05-02
122,6255874.7,5912299.63,5730200.88,5629994.86,5586209.54,5507083.61,5378142.55,5727765.79,6100679.57,6460512.58,6720075.84,6946217.12,7012708.65,6968816.66,6804303.8,6718584.24,6666873.44,6740732.66,7807938.62,8212081.8,8050654.8,7639642.99,7050641.82,6474024.13,2015-05-03
123,6107623.24,5861033.74,5741013.01,5721486.7,5962470.1,6405283.46,6687724.81,7222839.39,7826501.63,8089210.38,8531829.22,8834039.18,8740860.5,8783403.98,8909027.27,8923088.58,8824606.85,8569080.54,9218760.03,9478754.74,9222191.94,8727936.43,7696738.31,6975479.23,2015-05-04
124,6487026.62,6264382.75,6114815.92,6094485.31,6321563.47,6815699.05,7034007.31,7557491.51,8073221.47,8369183.17,8697687.82,8968437.6,8786812.91,8858857.29,9060960.67,9007976.79,8729326.89,8566466.75,9336350.17,9584716.77,9314934.24,8716697.61,7893589.73,7134561.17,2015-05-05
125,6618619.99,6367692.16,6249977.65,6209313.01,6444954.38,6903451.67,7154460.25,7578234.45,8119180.37,8427356.4,8800285.29,8957054.64,8769092.46,8865763.25,9067927.48,8998493.16,8744911.97,8606117.54,9235521.51,9474223.68,9116340.29,8604383.8,7804451.8,7096062.69,2015-05-06
126,6559023.68,6171502.33,5996741.58,5999918.07,6172021.67,6803767.68,7114679.25,7638492.7,8197432.83,8481188.33,8806775.79,9040492.75,8877246.21,8986086.17,9072302.25,9014840.62,8762732.61,8580305.69,9301790.28,9611832.92,9243674.7,8711656.54,7946648.72,7191932.4,2015-05-07
127,6702076.87,6413956.81,6253770.39,6201758.42,6432921.77,6962044.49,7175787.5,7668792.62,8155390.4,8445271.8,8866096.92,9072256.95,8813459.44,8822161.76,9017402.85,9052375.86,8835215.82,8608526.31,9301557.45,9618515.87,9251459.78,8723624.78,8019893.68,7305077.65,2015-05-08
128,6790344.16,6535846.17,6367796.74,6244819.36,6324468.5,6417637.55,6631494.16,7197151.48,7704320.63,8102051.3,8441462.39,8622418.7,8461168.51,8267673.48,8091401.76,7985575.81,7817813.75,7814116.79,8774610.31,8997245.44,8767825.34,8194322.41,7620109.6,7035126.73,2015-05-09
129,6573269.96,6260117.96,5990174.14,5865293.06,5782757.65,5661604.14,5536817.66,5969690.94,6489266.03,6802976.23,7029346.5,7165501.44,7115151.56,7001699.85,6827279.23,6710736.83,6636086.54,6765976.95,7779878.01,8234860.26,8104874.82,7741626.04,7262763.51,6702960.37,2015-05-10
130,6300012.32,5922725.86,5828558.79,5823737.57,6119648.11,6774393.14,6988760.91,7503588.31,8112023.55,8474072.87,8796410.16,9073099.87,8865873.59,8921131.72,9251060.77,9266477.73,9035858.92,8806149.24,9520073.85,9786460.22,9682069.65,8943559.93,8052519.08,7276121.59,2015-05-11
131,6779140.88,6529754.07,6369803.5,6362566.4,6641413.29,7168534.04,7316011.47,7800282.4,8447860.82,8891860.95,9319741.75,9509578.1,9210077.98,9258215.49,9527123.75,9556936.84,9382355.93,9054254.71,9582589.2,9837955.46,9575780.54,9121359.39,8121377.86,7281161.35,2015-05-12
132,6782888.72,6523424.8,6339394.59,6282945.59,6534213.2,7171830.28,7408973.17,7812765.34,8307968.59,8555582.07,8845802.13,9090879.97,8874508.33,8953960.19,9181446.78,9237764.44,8959368.67,8810561.31,9594256.25,9882115.13,9533616.56,8936249.42,7995195.8,7253346.86,2015-05-13
133,6736485.03,6439406.54,6190268.47,6097865.21,6368627.17,7060831.55,7316324.92,7706961.64,8214249.49,8476421.54,8736661.04,8961856.89,8743275.15,8850795.88,9060371.1,9072094.2,8897294.33,8760341.27,9392065.72,9535894.62,9395061.29,8699439.9,7881530.0,7209932.26,2015-05-14
134,6620377.37,6321850.58,6101636.47,6062483.34,6290627.15,6821062.22,7022960.93,7562113.19,8128242.6,8368190.48,8673205.39,8865908.92,8645758.17,8655340.98,8775819.05,8734724.88,8589471.15,8448467.94,9068574.66,9273343.12,9013415.59,8493853.74,7819813.64,7170678.14,2015-05-15
135,6633546.26,6367929.02,6210411.89,6139562.47,6235083.73,6345644.15,6513972.47,7052618.22,7633063.39,8015694.85,8310640.6,8469584.4,8329715.67,8142530.79,7960260.37,7802109.39,7640794.85,7670902.26,8543095.37,8776292.77,8521219.87,8002508.87,7403899.89,6809253.95,2015-05-16
136,6331012.62,6054040.01,5806432.46,5622759.02,5593558.71,5513983.93,5386577.98,5769705.0,6130576.72,6423864.01,6757172.35,6910229.56,6954191.31,6853486.15,6745979.89,6572195.91,6556040.91,6654050.51,7602683.92,7917398.52,7655575.05,7376635.59,6891761.04,6410649.17,2015-05-17
137,6014810.02,5711490.45,5556214.84,5463971.82,5459145.57,5590800.24,5506644.25,5885789.4,6333694.88,6731195.82,7082997.03,7332664.5,7396268.34,7339751.82,7175685.16,7044008.58,6938984.99,7058992.25,7958816.05,8504022.09,8262369.62,7609226.47,7028468.67,6525191.86,2015-05-18
138,6100203.28,5854591.48,5700572.03,5755792.05,5984538.75,6683861.51,6930430.25,7368678.5,7864021.05,8206942.78,8511655.88,8733522.08,8534467.07,8476140.25,8761752.2,8773926.2,8627311.95,8557588.93,9215958.69,9557712.23,9258594.94,8525942.83,7685301.74,6931185.93,2015-05-19
139,6443022.32,6162736.68,5976180.57,5928654.76,6239128.33,6910986.35,7104313.66,7581551.27,8060589.36,8360075.81,8738648.65,8947169.35,8687577.83,8840056.44,9036549.71,8999869.49,8790204.86,8652452.67,9382733.91,9636358.2,9235215.06,8589924.5,7773176.66,7061973.75,2015-05-20
140,6545626.57,6206656.94,6015959.69,6027134.73,6290934.5,6989049.59,7147153.65,7570012.17,8019495.27,8352140.91,8603614.36,8858780.2,8658300.63,8655128.84,8866832.48,8907911.86,8790097.91,8566917.14,9351345.18,9730375.36,9282775.05,8599574.34,7720476.05,6961354.17,2015-05-21
141,6486464.89,6240535.3,5989843.78,5932792.84,6224741.42,6868656.68,7073434.66,7409001.3,7903428.27,8285438.92,8590588.43,8839469.97,8605183.99,8659126.53,8855220.95,8831687.09,8698710.42,8476404.87,9183281.88,9523160.07,9169121.38,8504352.11,7763408.61,7099927.46,2015-05-22
142,6582960.71,6365350.49,6153254.4,5989670.23,6105481.91,6253734.75,6416334.52,6989803.97,7625426.93,8066042.67,8389954.58,8577264.23,8479555.54,8276169.6,8097942.73,7942437.03,7769830.1,7760068.75,8707758.05,9059040.9,8690069.52,8129546.64,7493234.01,6875309.45,2015-05-23
143,6468156.97,6146291.17,5878784.2,5705845.33,5657355.18,5541694.47,5492118.84,5910080.4,6404323.18,6759121.52,7013259.11,7224513.81,7264815.87,7168077.0,7012081.49,6951757.46,6838683.97,6877665.73,8050303.18,8610766.31,8329501.48,7832679.08,7234145.57,6617866.42,2015-05-24
144,6138930.8,5887936.44,5757888.87,5681059.33,5944141.17,6694830.01,6896541.05,7350674.65,7886081.39,8203634.67,8525072.22,8687183.52,8455968.14,8581342.6,8786928.73,8797347.24,8688736.33,8561726.94,9245160.88,9467456.07,9245056.14,8635644.45,7605883.41,6839604.03,2015-05-25
145,6381169.84,6137128.68,5981550.59,5963895.32,6291772.59,6875656.47,7067626.22,7470659.34,7978328.55,8346039.38,8732410.62,8943206.69,8727944.24,8773696.13,9022923.2,9012708.53,8863309.58,8696786.97,9447283.57,9773298.39,9425322.4,8770769.94,7839584.2,7030727.8,2015-05-26
146,6578344.44,6276616.04,6134938.95,6104557.57,6347902.13,6975275.86,7145658.95,7571114.01,8047824.49,8239513.49,8612944.73,8820811.72,8627221.42,8716780.6,8901329.21,8858462.14,8664874.49,8502829.46,9302519.57,9598934.29,9235856.44,8510605.88,7652164.26,6907946.38,2015-05-27
147,6472490.78,6172769.72,6026433.91,5990480.46,6230738.29,6892466.44,7128115.03,7502199.94,7935877.49,8186298.62,8465374.43,8654647.37,8390842.02,8367283.7,8514381.72,8509934.43,8411804.72,8393230.03,9245590.15,9508841.72,9118310.76,8338690.33,7541974.5,6855653.03,2015-05-28
148,6417117.24,6128538.36,6019704.55,5957167.92,6249870.85,6873359.2,7061732.37,7452674.77,7916583.99,8309689.41,8598729.17,8912648.8,8658792.93,8528313.6,8593395.0,8484723.21,8475146.8,8283985.13,8931359.01,9245189.63,8936526.53,8335911.38,7427881.85,6739364.23,2015-05-29
149,6290350.9,6041903.69,5890292.92,5787553.01,5969687.7,6061062.84,6288462.95,6900928.88,7469663.58,7792601.34,8079270.32,8300962.66,8224609.79,7964932.96,7715863.07,7595069.12,7458908.56,7512260.27,8448405.13,8760482.81,8423100.88,7905911.79,7161231.57,6525681.27,2015-05-30
150,6106147.21,5824629.59,5596947.53,5513497.97,5497508.94,5455145.03,5374749.86,5767588.32,6194630.0,6573783.01,6735119.63,6946193.59,7016314.92,6957366.8,6806167.34,6704622.31,6629603.0,6727075.84,7838352.14,8342720.75,8114355.67,7656626.01,7078883.32,6457354.34,2015-05-31
151,6125394.21,5876860.65,5762002.8,5734039.95,5953795.63,6554955.67,6754080.59,7188324.77,7749677.35,8122339.14,8553415.79,8808222.84,8599339.83,8629066.72,8789785.92,8811957.01,8658535.34,8353524.75,9101904.8,9505040.49,9155328.39,8496251.17,7550121.51,6788335.35,2015-06-01
152,6277761.64,6078400.49,5936606.43,5853285.16,6099347.51,6696978.91,6852149.67,7283935.43,7820194.45,8170124.39,8596382.02,8829714.47,8619397.39,8633259.96,8651743.45,8609832.48,8537732.52,8449369.53,9177393.3,9507101.51,9116816.09,8370822.27,7433994.92,6735748.3,2015-06-02
153,6309282.45,6079932.2,5962366.19,5979447.02,6218974.13,6776649.73,6944299.79,7330720.19,7814809.26,8105557.48,8501300.36,8710589.36,8492286.65,8519718.46,8655396.93,8640253.91,8559136.1,8517147.96,9359634.57,9725947.78,9380765.49,8644335.99,7798213.82,7058711.69,2015-06-03
154,6531647.73,6335210.13,6190235.46,6165587.03,6386204.76,6951549.3,7079035.37,7481461.7,8004756.37,8327562.33,8616252.55,8821171.58,8626050.66,8670265.74,8790311.08,8713398.07,8580272.03,8438312.92,9130343.46,9437701.73,9135177.84,8598738.03,7678865.04,7013230.67,2015-06-04
155,6558773.84,6274774.88,6110821.82,6131446.19,6329903.52,6941697.43,7075858.02,7487488.16,7947237.73,8260676.92,8514390.71,8713271.12,8517546.63,8488730.91,8645432.53,8627026.53,8486445.63,8305900.86,8965623.98,9257988.23,8970994.77,8391825.57,7672385.19,6999163.41,2015-06-05
156,6531818.54,6293428.9,6134345.8,6078717.31,6151543.83,6311044.63,6431763.52,7029544.2,7607374.61,7971406.7,8215878.31,8350796.71,8318848.72,8179025.2,8036979.95,7867597.54,7705246.85,7673439.65,8416493.8,8714820.53,8489544.07,7981688.78,7368637.77,6771219.18,2015-06-06
157,6350154.66,6074365.99,5876755.71,5783810.46,5738507.43,5609738.15,5506381.71,5828816.39,6217744.02,6544060.42,6760441.99,6951280.45,6978837.23,6891139.7,6726823.81,6636165.93,6548235.96,6575006.53,7447492.1,7838391.64,7725372.91,7359146.79,6814844.82,6290434.18,2015-06-07
158,5923052.01,5688212.91,5564321.53,5465678.55,5488427.98,5467385.39,5433151.83,5803911.41,6166078.05,6521497.15,6828235.06,7099756.79,7192498.64,7127281.93,6856876.74,6769158.9,6714780.65,6824001.79,7736780.58,8249727.38,8037557.55,7500294.6,6887390.23,6349594.07,2015-06-08
159,6011960.51,5809402.65,5711252.62,5685825.11,5926218.64,6494824.33,6714342.21,7143161.18,7672752.96,7972803.05,8267890.35,8507026.99,8295093.02,8260461.49,8436568.34,8459998.57,8320493.19,8221986.55,8923605.16,9239636.26,8908227.69,8328356.09,7489766.4,6768059.26,2015-06-09
160,6288596.12,6087783.7,5958482.02,5946960.24,6177793.48,6699546.18,6893312.17,7334769.66,7772129.78,8068663.33,8445379.92,8656146.24,8432442.46,8453627.19,8639974.07,8616506.62,8435918.14,8322153.71,8900245.18,9269080.28,8975193.86,8409009.11,7598037.96,6892747.0,2015-06-10
161,6379210.96,6111007.3,5948910.51,5904955.1,6136321.32,6760857.86,6960896.38,7431192.86,7903387.04,8163933.46,8493385.76,8696804.78,8495109.4,8515411.01,8647091.98,8644854.98,8550433.15,8407109.34,9024049.17,9301483.31,9042463.37,8467051.01,7659140.28,6948353.22,2015-06-11
162,6481826.63,6147676.58,5999478.79,5899111.5,6144257.78,6677898.28,6956815.07,7466893.84,8067244.15,8358754.17,8617578.45,8893000.83,8700697.17,8717422.51,8880631.13,8873043.33,8697564.02,8471299.59,9027370.01,9353219.57,9055721.77,8540426.83,7794093.1,7143528.22,2015-06-12
163,6662883.96,6385596.33,6154830.27,6029513.63,6070292.22,6239486.4,6373648.05,7029763.52,7583781.14,7965567.67,8284890.38,8418908.55,8306300.32,8160915.18,8004958.3,7873506.8,7738624.37,7683569.93,8450473.67,8839419.47,8594789.4,8084555.85,7451533.56,6855047.45,2015-06-13
164,6355001.09,6070283.9,5840921.9,5750519.11,5684549.79,5585481.59,5483911.03,5840598.79,6246893.41,6662209.13,6901988.61,7102784.3,7180917.13,7132209.15,6953439.21,6848493.61,6725704.25,6739745.98,7497406.63,7891279.71,7762206.39,7427852.38,6877157.2,6439486.56,2015-06-14
165,5937894.8,5696937.27,5519940.48,5441397.66,5455207.13,5476411.09,5387411.62,5854806.92,6366350.26,6766392.24,7081107.47,7317514.08,7384457.29,7280324.4,7131768.93,7042153.55,6946141.8,7067456.57,7988476.54,8510937.36,8364879.53,7803096.93,7118209.05,6565234.09,2015-06-15
166,6073518.58,5806400.06,5707194.67,5693548.87,5915362.9,6481616.41,6802082.38,7391099.11,7970079.89,8352216.05,8731097.7,8917649.0,8731748.7,8807268.95,8926591.38,8937529.84,8772828.04,8559146.12,9119504.1,9471794.42,9211521.59,8700122.85,7921496.65,7148197.47,2015-06-16
167,6543783.39,6276757.24,6100977.61,6049069.07,6268233.79,6777399.42,7057361.92,7572534.17,8092383.46,8399099.71,8771685.98,8940124.0,8798025.03,8800796.53,8890243.77,8879639.2,8753773.48,8512825.2,9085077.56,9320498.76,9004630.72,8565667.6,7920699.13,7227242.15,2015-06-17
168,6732655.33,6495785.89,6340587.89,6276703.8,6452500.91,6821182.83,7086451.6,7589371.23,8178191.92,8490368.56,8790724.47,8991351.46,8792616.74,8802338.7,8945285.86,8893062.19,8750077.32,8538615.26,9084355.01,9452266.32,9175962.78,8675074.44,7893140.0,7220164.82,2015-06-18
169,6662504.64,6403248.12,6295417.59,6204711.34,6334820.16,6664107.97,6998382.36,7602375.96,8200381.99,8531175.54,8868205.15,9060482.81,8854320.12,8866463.59,9002998.63,8938983.12,8806445.11,8625625.54,9126138.4,9414169.94,9078224.48,8511782.31,7893389.34,7235943.85,2015-06-19
170,6748206.79,6501744.99,6264916.93,6185527.0,6263691.19,6281502.96,6476266.26,7064736.66,7777665.62,8156287.94,8417361.95,8612098.64,8450168.35,8201277.28,7989503.07,7889124.69,7709157.84,7659961.5,8444165.76,8770257.64,8519284.28,8137609.79,7540897.9,7026298.87,2015-06-20
171,6604723.75,6194319.92,6071489.42,5962981.03,5917412.16,5799600.68,5678452.36,6057087.05,6425642.09,6756429.4,6983920.39,7179249.35,7268811.79,7161306.83,6947560.35,6809935.81,6679699.58,6725186.89,7457961.92,7871058.35,7783997.39,7483851.04,7041329.0,6565866.58,2015-06-21
172,6268368.85,6006580.08,5872299.51,5841063.26,6015072.1,6314107.29,6602636.96,7280380.57,7922367.98,8262644.15,8556200.0,8788235.7,8693112.94,8671761.34,8767294.67,8718051.99,8564171.86,8361010.11,8855141.25,9294653.32,9059263.44,8520804.56,7788312.4,7084960.43,2015-06-22
173,6524580.09,6269023.85,6124551.52,6105532.12,6277812.02,6520613.98,6878575.88,7464740.94,8033891.69,8320568.26,8615327.78,8868261.77,8733720.63,8738765.55,8865176.74,8866545.69,8650107.32,8444572.15,8955092.99,9362496.57,9049106.15,8491796.5,7816534.61,7130875.64,2015-06-23
174,6635996.92,6411210.14,6232766.05,6183868.22,6338711.07,6600720.04,6892746.82,7481645.37,8076537.23,8447419.76,8767451.96,8964571.64,8769189.65,8786366.1,8938051.19,8915858.95,8747149.24,8511638.66,8964965.35,9428916.04,9126632.75,8701001.14,7963483.46,7210814.08,2015-06-24
175,6693549.37,6500283.87,6332837.56,6286226.67,6418015.02,6631725.79,6860407.01,7491588.88,8120078.29,8437638.81,8775473.83,8984130.49,8780337.7,8753673.64,8908288.15,8840301.09,8692852.36,8478287.24,8964918.81,9395148.24,9162918.72,8657914.3,7966627.69,7287479.09,2015-06-25
176,6756104.18,6516445.01,6340881.91,6270205.17,6402667.31,6637428.76,6886911.55,7535885.92,8183486.56,8498468.89,8833067.86,9106862.35,8888504.69,8876679.9,9004976.72,8976501.51,8774951.05,8407588.75,8763327.9,9068852.38,8732768.04,8523597.72,7940867.97,7329174.01,2015-06-26
177,6879657.44,6578808.83,6430212.3,6352926.84,6375991.28,6360298.05,6394861.85,6927635.02,7523973.04,7862895.92,8164138.3,8297108.41,8198773.92,7981574.33,7793877.16,7684282.81,7571128.05,7573645.79,8255305.59,8656527.2,8428791.45,7960746.2,7497226.73,6906064.19,2015-06-27
178,6466289.56,6220327.43,6017961.64,5893011.46,5847591.31,5751310.31,5556709.46,5853510.09,6235237.48,6509821.48,6689184.01,6844855.93,6891041.23,6877259.36,6718430.55,6584522.08,6469267.79,6490472.64,7339537.52,7930081.23,7745788.67,7391534.36,6981637.61,6562502.17,2015-06-28
179,6093103.38,5912492.88,5776082.12,5663729.75,5697666.72,5648729.33,5524122.16,5858677.79,6317474.62,6771409.31,7079256.15,7298602.09,7407195.2,7296736.93,7134962.68,7023844.1,6939655.96,6956216.06,7771845.88,8344780.2,8195876.01,7792973.6,7172912.68,6640161.86,2015-06-29
180,6186520.45,6002494.01,5857525.88,5836542.44,5962456.85,6221059.18,6536180.8,7167224.93,7772152.04,8168584.93,8590862.69,8833073.2,8682981.18,8669120.74,8787493.43,8742799.98,8596934.85,8375355.63,8839257.45,9298801.41,9041052.25,8508124.57,7787856.81,7026716.5,2015-06-30
181,6505038.65,6218163.47,6073127.41,6049572.89,6190558.05,6494141.0,6756382.92,7372151.33,7974776.45,8301980.1,8659756.94,8914204.17,8788859.81,8750675.37,8846291.92,8917272.06,8758148.55,8478556.83,8858272.66,9362191.22,9092906.07,8591030.7,7857858.18,7138320.23,2015-07-01
182,6618938.51,6367410.84,6166660.53,6115564.93,6245306.95,6468462.67,6695210.01,7344567.6,7924172.66,8340935.45,8696869.7,8904300.52,8749045.63,8752342.5,8881458.15,8890154.65,8727216.86,8441698.26,8870741.3,9338818.62,9103831.41,8546362.02,7843429.35,7145199.45,2015-07-02
183,6664945.09,6373459.19,6211803.23,6146153.35,6254338.44,6524543.93,6788720.65,7411428.49,8000472.09,8375069.43,8742810.18,8998889.23,8829535.27,8801432.2,8934393.6,8917782.31,8739657.59,8495329.77,8971873.18,9373263.45,9097265.74,8541664.65,7956302.58,7318761.71,2015-07-03
184,6802423.64,6452114.59,6255524.85,6166755.78,6244330.44,6346702.69,6468138.36,7027526.88,7619428.13,7966686.1,8276636.41,8459120.87,8358733.83,8201805.63,8066404.77,7995020.46,7872257.22,7771982.5,8395586.8,8827316.54,8591145.79,8110371.83,7578541.73,7031695.68,2015-07-04
185,6580445.78,6282824.97,6103101.84,6009309.27,5923977.41,5821078.3,5649596.96,5971087.34,6328217.03,6608329.28,6931281.8,7096323.92,7094215.46,7038237.34,6896813.77,6811479.09,6681553.73,6661459.02,7512454.88,8137404.47,8017874.67,7746169.3,7198423.91,6637355.45,2015-07-05
186,6272033.98,5991425.23,5800936.19,5723967.51,5930213.28,6445292.06,6726573.56,7308517.88,7908216.96,8251515.93,8624754.55,8827351.48,8586944.86,8649982.47,8758658.29,8697450.91,8536617.9,8350715.24,8868053.18,9245206.08,8985386.06,8400514.18,7673594.18,6914910.53,2015-07-06
187,6438739.32,6229736.42,6023259.9,6015943.09,6239963.79,6746036.21,6905174.79,7411847.41,7964765.44,8254442.1,8576687.75,8793037.64,8558243.56,8552753.79,8652693.03,8606488.67,8411823.65,8279844.76,8899278.88,9275514.51,8969686.38,8356604.96,7541462.46,6801122.46,2015-07-07
188,6311360.45,6016279.25,5748169.0,5679277.25,5960668.71,6637029.03,6913601.79,7407364.59,7935649.38,8346513.64,8716203.58,8927798.44,8678527.76,8676295.62,8878298.19,8914207.99,8745570.49,8499568.38,8906554.27,9412397.27,9149459.22,8527062.55,7769023.57,7012106.96,2015-07-08
189,6558361.07,6258933.6,6038263.67,5985697.15,6183179.47,6801278.8,6966172.06,7490394.84,8059061.31,8414752.96,8750818.02,8973826.48,8727255.06,8792351.57,8927397.76,8934422.94,8741237.1,8507879.93,8955380.21,9403939.37,9196457.55,8575925.14,7861633.68,7159804.31,2015-07-09
190,6631635.3,6250340.22,6071213.5,6075260.37,6257211.51,6838089.85,7062077.89,7544281.95,8125829.6,8464398.18,8656550.89,8900502.17,8705940.74,8755792.86,8938680.78,8941110.67,8771127.42,8555005.71,9034517.08,9411449.56,9098679.68,8590840.95,7896550.18,7242915.22,2015-07-10
191,6775861.96,6523477.37,6321828.76,6258261.42,6319040.28,6321304.3,6430425.52,6994783.06,7570243.47,7930472.83,8291833.83,8461685.61,8364704.82,8086579.19,7882605.39,7763680.13,7643643.63,7663373.44,8376853.71,8834454.82,8593669.86,8135759.03,7498447.14,6948552.89,2015-07-11
192,6485098.27,6233822.69,5923444.13,5773117.31,5729878.89,5681491.24,5494356.58,5952107.87,6329445.9,6665505.5,6913443.79,7099560.39,7134173.22,7078076.84,6924439.73,6845965.4,6764737.32,6842240.42,7668331.28,8212586.65,8119791.67,7638216.89,7196916.05,6650435.08,2015-07-12
193,6171624.25,5897502.07,5678594.16,5656824.99,5941915.32,6661651.13,6873001.19,7370219.03,7953850.04,8408443.19,8820076.67,9090036.06,8850954.1,8896703.36,9018001.18,9036676.42,8908627.63,8592891.97,9089162.68,9547063.85,9286048.65,8665441.97,7857348.89,7094080.18,2015-07-13
194,6599813.04,6355963.47,6233625.48,6106009.04,6328380.97,6935274.27,7125659.36,7558164.8,8109952.95,8477572.81,8882332.09,9093026.71,8793576.12,8842172.27,9033003.47,9032367.96,8828291.42,8588998.27,9101257.42,9533938.12,9244641.86,8586194.36,7805237.33,7024793.7,2015-07-14
195,6544025.62,6310724.42,6149502.69,6152353.75,6306833.04,6852971.08,7016443.19,7440060.78,7908030.25,8180302.64,8507384.55,8757401.74,8531620.08,8565458.43,8711608.69,8704150.48,8594234.56,8437864.9,9025822.83,9449550.52,9124432.49,8522369.67,7734988.32,6994112.21,2015-07-15
196,6492459.09,6193108.86,6008921.13,5957494.74,6188427.69,6818470.78,6992941.87,7478643.92,8011887.24,8302557.45,8663441.45,8897110.23,8645259.41,8649811.63,8770836.4,8804142.27,8661940.09,8388539.15,8869386.98,9259990.32,9009786.78,8455985.95,7710405.85,7010260.31,2015-07-16
197,6477327.06,6200778.92,6007933.75,5956856.42,6175542.33,6778953.79,6942567.41,7398490.72,7982057.56,8309458.31,8717683.64,8901664.3,8687120.98,8705218.52,8894006.42,8874713.67,8704837.85,8427253.7,8884109.15,9319559.75,9017711.86,8534695.59,7886046.78,7239884.02,2015-07-17
198,6764724.36,6481675.53,6246042.28,6073409.88,6167361.27,6290983.66,6445710.74,6936063.13,7510567.18,7898497.95,8179925.41,8337122.49,8244540.83,7913497.52,7638212.3,7523706.54,7423432.07,7403176.19,8161598.07,8647938.88,8386050.33,7897782.23,7267957.11,6711551.98,2015-07-18
199,6224290.78,5888432.04,5679428.33,5549161.31,5513841.55,5493437.16,5328544.43,5711373.53,6230441.82,6526056.8,6729423.46,6866360.15,6934841.65,6889533.91,6751701.94,6623299.59,6542330.23,6555565.83,7388437.44,7882323.07,7755701.32,7388880.52,6850988.5,6326983.94,2015-07-19
200,5995456.7,5735257.05,5502254.15,5409372.42,5452840.35,5504986.26,5424603.05,5735303.88,6181416.43,6735552.21,7027951.8,7240015.41,7270388.49,7170184.8,7068688.03,7000807.09,6871317.81,6932158.77,7800995.62,8308358.77,8135800.55,7644770.63,6942612.03,6438072.26,2015-07-20
201,6084050.98,5866233.96,5747192.26,5719109.93,5968331.23,6555500.74,6738087.76,7161360.16,7750052.71,8142055.13,8530579.99,8772908.3,8525796.85,8524333.9,8741948.01,8788829.97,8669968.28,8470811.14,9026580.03,9451179.17,9129681.59,8433481.88,7653579.84,6965596.23,2015-07-21
202,6495821.79,6192838.69,5957910.36,5916723.95,6182808.39,6829068.07,6971324.71,7322356.24,7897827.63,8283019.14,8639666.06,8853219.82,8619051.69,8690711.08,8825536.69,8804917.18,8680820.61,8457145.96,8998872.94,9518277.7,9131666.5,8499931.37,7708299.12,6940264.68,2015-07-22
203,6428329.94,6219230.49,6096249.4,6092794.52,6302099.12,6912523.51,7060137.82,7481935.88,8092005.78,8407015.61,8808325.36,9022722.93,8724121.85,8642067.3,8800935.16,8817474.39,8681746.93,8408793.59,8939031.48,9481930.51,9235762.56,8521488.5,7672846.46,6954697.85,2015-07-23
204,6475055.59,6225079.48,6083241.56,6032140.86,6255347.01,6805827.59,6967868.95,7418409.07,7939226.13,8353336.15,8787765.18,9004874.18,8722090.8,8684634.61,8882085.66,8908699.15,8768938.27,8460852.07,8868755.23,9475963.13,9191616.06,8584048.52,7901291.42,7203539.76,2015-07-24
205,6657694.58,6325392.58,6124672.4,6025188.79,6091992.42,6224201.74,6373373.19,7000511.98,7589358.01,7947338.1,8221909.54,8379428.38,8291337.28,8144292.35,7985760.64,7887539.15,7730388.04,7646933.25,8265211.97,8858808.86,8641214.33,8196394.93,7611662.18,6935330.31,2015-07-25
206,6421922.5,6125822.34,5937774.81,5760544.98,5706247.62,5683610.2,5567080.13,5875305.26,6289746.03,6639145.26,6908947.4,7113311.81,7175884.19,7092646.13,6932083.03,6825830.87,6715836.94,6805434.3,7679436.45,8286370.34,8217710.3,7893526.59,7223644.06,6564889.43,2015-07-26
207,6181433.61,5960614.22,5827065.84,5814089.54,6025790.19,6558590.43,6864700.16,7324584.03,7917099.88,8356424.93,8764910.05,8952888.54,8754435.85,8767900.53,8902944.24,8917881.74,8791807.2,8579236.95,9052238.28,9485375.78,9223229.14,8591259.0,7754281.47,6927387.8,2015-07-27
208,6417066.88,6187294.81,6037146.35,5992889.9,6210924.53,6821651.04,6962729.15,7485161.46,8012360.19,8357262.39,8796620.59,8983333.07,8717723.34,8724688.94,8878428.31,8867267.16,8736810.4,8529203.99,9119297.45,9691950.24,9312809.08,8644172.52,7867509.07,7103358.29,2015-07-28
209,6583883.46,6378924.48,6224096.77,6108015.13,6357306.59,7028101.86,7185851.08,7549919.65,8056841.1,8335465.68,8633749.08,8878104.83,8564703.25,8604306.85,8870628.79,8841482.51,8737730.34,8499911.86,9109831.47,9636274.09,9355153.04,8646581.81,7918681.93,7126073.18,2015-07-29
210,6512164.01,6274990.43,6134690.7,6058880.16,6252239.79,6866869.15,7026192.66,7395783.87,7957841.99,8292702.36,8603128.83,8756708.45,8571725.7,8602722.47,8731892.1,8729330.17,8624739.23,8438029.97,9007294.88,9346861.69,9057909.25,8508485.18,7788451.43,7090943.59,2015-07-30
211,6519175.23,6207849.56,6001757.99,5962364.27,6219137.5,6781114.42,6925973.88,7324657.41,7971675.63,8313249.51,8702968.37,8905859.34,8678977.11,8696306.76,8801674.84,8733429.04,8539404.07,8349171.86,8864556.81,9308242.71,8948807.65,8428466.14,7781318.84,6986081.06,2015-07-31
212,6559695.08,6229108.15,6026016.04,5959688.18,6039133.26,6236067.19,6365371.95,6891040.7,7516977.55,7914032.68,8210663.78,8381610.04,8326314.11,8124468.76,7954438.14,7835906.29,7658194.47,7613805.31,8326044.38,8810046.35,8591306.32,8116070.14,7552221.77,6943134.26,2015-08-01
213,6545797.42,6254170.3,6006722.93,5866322.65,5730738.45,5722380.14,5613180.25,5947184.47,6348016.01,6674735.8,6925174.16,7129654.51,7165482.97,7102120.64,6942213.72,6831955.6,6718271.98,6707866.37,7550979.81,8235498.59,8172659.42,7787146.71,7283454.93,6743381.33,2015-08-02
214,6322612.76,5987622.64,5790232.03,5724798.76,5981077.61,6638390.17,6838372.79,7338901.69,7916961.02,8302957.62,8677928.55,8901390.04,8710301.08,8754927.67,8929619.82,8980770.98,8810568.27,8548201.08,9142455.09,9748433.0,9442654.98,8768803.18,7957244.9,7190274.9,2015-08-03
215,6690065.82,6420086.52,6249060.61,6196273.97,6412813.3,6996079.13,7106894.22,7508261.58,8000662.83,8371182.56,8720753.13,8960367.57,8730011.39,8802647.13,9015031.69,9012025.63,8799182.25,8508904.19,9111602.21,9712741.42,9437307.22,8741631.57,7918643.84,7162306.92,2015-08-04
216,6645326.04,6399139.0,6198622.94,6120960.03,6413138.91,7020432.67,7180929.76,7612966.74,8110353.81,8386811.36,8732912.79,9072845.34,8867154.82,8940294.1,9170245.83,9168396.18,8948803.29,8630931.41,9196686.68,9818266.35,9666527.75,9174538.31,8295544.56,7425829.8,2015-08-05
217,6811312.92,6481420.49,6326515.57,6286660.03,6507309.13,7003201.17,7169721.87,7647294.7,8327133.21,8774443.11,9111853.05,9223382.34,9129098.07,9189813.93,9322755.48,9375021.64,9145047.78,8812589.61,9212162.77,9617419.92,9400731.68,8937688.31,8114416.17,7283685.59,2015-08-06
218,6812778.7,6520096.14,6334755.41,6227294.6,6220682.36,6238894.94,6099100.76,6447262.61,6978031.27,7381751.07,7834411.28,8174955.33,8120870.93,7966996.43,7809391.46,7650204.99,7383303.13,7259199.81,8129584.37,8739551.96,8587238.22,8209534.37,7493835.13,6902961.83,2015-08-07
219,6490376.11,6184438.52,6019217.11,5944429.31,6011489.26,6120053.96,6179349.62,6675296.51,7259994.85,7634094.96,7907581.29,8069098.4,8043834.41,7894054.46,7741917.65,7632594.41,7493958.79,7457252.04,8322219.68,8821298.78,8543374.63,7933569.5,7292404.31,6664221.83,2015-08-08
220,6239082.15,5958292.27,5798028.02,5634979.01,5599540.57,5582823.73,5384661.63,5672437.18,6053642.94,6372762.88,6615819.57,6804731.19,6871872.33,6799088.44,6642742.41,6465764.94,6378544.19,6490769.54,7498090.27,8163916.44,7994669.19,7525072.93,6855264.93,6351268.33,2015-08-09
221,5993813.5,5810473.41,5697729.84,5683492.45,5943994.18,6541639.31,6757134.04,7251617.04,7860784.92,8192380.51,8529762.36,8769749.46,8548289.04,8578976.95,8758933.89,8736037.81,8596065.01,8333093.59,9059373.1,9550380.45,9228777.56,8605150.08,7683922.0,6890817.29,2015-08-10
222,6422262.32,6180281.8,6038959.19,6003630.93,6248562.58,6839213.05,6996427.24,7341033.5,7810420.32,8214730.49,8667346.55,8874191.33,8695724.2,8766842.68,8956608.84,8938365.84,8664158.63,8401091.26,9033291.5,9653239.06,9328121.49,8625233.63,7850479.59,7032268.68,2015-08-11
223,6540958.29,6308713.53,6162310.39,6145729.72,6396785.38,6972370.44,7121323.36,7584424.5,8128357.44,8474899.94,8950831.35,9194521.1,8969539.74,9053820.11,9222962.2,9076349.2,8920178.97,8682373.64,9204344.84,9618596.05,9383469.23,8786239.26,8041677.77,7226906.34,2015-08-12
224,6705672.59,6486803.98,6390843.22,6320460.47,6496614.94,7109300.47,7219979.88,7643561.39,8150249.59,8462756.74,8834760.15,9070902.62,8791977.36,8756621.88,8844683.44,8763245.84,8642096.61,8400557.94,9012759.34,9366275.24,9149694.37,8538495.1,7846089.55,7135006.28,2015-08-13
225,6635620.83,6391109.21,6212505.14,6184255.22,6444830.86,7002951.42,7177883.0,7637326.38,8183332.01,8485641.6,8794096.7,8985460.28,8729636.99,8755189.51,8931936.14,8890975.86,8745699.1,8534828.91,9084434.68,9362545.32,9122012.02,8590863.69,7914649.93,7271667.02,2015-08-14
226,6801632.52,6473428.09,6464504.19,6399586.34,6451113.92,6614929.76,6554299.91,7116923.25,7685875.41,8014954.12,8328745.01,8465546.82,8309545.59,8109865.78,7940738.32,7852266.57,7730548.81,7692370.02,8473243.79,8798689.91,8559598.91,8103761.89,7525549.04,6959606.25,2015-08-15
227,6533522.78,6139125.83,5921027.21,5831462.29,5788721.54,5783428.52,5627882.81,5850437.03,6272292.77,6559243.24,6807919.28,7012310.92,7056769.5,6971411.38,6807593.66,6669096.59,6583498.69,6634853.84,7511605.55,7922838.48,7797502.68,7448501.21,7001003.17,6557632.86,2015-08-16
228,6025923.31,5789061.51,5617937.32,5535142.45,5546748.9,5602017.3,5614696.42,5955933.89,6413000.3,6828234.13,7265684.35,7460099.36,7522561.03,7456424.26,7281499.31,7141669.6,7066319.08,7077623.25,8010070.97,8564835.48,8211936.73,7737890.56,7152872.44,6570452.92,2015-08-17
229,6092568.45,5846160.53,5708896.68,5694612.22,5961607.19,6564657.39,6775874.04,7156337.62,7780430.75,8186976.51,8627208.33,8857986.06,8666338.56,8749131.6,9027855.12,9040829.11,8903005.37,8606753.23,9196465.72,9649079.76,9275953.37,8700674.76,7911564.59,7175487.61,2015-08-18
230,6535053.72,6262497.14,6106712.0,6085500.95,6339380.86,6921775.28,7217900.5,7575131.57,8083515.15,8479156.01,8830524.47,9080737.48,8855531.59,8921425.14,9052705.52,9052467.69,8955873.26,8782327.17,9388270.11,9727029.32,9416680.45,8806745.31,8043620.51,7268893.8,2015-08-19
231,6745635.48,6491719.51,6316744.04,6301145.73,6543296.07,7146576.25,7252585.66,7633521.37,8181136.68,8513524.63,8854440.9,9081746.47,8826157.43,8896879.24,9074470.05,9102798.53,8995005.68,8765345.48,9413167.34,9762647.78,9407059.03,8792114.02,8028799.63,7317813.41,2015-08-20
232,6757389.19,6476809.63,6297277.21,6300775.56,6537121.26,7085112.7,7288532.46,7683661.02,8187126.23,8496655.23,8804204.91,8976113.04,8806014.88,8949189.37,9159526.79,9149319.46,8908639.89,8706149.11,9320419.54,9654040.12,9331390.61,8707873.74,8026774.35,7345783.86,2015-08-21
233,6877227.88,6652821.23,6470259.04,6386425.24,6461039.11,6510023.6,6626140.25,7174351.11,7802600.69,8204844.93,8530289.12,8673163.76,8548731.11,8280115.44,8077240.29,7938078.01,7809635.02,7786156.28,8610634.51,9011813.98,8652508.12,8227558.08,7571411.21,7028125.39,2015-08-22
234,6625719.95,6328393.12,6095187.41,5988970.95,5937036.32,5857844.45,5682960.33,6051800.39,6487066.17,6831320.97,7094269.83,7285268.49,7382264.73,7270565.4,7073199.16,6968542.67,6864869.63,6937410.38,7882388.76,8339348.61,8250264.48,7824312.5,7295816.57,6709767.97,2015-08-23
235,6363780.57,6109705.8,6025850.0,5999238.02,6234639.0,6796128.39,6955802.9,7402806.57,7994868.51,8383654.47,8766329.63,8997160.88,8817760.25,8830463.28,9000790.34,8962139.54,8812305.21,8655053.01,9307485.62,9631486.68,9248133.16,8623412.03,7845563.92,7133532.27,2015-08-24
236,6615677.87,6383914.73,6254804.92,6217259.44,6395462.54,7007376.74,7204883.61,7557426.36,8063288.99,8470960.16,8816797.68,9019253.48,8790453.66,8882698.32,9105265.74,9140831.61,8918021.88,8767459.59,9529313.31,9854068.38,9464070.65,8725876.61,7879398.78,7143270.22,2015-08-25
237,6783918.03,6573727.88,6389445.86,6320924.66,6558707.64,7173267.09,7307061.09,7672161.21,8015718.72,8336837.08,8645898.17,8838421.85,8671269.23,8801219.0,9035920.55,8943218.72,8829651.16,8626004.31,9355629.3,9713447.22,9311087.83,8666756.99,7890790.57,7277837.92,2015-08-26
238,6876239.73,6576760.16,6492195.79,6496876.83,6702540.65,7316385.13,7452126.25,7848484.38,8177128.08,8517133.87,8781971.74,8992203.36,8832005.39,8909437.24,9023820.31,9038042.14,8937034.84,8764933.17,9441001.48,9804525.06,9450786.94,8657381.54,7787215.42,7118242.66,2015-08-27
239,6877423.46,6683361.74,6515356.36,6484099.92,6738461.96,7307944.01,7439284.14,7862311.98,8305530.85,8584346.58,8905052.11,9165517.88,8997526.76,9031044.69,9174252.11,9171435.06,8965805.84,8724363.28,9477271.65,9792027.61,9314443.95,8700873.9,7997520.07,7362061.67,2015-08-28
240,7076480.12,6837217.27,6784585.7,6659023.86,6672707.76,6770955.39,6841029.83,7475201.06,8067008.04,8359987.59,8671483.82,8799113.63,8698233.59,8493969.74,8322802.36,8184066.04,8017436.75,7903691.68,8919497.44,9137447.02,8752242.83,8305816.87,7683456.23,7081228.17,2015-08-29
241,6742593.15,6391029.27,6267236.97,6222567.01,6040525.32,6031874.63,5823515.31,6145504.5,6625060.74,6961320.76,7224866.66,7313451.44,7348897.48,7288209.27,7154756.84,7002229.65,6913745.43,7004114.67,7857240.15,8410730.18,8362627.4,7908516.67,7453012.06,6977701.72,2015-08-30
242,6462778.52,6174090.85,6048038.46,6030563.84,6253089.63,6832639.57,7038523.11,7519307.33,8296906.21,8700644.87,9025408.12,9118534.77,8909090.09,8930192.75,9006696.12,9006953.24,8895918.64,8736317.61,9348344.34,9625269.2,9516132.04,9015100.37,7979404.76,7003961.78,2015-08-31
243,6543000.87,6360941.45,6241301.19,6209658.05,6403450.64,7035322.26,7204378.59,7557339.35,8094016.41,8445463.27,8811684.28,9084142.82,8928746.42,8890582.95,9001559.82,8968078.16,8881824.57,8722308.62,9348426.65,9695493.77,9440744.93,8818258.35,8013448.96,7226625.25,2015-09-01
244,6657828.89,6370448.8,6221333.95,6173418.45,6426119.16,7042810.28,7265500.07,7710172.81,8187741.04,8546035.23,8881430.26,9067606.2,8903447.0,8911906.24,9098862.43,9123039.35,9045369.78,8867271.57,9530495.15,9732409.33,9452994.0,8876297.01,8068723.47,7320436.13,2015-09-02
245,6676994.4,6465529.25,6294456.94,6231658.15,6484103.93,7174772.86,7327303.25,7767844.87,8182949.08,8501943.81,8806330.86,9023458.3,8810283.25,8819364.57,8903565.82,8986564.1,8882466.75,8672783.22,9410879.97,9640947.79,9378676.12,8849923.31,8014299.9,7297716.39,2015-09-03
246,6767711.37,6417850.56,6240784.39,6225844.51,6458792.41,7140211.83,7345862.56,7797605.23,8320495.5,8673505.65,8980265.53,9116553.75,8984549.97,9043664.24,9170021.07,9199143.95,9044940.81,8845752.44,9535406.62,9691082.26,9397052.65,8953912.66,8322891.68,7531354.29,2015-09-04
247,7052687.22,6766377.01,6579369.22,6498849.02,6592125.75,6682929.3,6847018.17,7415669.25,8023256.86,8428746.68,8731754.69,8877132.34,8758021.46,8566672.02,8331473.39,8167534.01,8002030.81,7996665.31,8875930.36,9075666.22,8866669.92,8331718.43,7712793.52,7150627.75,2015-09-05
248,6705609.36,6315883.04,6096343.85,5923809.09,5840756.69,5756435.2,5588457.51,5843410.75,6259069.99,6718800.63,7023573.82,7229466.11,7300094.17,7226871.71,7083345.74,6966143.61,6892729.52,7002769.84,8097834.5,8491682.63,8376129.51,7962508.03,7327206.11,6733133.4,2015-09-06
249,6330570.77,6095729.58,5896559.6,5838068.66,6075031.26,6762657.26,7013725.17,7493752.86,8110121.63,8491454.04,8950824.81,9146255.57,9001649.1,9052750.39,9198233.06,9181358.59,9060790.31,8862491.36,9551779.24,9756456.5,9550492.1,9005377.84,8029952.31,7301434.35,2015-09-07
250,6805162.12,6567197.24,6392630.1,6306280.74,6566092.64,7150873.79,7365845.51,7777447.68,8326082.5,8623849.86,9009657.37,9260727.82,9000716.25,9061963.3,9291632.44,9311406.62,9165725.45,8937820.64,9752681.9,9946162.26,9681103.72,9029250.83,8166204.73,7385336.65,2015-09-08
251,6840261.36,6591906.25,6380550.48,6347796.29,6611233.57,7206470.28,7337110.38,7764456.77,8252255.64,8534284.44,8854911.27,9070083.19,8934871.67,8976179.88,9143018.59,9099391.5,8980881.73,8832042.41,9683185.38,9864319.7,9560377.62,8974121.38,8109117.59,7355957.4,2015-09-09
252,6882450.74,6634209.01,6418792.48,6339292.23,6608574.9,7252364.68,7411733.23,7765717.76,8221201.98,8528671.03,8820351.19,9046589.54,8827424.14,8851120.38,9003979.92,9001817.62,8904526.79,8776363.84,9451499.24,9610707.04,9304120.48,8706778.86,7807281.22,7096480.22,2015-09-10
253,6628572.57,6373660.19,6245827.02,6200468.41,6418559.73,6960403.6,7134808.83,7568096.86,7927676.03,8203173.25,8507820.86,8681603.57,8463904.6,8475835.5,8682734.35,8667387.0,8505963.73,8358944.65,9216005.11,9328473.17,9029904.9,8440825.51,7708117.19,7012852.79,2015-09-11
254,6494552.79,6226579.68,6058631.46,6010858.65,6115144.32,6259252.47,6398952.2,7002314.4,7640676.67,8038925.03,8357443.55,8561882.99,8476552.41,8280373.1,8119158.9,8016974.83,7819384.83,7749412.71,8752326.37,8985849.42,8711968.83,8217708.14,7599606.35,7059450.49,2015-09-12
255,6568704.19,6264979.05,6061479.64,5924649.57,5869232.16,5782353.23,5579972.1,5982427.75,6404657.74,6772046.12,7062222.38,7237702.99,7258164.73,7212792.35,7068136.99,6962783.48,6867320.17,6960417.92,8167507.31,8533944.01,8412014.89,8020533.06,7415653.36,6770271.15,2015-09-13
256,6436115.14,6221221.36,6097652.6,6052893.98,6317248.36,6870409.0,7066078.11,7535917.15,8170099.89,8593583.75,9012843.0,9219386.63,8990296.82,9045413.29,9225728.42,9199759.41,9052194.98,8858186.57,9538618.31,9771512.06,9452405.52,8921715.79,8034321.46,7303693.67,2015-09-14
257,6983412.31,6917109.72,6810439.16,6715208.99,6914448.28,7405560.69,7526233.9,7935964.1,8465415.63,8620527.62,8941310.84,9159738.5,8997858.46,9036005.03,9219842.81,9229341.2,9100688.83,8922616.65,9653289.43,9863037.07,9600523.03,9024776.97,8175281.84,7612976.06,2015-09-15
258,7201652.35,6986176.09,6819552.11,6686111.26,6928502.01,7431065.42,7572015.09,7857950.58,8422475.78,8699861.59,9055998.0,9280639.15,9064399.97,9046194.35,9243910.52,9221188.82,9017438.93,8904674.17,9733145.47,9773922.64,9453820.36,8985604.5,8202755.86,7702477.66,2015-09-16
259,7159047.34,6832075.31,6709596.82,6638815.1,6873774.99,7286198.68,7473170.13,7825648.86,8260716.84,8473132.63,8788321.68,9029434.1,8798065.71,8785256.88,8900489.49,8873438.7,8836741.15,8805350.98,9560972.39,9629378.76,9385007.0,8998427.54,8205663.45,7588334.52,2015-09-17
260,7087796.94,6863655.87,6708812.33,6589794.16,6813356.67,7342243.81,7442924.56,7908643.34,8358117.63,8648001.72,8914175.81,9089828.21,8871018.4,8835787.85,8945997.12,8921266.66,8813130.48,8701152.97,9386531.68,9336058.02,9123048.06,8717907.23,7980021.9,7401973.75,2015-09-18
261,7012738.87,6737340.38,6556645.72,6450148.37,6524581.25,6687342.76,6759135.69,7261942.93,7875957.46,8290228.81,8547058.43,8680009.84,8584234.76,8399800.35,8224082.23,8101710.96,7957740.37,7974498.94,8877430.8,8971066.59,8668264.88,8338576.34,7720935.11,7290712.43,2015-09-19
262,6925838.59,6640717.12,6473187.07,6341656.17,6288511.08,6180615.6,5891042.65,6166285.5,6624299.62,6968101.65,7208447.4,7384646.93,7381410.78,7200981.12,7019564.73,6821734.03,6760816.03,7020837.76,7973070.35,8166686.38,8118080.43,7817245.99,7208273.37,6785017.77,2015-09-20
263,6433844.11,6277339.34,6087854.68,6071275.89,6325425.02,6840546.4,7064037.02,7495975.6,8106040.52,8495184.62,8896270.18,9061984.95,8948674.19,9041227.77,9202769.94,9151017.74,9070281.96,8980458.66,9703600.8,9762869.42,9472443.24,8950837.24,8192228.14,7524137.11,2015-09-21
264,6921813.95,6804122.45,6684650.98,6533174.91,6546274.55,7060728.94,7207682.87,7703395.26,8287600.71,8657899.17,9004919.28,9210136.18,9004111.85,9048616.95,9250607.53,9239721.91,9073560.05,8892232.42,9741972.58,9866708.73,9418621.82,8864086.84,8112159.55,7344471.24,2015-09-22
265,6836549.61,6590362.33,6426851.23,6361305.16,6618885.51,7185938.77,7340061.22,7814023.14,8355029.33,8677265.09,9011322.38,9165460.84,8922250.89,8968632.43,9095369.19,8996197.52,8954730.16,8855998.76,9668490.6,9733383.2,9456369.52,8846751.93,8046304.61,7253586.34,2015-09-23
266,6893926.81,6726041.62,6629039.48,6521222.4,6721725.27,7091905.85,7210586.55,7626801.33,8150121.93,8470734.44,8741233.4,9027398.9,8900906.55,8963235.79,9109626.54,9072557.61,8964382.23,8816881.78,9644022.99,9729160.85,9447711.91,8769743.06,8020952.51,7291414.82,2015-09-24
267,6756392.53,6513534.89,6372614.81,6331012.58,6571885.02,7062809.05,7250489.03,7685707.26,8352728.45,8679766.73,8946601.82,9215144.81,9031732.68,9102928.3,9285369.76,9242745.0,9094182.37,8896914.92,9736350.99,9759245.81,9457475.8,8896467.64,8174030.9,7516968.17,2015-09-25
268,7005211.98,6757702.39,6557695.91,6438470.38,6446262.18,6606050.15,6742668.89,7323325.16,7952694.49,8285086.59,8530067.56,8659732.28,8481750.21,8281399.15,8138478.52,8059423.33,7900544.1,7984146.35,9003639.0,9084538.21,8864350.7,8356489.28,7705205.1,7135379.18,2015-09-26
269,6696178.36,6401806.03,6218421.25,6092597.53,6040740.41,5951674.98,5872091.29,6221667.37,6616169.79,6943308.96,7197168.0,7394845.33,7462950.31,7398639.19,7264260.12,7124564.37,7052798.27,7181747.63,8296880.62,8529774.4,8340732.37,8018748.59,7520845.84,6898801.02,2015-09-27
270,6465544.13,6259571.93,6151157.41,6100605.93,6343188.42,6871284.72,7049245.96,7550710.86,8177745.59,8620091.16,9040050.85,9261584.43,9087506.91,9120536.81,9291008.09,9268514.65,9125484.03,8955294.85,9703380.71,9776055.16,9486237.71,9015708.53,8187493.79,7392892.91,2015-09-28
271,6906983.0,6645646.86,6473465.82,6437714.2,6679037.37,7190050.15,7354181.12,7810549.98,8381969.9,8712957.57,9033417.58,9214625.45,9015773.16,9091879.19,9172526.93,9104187.16,8914177.16,8945043.04,9714539.61,9700917.61,9414369.95,8855838.87,7998838.43,7206890.16,2015-09-29
272,6750617.27,6551200.12,6371115.4,6291188.91,6457942.19,7053474.84,7210140.4,7562628.14,8048062.33,8322414.89,8682137.59,8859806.1,8663474.1,8569355.9,8769383.24,8810465.63,8661623.72,8578018.08,9594795.03,9550225.29,9238138.54,8677606.6,7800759.77,7136706.73,2015-09-30
273,6535231.43,6324815.64,6173631.25,6117048.9,6362538.4,6919430.3,7076290.76,7456885.27,7911189.98,8128655.55,8451398.63,8689310.69,8488653.48,8548462.23,8728067.79,8700246.94,8603398.0,8624595.59,9369994.73,9324721.11,8996407.6,8421456.74,7566526.3,6833103.54,2015-10-01
274,6403953.63,6144458.32,5952425.46,5954409.01,6178853.38,6743548.17,6977129.41,7444761.71,7967001.78,8287333.15,8617243.86,8867403.43,8701831.35,8704121.02,8878505.57,8817618.02,8774866.4,8662026.15,9437444.77,9425247.13,9127983.3,8564287.91,7841127.59,7175260.21,2015-10-02
275,6696408.67,6426017.49,6265176.76,6184628.23,6290607.18,6424348.65,6531345.0,7069368.11,7661704.68,8067207.84,8381274.47,8551404.85,8443004.89,8266955.75,8075114.55,7987318.12,7742747.75,7843103.9,8835454.94,8888370.88,8609282.61,8209260.7,7593593.06,7031922.46,2015-10-03
276,6546926.91,6251812.06,6077448.19,5975775.91,5886385.66,5752341.57,5627604.51,5995122.42,6390056.15,6690460.27,6846357.64,7117531.52,7228065.4,7128266.76,7008023.62,6886525.48,6742879.18,6988280.59,8049027.72,8255880.73,8228794.13,7848329.92,7321845.26,6764695.58,2015-10-04
277,6344810.78,6097646.41,5985202.65,5953743.85,6144887.38,6445215.68,6775741.36,7486847.08,8196101.89,8628812.5,9014368.37,9231103.44,9096024.73,9133177.72,9181110.34,9124751.5,8943370.62,8926652.51,9697586.96,9653064.65,9421612.75,8923128.71,8159071.09,7359545.72,2015-10-05
278,6854580.74,6586934.81,6414822.4,6363241.65,6543314.35,6835186.41,7105053.41,7714575.6,8317712.39,8666605.39,9020516.55,9292504.21,9080519.6,9105483.42,9233943.46,9180439.77,9009006.3,8933438.12,9758558.4,9702099.36,9431807.84,8896770.22,8165341.07,7403990.42,2015-10-06
279,6871058.06,6626453.49,6437268.57,6410183.93,6578063.7,6871256.46,7175437.09,7747010.37,8307022.82,8594843.31,8888869.41,9121143.31,8968698.64,8931016.98,9070603.04,9036139.86,8891581.87,8905962.12,9694939.58,9628517.42,9314240.62,8782249.97,8021786.86,7284100.73,2015-10-07
280,6789791.65,6533135.89,6353759.1,6302377.38,6444088.43,6803813.71,7077953.87,7717986.95,8294414.33,8684131.77,8958512.37,9203936.97,9024929.0,9046685.09,9120898.64,9032288.57,8881852.13,8870402.2,9665697.34,9655342.79,9346891.91,8885576.16,8133227.11,7387428.83,2015-10-08
281,6885792.14,6619681.57,6440490.7,6429409.6,6577309.99,6853819.55,7125223.8,7786770.09,8383648.71,8678157.37,8935231.91,9151829.84,9018163.03,8976447.81,9043328.42,8986752.79,8824303.86,8823465.1,9622498.25,9523117.31,9221438.27,8740403.96,8023026.08,7398804.74,2015-10-09
282,6897532.73,6597688.99,6426112.1,6354244.9,6414623.77,6496385.4,6631853.83,7234507.13,7884921.24,8216983.65,8498300.86,8634336.19,8501862.9,8310508.68,8112897.38,7958133.78,7794088.82,7987409.33,8847032.58,8823496.78,8515506.25,8027930.81,7423415.03,6889522.51,2015-10-10
283,6523242.77,6240320.13,5968342.82,5891785.08,5846848.07,5776986.47,5635731.95,5945338.71,6276285.63,6591995.6,6738790.99,6896635.0,7050042.69,6952735.88,6750221.91,6637711.08,6572997.26,6778352.37,7898399.96,8013952.08,7831563.98,7489148.93,7003354.95,6557520.42,2015-10-11
284,6127017.41,5874374.53,5712447.14,5606119.02,5572366.2,5593872.6,5523594.88,5900952.62,6355434.97,6738147.97,7083819.43,7318140.67,7321230.03,7219488.35,7072588.83,7012257.25,6944107.78,7222867.74,8348070.4,8525595.44,8334085.45,7853123.15,7196691.42,6652028.4,2015-10-12
285,6299369.84,6105256.94,5978375.07,5948201.77,6202904.45,6827757.66,7029154.81,7503447.78,8045729.79,8407271.83,8788310.45,8992658.82,8741672.17,8727170.68,8897369.97,8897119.31,8789727.56,8941211.17,9524646.84,9431434.47,9066393.38,8449120.2,7653033.4,6955741.45,2015-10-13
286,6516575.08,6248879.18,6117631.85,6073721.54,6327394.3,6903716.8,7105693.48,7479685.41,7966078.91,8206747.99,8508046.93,8707523.86,8477214.07,8483514.77,8606528.69,8607874.62,8504767.05,8675628.69,9412146.14,9306570.6,9060718.73,8473254.32,7572822.88,6821632.23,2015-10-14
287,6404903.51,6211930.24,6079972.58,6053480.07,6331181.09,6874797.59,7100172.03,7473533.94,7925982.93,8206597.04,8461520.5,8740371.12,8590735.0,8563691.24,8719830.51,8647907.46,8652026.33,8778559.67,9499219.91,9442806.31,9170847.3,8619724.42,7814610.71,7022391.28,2015-10-15
288,6563311.12,6363880.57,6197378.71,6158970.71,6402534.59,6953568.25,7148283.26,7580072.26,8023881.78,8347583.7,8631619.45,8824262.42,8613263.85,8626691.89,8845684.63,8848758.52,8711088.7,8781135.5,9513151.77,9382820.64,9096543.63,8559988.0,7890091.39,7188497.71,2015-10-16
289,6707911.24,6460775.73,6312087.12,6261091.06,6336847.98,6406043.81,6587427.67,7182784.07,7835840.72,8219105.35,8537048.53,8629990.32,8482312.62,8312805.29,8113245.67,7998779.16,7848333.23,8036028.36,8983703.55,8950337.45,8688411.7,8217091.25,7629167.67,7050531.34,2015-10-17
290,6654159.27,6370725.44,6154288.95,6002848.47,5966036.27,5884485.26,5741606.39,6055190.29,6471947.44,6820677.76,7055537.36,7288641.3,7286379.12,7235387.77,7109100.6,7043652.75,6910709.52,7210622.55,8241444.19,8353417.98,8212629.6,7835217.67,7231707.88,6690295.65,2015-10-18
291,6185436.54,5954406.69,5807388.77,5776598.67,6017481.2,6739588.26,6914149.47,7411702.16,7986965.7,8329459.09,8721190.84,8949874.55,8760245.71,8781413.74,8956213.0,8987845.04,8911383.56,8939721.43,9734750.3,9694108.95,9383411.78,8824887.25,7983014.32,7204938.66,2015-10-19
292,6714399.22,6409723.16,6172270.19,6093786.08,6372022.09,7001925.35,7177373.95,7654454.41,8212622.13,8482538.14,8800537.55,9005988.12,8798797.0,8927794.22,9125191.22,9086518.31,8924542.95,9037733.42,9819937.63,9718800.32,9397915.43,8828910.65,8022722.06,7218278.16,2015-10-20
293,6636246.34,6405723.63,6186194.54,6145434.75,6448055.38,7007257.01,7150765.71,7600012.44,8112031.29,8419659.49,8759090.75,9034137.86,8827805.3,8918446.38,9155687.05,8992508.67,8867649.07,8902014.48,9719589.76,9703420.02,9362176.99,8846027.27,8016151.87,7133362.22,2015-10-21
294,6658046.7,6424366.43,6268148.59,6192636.76,6379090.48,7055521.98,7304274.38,7722891.35,8271993.21,8604144.5,8943476.76,9177659.95,8935609.97,8981946.63,9174163.06,9140413.11,8982961.27,9088685.25,9835361.71,9719600.0,9452391.59,8888183.0,8053792.43,7294359.9,2015-10-22
295,6792124.09,6552571.69,6422156.98,6385559.79,6582631.79,7116767.96,7303249.94,7793918.06,8288803.08,8593577.13,8899256.65,9098364.84,8941681.17,8984649.63,9038650.44,9005461.37,8878955.62,8992710.76,9626363.79,9454137.13,9107937.36,8610273.72,7882644.56,7248093.66,2015-10-23
296,6784832.23,6509927.56,6316814.67,6226044.34,6298393.78,6385779.97,6558283.07,7122495.72,7691875.86,8032233.38,8270970.67,8430055.97,8299494.2,8042236.98,7832769.25,7703367.79,7630696.05,7907743.82,8738458.26,8653986.2,8339743.22,7864687.88,7241322.14,6638376.54,2015-10-24
297,6149062.0,5888178.94,5691814.35,5642513.36,5603449.18,5624845.04,5566915.18,5826428.55,6215375.54,6454294.5,6644575.79,6758789.91,6771248.21,6696537.1,6553870.32,6465435.7,6527866.93,6961749.21,7896045.81,7975550.2,7728464.79,7344132.39,6780188.1,6223973.18,2015-10-25
298,6004822.22,5750979.28,5550130.26,5549940.9,5859823.88,6401924.66,6668235.03,7173239.2,7692522.01,8067425.96,8391791.4,8603472.67,8407311.37,8407984.69,8577040.16,8580972.33,8502097.09,8698743.69,9422723.56,9339947.36,8986887.41,8423953.52,7564577.18,6834857.27,2015-10-26
299,6358289.02,6143464.78,6006200.41,5976431.73,6264853.84,6848638.85,6967243.61,7383747.36,7941788.84,8248790.7,8582013.72,8746835.68,8547616.28,8588774.01,8719416.44,8718940.1,8636129.74,8810882.93,9538437.04,9489451.56,9132690.46,8578562.52,7701050.87,6933778.44,2015-10-27
300,6465323.88,6269596.31,6110769.97,6066696.37,6331422.48,6977285.69,7153551.04,7552746.63,8092597.78,8332642.46,8679517.16,8926021.39,8731521.16,8762696.71,8894045.05,8945588.16,8839760.65,8953821.08,9702962.63,9639320.62,9340270.14,8765337.11,7862648.06,7115981.57,2015-10-28
301,6648732.9,6364447.59,6221247.98,6190564.5,6408503.27,6975348.89,7124818.42,7530128.69,8112016.51,8426010.38,8795568.09,8999842.67,8775816.52,8843522.04,8988211.95,8949724.24,8858800.18,8961868.57,9628926.8,9509613.96,9247343.25,8683094.85,7811900.1,7124645.66,2015-10-29
302,6610742.82,6358174.69,6202997.31,6180540.65,6412080.59,6867779.82,7088482.74,7588334.23,8051647.75,8321573.44,8700680.78,8853157.07,8705975.67,8764335.19,8925897.65,8940754.87,8814109.19,8927366.55,9624653.71,9480325.21,9172707.62,8663769.71,7906016.83,7282104.2,2015-10-30
303,6791109.68,6512322.0,6351787.04,6257754.54,6544788.38,6595060.7,6564192.15,7070059.1,7713785.72,8117612.16,8406613.03,8774744.81,8505126.94,8196245.29,8045234.0,7872447.12,7675344.27,7856525.0,8627494.56,8591164.54,8240265.25,7799054.95,7202213.54,6734232.31,2015-10-31
304,6372500.19,6108643.48,5939581.49,5803426.32,5746581.83,5661701.29,5501055.66,5803668.63,6200305.27,6555458.72,6885658.21,7039028.94,7193874.69,7104203.5,6912163.17,6759314.13,6714930.4,7091321.9,7965030.02,7994763.26,7747520.77,7333748.36,6829328.99,6398115.44,2015-11-01
305,5985029.45,5753675.27,5587397.16,5482606.97,5492582.68,5535030.87,5410733.11,5755132.92,6087669.32,6516545.16,6837224.53,7084994.06,7157627.33,7075168.77,6926935.05,6817253.12,6745734.62,7182743.25,8257273.01,8288207.44,8018503.33,7532348.21,6903616.95,6396369.83,2015-11-02
306,6035007.4,5829435.35,5688327.62,5653590.22,5945906.24,6626401.67,6766052.57,7161628.29,7687489.5,8039141.59,8364082.83,8609977.03,8413004.34,8479675.71,8650099.15,8637527.1,8564718.37,8717864.52,9401738.39,9326197.0,9020254.45,8471829.97,7536876.96,6833897.92,2015-11-03
307,6370629.34,6155714.79,5999632.9,5982686.16,6211363.91,6833992.08,7054570.46,7378496.47,7839602.71,8132334.41,8426674.44,8603108.05,8433818.98,8467591.09,8590652.77,8572412.48,8490611.51,8716944.15,9470923.15,9375358.13,9031237.89,8411007.4,7523718.55,6858676.49,2015-11-04
308,6414333.76,6167761.16,6015292.67,5958549.51,6182803.02,6828954.65,7031529.35,7463453.58,7905289.31,8110191.33,8419369.3,8581376.7,8310510.44,8291813.22,8505006.13,8525711.49,8484252.81,8682859.88,9261340.74,9230502.42,8925593.34,8360778.19,7472817.88,6846209.43,2015-11-05
309,6410235.69,6168664.73,6032961.58,6020029.67,6257823.8,6843417.66,7054578.41,7459203.76,7986138.19,8361325.84,8624304.64,8821598.32,8476509.89,8611312.4,8773813.96,8763913.81,8642378.6,8865314.29,9542150.92,9348781.19,9009737.36,8474584.83,7740660.28,7109654.47,2015-11-06
310,6650277.44,6375234.94,6231461.69,6131159.4,6205644.48,6357901.67,6513354.14,7057891.86,7650360.04,7994950.57,8301514.11,8456766.19,8366233.11,8133379.63,7918881.99,7780235.98,7655638.13,8044446.3,8902095.51,8782278.12,8448153.82,7914146.16,7282317.11,6727741.73,2015-11-07
311,6273218.9,6008683.01,5850990.86,5732215.56,5707782.34,5613545.77,5544302.15,5900938.2,6354092.91,6706577.39,6964334.34,7130224.4,7147615.02,7046751.61,6937481.46,6851053.86,6772226.82,7138508.66,8080440.35,8232533.71,8081777.93,7666140.99,7080499.31,6480294.37,2015-11-08
312,6153734.72,5893874.09,5794967.07,5773823.59,5975890.66,6518122.7,6726195.25,7249403.44,7840736.09,8176981.24,8523659.29,8695344.53,8475408.91,8500940.75,8636507.19,8635926.64,8580167.0,8792873.46,9449083.13,9364336.53,9033213.48,8452739.23,7591735.12,6804925.54,2015-11-09
313,6403577.07,6168360.23,6035466.51,5999158.41,6242606.57,6832589.28,7012267.89,7429786.19,7953307.14,8230189.1,8569507.26,8771409.53,8470911.48,8505386.28,8728637.42,8695137.54,8600548.53,8786366.46,9537047.74,9501172.26,9180856.06,8510234.82,7641776.97,6935305.19,2015-11-10
314,6484649.42,6244363.37,6136073.18,6111255.17,6322452.78,6926138.48,7100739.05,7497333.34,7961403.99,8221708.68,8545367.49,8735692.82,8493503.69,8510537.65,8702756.86,8622106.91,8535311.8,8741169.23,9486162.92,9425894.68,9172195.57,8530847.93,7659603.0,6970072.46,2015-11-11
315,6534809.91,6292964.26,6159133.54,6134128.79,6376261.49,6957105.09,7146399.39,7565598.49,8050813.81,8379281.12,8698591.58,8862864.99,8664492.05,8701704.12,8900485.92,8930170.7,8790433.61,8868731.75,9594968.78,9492025.92,9100574.09,8617671.97,7829601.71,7101374.51,2015-11-12
316,6584253.63,6312247.09,6240477.93,6215735.42,6416893.63,6935755.93,7123651.91,7556251.34,8074360.56,8384324.89,8705070.93,8805729.66,8599736.58,8641034.98,8768793.1,8717875.45,8605563.33,8773279.97,9576783.32,9454401.37,9124250.51,8585555.72,7817445.69,7114178.09,2015-11-13
317,6750388.85,6416701.48,6261671.39,6193992.13,6245898.05,6365428.14,6510156.31,7078225.46,7672088.27,8064416.21,8326712.82,8482388.0,8351993.09,8122345.37,7956890.31,7815703.13,7661567.85,8016511.68,8895929.46,8853770.19,8547157.22,8045887.81,7434376.14,6975206.98,2015-11-14
318,6444389.93,6161887.54,5992285.16,5921807.56,5909543.76,5828401.45,5702124.74,6039641.05,6407009.6,6660747.66,6871464.39,6988495.16,7060611.47,6959851.55,6810855.16,6679904.99,6621513.59,7115625.08,8005528.25,8092979.97,7909101.95,7551650.25,7018266.0,6495635.75,2015-11-15
319,6206203.12,5940077.92,5798218.2,5719005.82,5717687.65,5738200.46,5628749.3,6016201.49,6448750.11,6827145.17,7137297.84,7345465.23,7378132.05,7256581.11,7012479.82,6928620.33,6875034.56,7355069.67,8231101.94,8296280.85,8075864.14,7577587.18,7061084.77,6469632.53,2015-11-16
320,6144858.83,5843691.51,5769033.73,5760765.9,5987522.29,6589410.97,6900135.89,7322048.98,7851161.96,8178401.61,8457571.44,8560806.52,8360202.29,8357735.83,8449884.97,8394045.87,8373316.74,8670840.23,9337752.84,9180606.18,8870509.52,8229715.9,7435972.91,6712834.42,2015-11-17
321,6286118.39,6039746.63,5917265.41,5898643.87,6094318.72,6631962.75,6932806.64,7391668.71,7825274.21,8063753.99,8322623.61,8499332.23,8339326.21,8313181.05,8466685.11,8474818.17,8425452.76,8698094.18,9398759.95,9261740.93,8888997.12,8313817.83,7461487.44,6721593.15,2015-11-18
322,6263542.58,6041348.84,5924708.73,5930261.98,6184877.5,6680178.61,6996689.96,7447504.15,7895543.71,8132813.42,8436051.96,8661425.44,8496316.69,8523549.11,8677873.29,8711508.87,8519435.47,8682996.58,9447371.65,9372629.56,9015441.9,8430386.77,7643687.25,6893323.23,2015-11-19
323,6366672.02,6134795.54,6029868.36,5972895.62,6203889.96,6684716.35,6969467.77,7477725.09,7996847.79,8309005.58,8627515.78,8901957.37,8676898.67,8687268.46,8836752.29,8805963.55,8665990.06,8847826.0,9483925.76,9319884.86,8962597.74,8441911.2,7672746.39,7109549.94,2015-11-20
324,6578101.33,6293511.79,6126199.78,6071544.55,6173029.27,6309534.01,6500574.17,7035661.31,7622538.62,8011234.43,8280304.88,8433245.79,8297000.09,8095898.07,7980560.28,7832423.13,7713834.99,8017881.81,8896184.41,8859303.06,8556913.29,8003353.06,7376249.53,6800131.85,2015-11-21
325,6408231.44,6125207.6,5973065.88,5850299.27,5829861.95,5757050.16,5594735.18,5942939.61,6322365.82,6617378.83,6846225.88,7064273.79,7115787.35,7053424.29,6931863.64,6829755.68,6782300.91,7136096.81,8166735.41,8298525.05,8181484.76,7854368.64,7248392.55,6729188.09,2015-11-22
326,6304246.83,6063854.1,5916283.04,5870461.72,6093052.34,6490825.93,6813458.73,7332015.72,7918762.92,8250323.01,8595534.94,8783976.92,8610170.42,8650915.44,8759875.19,8749511.77,8683956.89,8798364.7,9498281.46,9448868.01,9133249.36,8522893.49,7693296.82,6906949.4,2015-11-23
327,6483212.45,6253248.28,6117398.91,6069097.86,6257076.65,6668592.89,6911052.37,7478384.59,8027119.3,8429744.2,8733004.83,8924771.22,8713243.54,8700818.49,8885771.31,8813858.17,8717127.61,8851203.32,9697497.02,9625489.96,9282441.99,8531865.14,7706456.42,7073743.52,2015-11-24
328,6561688.63,6350723.41,6179395.59,6145183.22,6351227.8,6725595.34,7016944.44,7578576.82,8127797.74,8435987.73,8795483.6,9031953.12,8808513.31,8839123.1,9004871.93,8945172.58,8806655.46,8878639.73,9820859.71,9712730.14,9352610.55,8679365.64,7855134.54,7071486.46,2015-11-25
329,6624105.61,6366294.82,6203651.19,6160246.11,6369393.5,6764537.64,7049321.43,7628309.44,8185016.5,8482323.83,8841259.41,9062456.4,8852222.82,8885255.69,9061939.77,9068821.6,8948174.84,8999882.46,9882376.86,9711864.56,9407046.09,8737191.34,7903139.9,7306143.59,2015-11-26
330,6739683.47,6431189.73,6280381.38,6243815.39,6440703.33,6801904.27,7038554.8,7630692.78,8163230.45,8476536.54,8794170.71,9024184.31,8841536.49,8725285.17,8908437.51,8912407.24,8769708.56,8927567.93,9667777.35,9582855.89,9239783.42,8672759.86,7972910.4,7250070.46,2015-11-27
331,6752393.4,6516319.24,6321587.82,6233542.84,6315496.39,6471012.48,6610895.07,7188947.15,7688664.56,7920066.28,8086820.39,8200580.28,8111199.52,7949857.95,7803906.41,7696048.59,7615229.5,7883899.76,8908224.06,8908461.7,8603582.3,8065540.03,7386302.02,6857644.33,2015-11-28
332,6407842.33,6114062.5,5902934.78,5802248.17,5772840.9,5741598.13,5614204.14,5940816.84,6334545.68,6641714.61,6880564.05,7108249.83,7156192.16,7074213.19,6969676.31,6843016.06,6743044.37,7085286.3,8315625.18,8434918.49,8279793.27,7897810.06,7331913.18,6767961.41,2015-11-29
333,6355456.86,6054050.25,5833398.07,5806387.03,6062089.26,6460953.26,6771509.56,7369914.74,7988733.03,8379390.38,8703401.98,8951738.1,8799917.14,8769582.45,8954314.13,8916780.87,8754481.81,8872999.34,9688897.63,9613586.73,9315350.42,8710349.77,7893117.31,7163598.56,2015-11-30
334,6622398.57,6404070.02,6222845.69,6187044.88,6401635.53,6763233.49,7033304.1,7655544.04,8183445.73,8447713.18,8733866.03,8929713.71,8752007.1,8754252.1,8945906.19,8937609.56,8757355.22,8845125.39,9685371.61,9638995.94,9329818.29,8781678.38,7931143.95,7241393.14,2015-12-01
335,6708747.3,6478761.77,6339203.47,6289965.72,6478582.46,6827034.14,7037735.01,7690620.41,8299986.43,8545403.29,8845848.86,9056043.55,8869973.09,8857319.62,9031909.07,8998104.83,8871519.89,8968940.96,9754496.29,9712802.66,9405356.63,8896505.06,8091312.96,7333426.9,2015-12-02
336,6774826.37,6440313.22,6273524.81,6243048.9,6432421.3,6782567.14,7015642.17,7647046.98,8198175.63,8513685.92,8795343.83,9008797.72,8845212.89,8800720.23,8941273.27,8894762.63,8800072.52,9006703.15,9853562.51,9712344.62,9311018.4,8834938.64,7911694.99,7196682.37,2015-12-03
337,6696643.75,6444144.43,6259330.99,6223519.65,6367499.41,6710493.98,7075563.29,7626690.89,8230314.83,8462466.18,8695765.28,8953253.6,8791105.0,8775202.48,8898445.79,8893069.03,8767588.45,8831805.76,9681114.02,9651039.52,9239906.23,8704357.0,7957255.47,7299650.88,2015-12-04
338,6817374.62,6534851.95,6336173.83,6282761.58,6373504.63,6540973.83,6679385.72,7234587.45,7797828.27,8154899.89,8481598.11,8610160.17,8471736.77,8301439.38,8134927.35,7992014.85,7841901.79,8042585.94,9107984.97,9131890.59,8839033.69,8391573.45,7711130.76,7053603.13,2015-12-05
339,6662776.56,6345951.39,6188993.69,6092387.95,6069674.95,5964019.53,5835995.62,6152204.86,6559713.39,6963548.55,7237309.61,7397762.45,7429000.05,7338560.63,7229232.97,7140311.75,7019492.8,7287268.31,8426198.57,8571443.31,8401197.65,8058754.43,7422267.4,6876606.32,2015-12-06
340,6536681.96,6239978.75,6097734.52,6037466.12,6187355.82,6486137.62,6751669.92,7337451.52,8032563.89,8398537.98,8725214.55,8953122.08,8784139.97,8781901.37,8848682.67,8772137.45,8537129.73,8432962.3,9308500.32,9168863.75,8584098.48,8114463.12,7574895.71,7054217.2,2015-12-07
341,6631794.91,6349453.01,6178827.8,6076752.66,6083684.94,6092358.6,5902295.53,6218621.16,6624404.32,6992916.3,7297561.72,7547132.11,7596177.78,7505729.71,7393120.14,7284498.37,7161248.3,7451332.11,8695827.92,8771825.71,8525990.1,8090582.97,7531631.77,6962956.42,2015-12-08
342,6571572.39,6311203.35,6188548.75,6146443.68,6293138.14,6666913.19,6959955.38,7600403.79,8265711.89,8653759.07,8980405.14,9202313.46,8993366.87,9035812.42,9186890.46,9120187.44,8959226.11,9036940.75,9869561.07,9752829.5,9434416.61,8899656.84,8141656.06,7426649.88,2015-12-09
343,6793411.95,6495392.36,6346674.57,6289891.57,6430899.83,6771067.52,6957520.47,7603847.81,8207544.56,8529995.48,8879020.76,9107586.36,8973287.09,8965547.2,9087543.44,9063645.78,8933260.03,8932097.38,9890405.59,9878348.69,9503485.72,9018361.5,8206427.82,7478061.2,2015-12-10
344,6950632.3,6602902.26,6451127.48,6401930.89,6567008.19,6866571.65,7140073.65,7750559.7,8328312.11,8724709.87,9007085.79,9245576.12,9013828.95,9043695.35,9148397.38,9139450.99,8997573.52,9007768.36,9873722.05,9866332.05,9451779.98,8886388.78,8108844.09,7465379.6,2015-12-11
345,7016346.7,6681079.85,6457340.19,6365161.18,6439628.62,6553898.3,6625958.26,7160257.53,7702301.79,8110320.36,8415753.53,8555303.09,8472180.45,8296312.05,8171520.71,7999925.57,7893606.01,8035839.26,9132540.56,9166335.52,8926419.94,8462435.64,7852584.25,7244479.56,2015-12-12
346,6826929.26,6526583.43,6319686.42,6181592.59,6136344.12,6111993.22,5884911.68,6239260.74,6670484.66,6966984.65,7168247.83,7369308.87,7418246.03,7275425.8,7136162.02,7131332.16,7067201.5,7358429.1,8489759.27,8605630.54,8469203.36,8068782.21,7512740.31,6992986.53,2015-12-13
347,6631790.5,6321272.5,6040506.72,6066013.08,6290029.09,6614290.09,6911815.95,7550266.66,8132933.4,8460461.3,8770851.87,8952131.56,8830934.46,8808408.09,8881192.14,8887805.2,8725415.33,8742930.49,9535902.7,9534650.22,9305171.4,8777145.9,7943047.65,7156745.39,2015-12-14
348,6721588.58,6399518.68,6150855.5,6166592.1,6353606.14,6738549.57,6979476.71,7581687.17,8178761.21,8486580.55,8750148.92,8965121.66,8801141.8,8829769.82,8949818.45,8926357.88,8779689.0,8794368.14,9718224.5,9718061.48,9420503.79,8779896.63,7940494.46,7206194.06,2015-12-15
349,6671153.38,6368037.66,6246010.95,6191490.88,6418615.81,6776000.5,7000192.14,7580822.11,8204191.3,8563454.99,8887734.19,9143633.97,8967107.15,8941114.56,9060477.89,9030669.27,8894787.32,8852596.77,9733210.28,9712206.39,9332663.44,8879954.02,8106944.51,7326859.62,2015-12-16
350,6808393.58,6503220.37,6379705.92,6332436.3,6491980.46,6718750.57,6968488.97,7529120.69,8186257.66,8586963.26,8816492.45,9065108.85,8921547.27,8879773.48,8971093.42,8939325.54,8722619.25,8760836.79,9716900.64,9680550.37,9273669.03,8833569.76,8131590.9,7389049.13,2015-12-17
351,6876965.93,6575567.14,6407957.7,6369877.59,6525335.18,6801955.86,6993065.22,7577794.19,8206586.73,8561597.99,8880468.65,9101089.09,8915272.46,8861546.89,8882874.04,8784008.37,8657953.29,8724404.21,9459670.45,9420420.73,9144204.72,8752827.24,8065207.52,7383677.9,2015-12-18
352,6830444.51,6512517.13,6332459.66,6303674.65,6400696.56,6550411.66,6599469.21,7073531.83,7624796.12,8001564.87,8276999.93,8425114.16,8331511.44,8130088.13,7977118.69,7890335.54,7752378.41,7844203.31,8891121.67,8993711.08,8769627.8,8399126.61,7756371.81,7086602.95,2015-12-19
353,6663289.22,6448804.83,6227465.17,6056045.64,5997993.02,5985372.6,5817721.62,6195373.42,6626549.17,6978730.7,7237163.45,7385342.84,7398850.46,7327574.39,7198464.77,7117784.4,6991478.6,7284607.17,8406279.87,8576449.34,8398710.47,8172417.75,7658302.37,7037197.71,2015-12-20
354,6471707.34,6276886.3,5926022.16,5871923.27,6056815.37,6402084.06,6614064.97,7259877.27,7905167.18,8368957.1,8704128.21,8964137.11,8793264.26,8759387.86,8900090.71,8858417.04,8681670.61,8563303.79,9463245.26,9531597.71,9228763.98,8821837.53,8081966.63,7349433.6,2015-12-21
355,6776257.01,6442724.01,6300984.0,6251457.44,6398696.47,6644021.54,6831972.39,7422968.22,8053063.12,8397297.99,8684988.82,8904541.76,8772736.65,8734016.92,8828317.48,8743426.68,8616711.7,8606974.42,9458494.45,9466688.37,9207129.41,8863771.99,8099210.68,7410594.79,2015-12-22
356,6832350.61,6502083.05,6280292.18,6288002.09,6439893.43,6709580.35,6777619.38,7298225.9,7960719.42,8353369.76,8658712.48,8859445.7,8679522.23,8653464.67,8709408.45,8648801.43,8505029.33,8388711.06,9288853.42,9349416.55,9150971.02,8823574.72,8177858.33,7501566.05,2015-12-23
357,6839772.46,6459867.56,6249612.63,6157724.21,6233028.1,6374449.83,6442037.02,6967841.47,7520123.17,7884380.75,8080398.6,8138019.87,7954775.53,7679807.09,7480680.38,7351556.8,7197965.77,7295962.34,8458455.25,8564557.6,8148005.26,7599609.41,7144562.61,6698575.13,2015-12-24
358,6413044.93,6220537.15,5991081.86,5774893.04,5618998.69,5471866.77,5094575.97,5205322.5,5497463.27,5786419.44,6066645.34,6311791.33,6421311.64,6397016.95,6303549.15,6241495.52,6167191.18,6295944.56,7437978.31,7660442.32,7517985.98,7218007.04,6791194.29,6347446.4,2015-12-25
359,6016535.32,5803566.45,5650455.66,5566412.96,5600380.76,5690293.87,5630477.95,6081735.25,6685900.02,7179882.86,7481558.39,7705397.6,7730202.91,7635780.62,7545029.12,7422378.9,7295586.21,7429355.19,8512645.45,8676039.79,8431066.88,8018165.72,7436114.18,6864918.34,2015-12-26
360,6428308.74,6128363.02,5938197.45,5831216.41,5799557.09,5768029.62,5551944.21,5859708.39,6312831.29,6665056.38,6903581.22,7105556.44,7204780.64,7157891.98,7027311.8,6919597.85,6791484.98,6886188.9,8023380.14,8340362.36,8195853.85,7851067.12,7277530.79,6710178.12,2015-12-27
361,6244544.26,6026092.94,5842656.41,5817093.46,5925072.69,6152014.13,6315333.64,6940297.12,7532646.66,7877213.03,8174776.67,8481006.66,8429640.7,8436384.5,8503130.84,8470040.69,8295399.58,8151249.28,9065801.07,9227856.25,8961509.36,8514950.62,7767927.22,6990413.43,2015-12-28
362,6564333.97,6326439.21,6120818.12,6055497.08,6139454.41,6384029.05,6478770.66,6879967.92,7606849.38,7939160.34,8319610.64,8529452.2,8446905.33,8489919.3,8525847.42,8510407.97,8312403.24,8160525.04,9067935.81,9185737.54,8919742.55,8528895.27,7806913.7,7168823.68,2015-12-29
363,6630568.93,6464349.05,6371545.43,6326106.39,6494821.05,6756914.96,6747591.51,7259711.96,7722514.75,8050150.26,8359695.7,8545181.73,8402159.36,8362430.83,8376144.21,8337210.94,8151792.88,7989870.94,8867384.96,9039089.97,8804906.83,8441754.72,7827739.19,7235112.38,2015-12-30
364,6728467.46,6412935.21,6167296.95,6030394.24,6055248.45,6166861.2,6116735.62,6568023.4,7220202.41,7401309.83,7576462.13,7642931.06,7512415.16,7306899.3,7116587.62,7019685.24,6988292.98,7115051.22,8107103.77,8294816.26,7939099.89,7440468.73,6969828.55,6633510.47,2015-12-31
365,6315561.97,6139463.4,5934555.65,5715722.3,5550861.51,5455471.89,5027477.87,5078967.61,5311390.62,5522922.47,5722418.19,5851197.12,5978268.31,5939723.77,5821294.68,5759647.63,5681342.14,5839289.72,6874049.14,7207952.91,7098694.35,6759245.34,6475676.09,6067995.45,2016-01-01
366,5767969.93,5579265.04,5424856.15,5339754.15,5334572.25,5405581.81,5330407.77,5630975.64,6056441.91,6460972.81,6685246.19,6801789.01,6926471.01,6860131.34,6731768.86,6678701.6,6630618.41,6747873.68,7731270.37,7930669.56,7728587.52,7372353.01,6890834.24,6393134.32,2016-01-02
367,6037244.53,5753024.02,5596757.82,5472316.55,5391002.17,5423968.1,5221254.64,5472321.5,5837962.83,6160664.95,6410689.33,6605242.1,6669423.97,6643425.08,6569596.44,6480206.75,6421028.03,6563719.66,7583690.95,7922125.1,7798227.0,7470852.97,6958524.41,6415484.74,2016-01-03
368,6041986.04,5820008.0,5654088.66,5629366.81,5693423.56,5920818.2,6060117.47,6576980.29,7201157.93,7568805.91,7902882.01,8160117.9,8129799.8,8088188.89,8166301.56,8157171.78,8054927.53,8035550.03,8801142.32,8882902.3,8562390.35,8164273.02,7497712.86,6810223.41,2016-01-04
369,6398240.44,6105553.67,5971002.37,5930422.87,6028650.85,6301775.78,6421403.89,6918971.69,7502440.25,7818199.55,8191451.55,8463223.67,8375269.16,8351917.86,8409795.97,8425160.54,8302276.98,8146158.13,8925404.21,9050496.87,8769373.47,8357704.24,7623986.38,7022742.46,2016-01-05
370,6562085.47,6277029.75,6101274.2,6058789.98,6130811.16,6393874.9,6564226.6,7075206.34,7605717.43,7897595.46,8267836.4,8515908.83,8423027.27,8399162.55,8488719.1,8475858.78,8338306.47,8194647.8,8887456.91,9044381.45,8797240.95,8348142.68,7616713.99,6995072.92,2016-01-06
371,6531325.64,6245174.65,6084041.97,6014375.45,6118325.83,6409564.45,6584342.88,7051975.96,7629175.45,7944874.75,8292223.71,8563646.37,8424367.58,8464497.45,8534562.98,8524642.12,8368245.68,8203945.23,8967485.08,9133819.55,8868286.73,8400256.9,7753129.59,7099616.04,2016-01-07
372,6617050.98,6357746.43,6207756.49,6148461.98,6235317.88,6499832.62,6635001.91,7189650.37,7767040.03,8088634.96,8421255.19,8685284.55,8573525.46,8558976.87,8661560.23,8645898.95,8448246.0,8325918.4,9079081.8,9137076.95,8816934.58,8359780.45,7808304.51,7186362.29,2016-01-08
373,6695779.72,6396347.24,6232937.57,6118847.51,6190614.84,6366974.4,6334150.71,6786707.14,7332736.23,7730236.7,8032679.63,8221210.59,8133379.62,7977402.54,7827724.28,7761569.12,7593690.65,7598325.55,8579194.37,8748432.11,8473154.5,8009476.37,7487687.3,6968831.14,2016-01-09
374,6527818.01,6246370.01,6070885.87,5934063.09,5833473.17,5815425.66,5585063.95,5721649.46,6065347.94,6476107.15,6705313.76,6846413.02,6961725.11,6883775.1,6745325.68,6632534.76,6529908.23,6624711.41,7654137.75,7962956.3,7796278.89,7483194.09,6997738.46,6556924.42,2016-01-10
375,6181774.07,5928485.24,5755584.13,5683476.99,5652165.16,5784167.24,5679306.84,5912039.92,6301195.88,6568127.4,6901617.71,7156082.62,7226219.04,7125045.33,6980971.36,6865249.93,6773789.2,6849488.87,7989455.9,8360444.37,8103552.45,7727635.82,7194523.07,6631777.28,2016-01-11
376,6202107.1,5973865.6,5838658.49,5821532.34,5938821.17,6273251.94,6477557.49,7035600.78,7625595.25,8023593.58,8359252.71,8660290.88,8568928.24,8555407.34,8712794.86,8712661.55,8526020.72,8385964.47,9097646.57,9252643.55,8957393.55,8444814.64,7733544.99,7101322.32,2016-01-12
377,6590755.81,6314037.1,6210919.49,6134402.33,6251521.84,6533983.1,6784404.12,7302153.45,7892257.35,8229221.15,8500117.82,8783858.73,8682220.67,8689735.76,8759800.45,8749458.08,8615703.04,8425559.9,9168948.59,9398085.5,9022154.74,8552329.69,7780344.2,7017137.12,2016-01-13
378,6669686.71,6449006.88,6218754.03,6112235.32,6253585.05,6607808.78,6799633.96,7256493.74,7807745.14,8206090.04,8686534.06,8975020.06,8799237.58,8821423.84,8987460.25,8939277.1,8791317.41,8503942.65,9227178.13,9490315.99,9069327.72,8601254.44,7873757.38,7200671.25,2016-01-14
379,6650261.22,6499352.42,6340340.61,6213048.55,6402479.94,6633524.93,6849485.88,7396703.91,7988497.49,8386614.84,8736051.78,8978581.31,8881463.58,8886214.9,9005255.42,9015642.58,8850478.47,8540601.4,9177945.45,9410861.43,9106629.96,8616051.48,7975673.23,7297615.55,2016-01-15
380,6789214.43,6472360.85,6374500.16,6228723.0,6250081.15,6409528.52,6430655.26,6873248.77,7457477.41,7859860.78,8200355.16,8412137.56,8318123.51,8140025.86,8003094.13,7913615.52,7769012.94,7699505.38,8586149.72,8902517.44,8667021.39,8182717.86,7581504.76,6971089.8,2016-01-16
381,6562907.41,6333528.44,6095118.37,5939060.36,5868543.5,5867750.28,5644491.83,5911631.43,6266553.12,6639775.07,6922732.26,7145470.54,7212358.35,7172480.52,7075974.81,6992734.06,6884644.58,6844884.58,7824296.07,8273279.08,8137890.22,7858982.83,7369163.15,6780600.99,2016-01-17
382,6415995.51,6186591.13,6047066.39,5996101.73,6160788.73,6627129.37,6810382.83,7301487.33,7887523.42,8258435.53,8613370.49,8859399.9,8700107.48,8743146.93,8891038.47,8844808.28,8688685.04,8437634.27,9132545.8,9361208.6,9094236.34,8638158.95,7848540.39,7129434.95,2016-01-18
383,6763623.74,6498181.72,6261600.86,6202453.15,6370756.32,6940344.79,7122952.28,7474835.3,8040889.29,8368431.47,8723021.64,8944183.32,8778668.46,8824086.84,8974995.5,8913026.11,8790194.61,8489347.1,9307732.23,9566892.46,9231839.33,8645084.02,7943887.41,7284144.18,2016-01-19
384,6731495.47,6399191.64,6199284.23,6184641.28,6360972.51,7000701.16,7190384.8,7615402.99,8130184.18,8497051.65,8868035.22,9127354.92,8836112.21,8898007.29,9056796.61,9067391.91,8860015.15,8606318.73,9347457.94,9584922.65,9155671.14,8633830.09,7895022.63,7306714.97,2016-01-20
385,6717057.84,6448940.61,6264754.6,6236900.74,6417520.99,6902347.09,7146129.18,7514756.11,8044901.92,8475305.75,8832175.12,8987356.95,8871386.81,8956310.49,9018676.85,9022623.86,8857291.09,8651181.33,9295439.74,9505317.03,9236084.7,8730800.3,7993308.19,7323776.59,2016-01-21
386,6850090.35,6602823.88,6441016.01,6363840.29,6484688.72,6995278.53,7195526.86,7653417.56,8240057.09,8625183.11,8962246.42,9211448.23,9017995.99,9003415.8,9174537.35,9194417.31,8988841.31,8677113.47,9259653.57,9509763.08,9199715.47,8751313.75,8103118.19,7455502.05,2016-01-22
387,7086921.69,6768796.86,6620515.9,6547913.09,6596928.12,6717907.4,6654249.5,7149777.51,7689409.26,8041860.3,8374229.98,8587612.09,8512879.65,8271332.39,8145424.07,8123034.6,7972683.23,7925419.71,8825759.34,9130969.07,8895381.01,8383763.32,7644945.72,7089988.32,2016-01-23
388,6687429.69,6368396.4,6194052.84,6057702.23,5948989.37,5973126.67,5790550.11,6014426.26,6420800.05,6741520.14,7004227.67,7209641.41,7259614.84,7181276.46,7046912.05,6975292.52,6882929.06,6839270.77,7902658.6,8423034.85,8270812.73,7912809.09,7320085.1,6684287.5,2016-01-24
389,6364153.35,6177698.71,6008401.22,5966978.02,6167608.91,6711373.22,6930127.68,7347833.47,7930097.74,8297006.75,8674479.71,8923439.7,8755650.36,8775807.67,8917757.67,8923861.97,8791773.47,8512873.99,9127543.45,9342145.33,9055382.55,8575103.13,7750057.29,7065000.78,2016-01-25
390,6637684.4,6363339.26,6205010.97,6145103.43,6349634.6,6944548.21,7067453.76,7462871.59,8005881.15,8330938.41,8738045.46,8924884.35,8789584.67,8857243.92,9043061.4,9032266.63,8825507.37,8574703.03,9190205.8,9546336.03,9269660.24,8673751.98,7914019.38,7207649.61,2016-01-26
391,6735835.0,6491591.03,6276925.6,6255715.62,6475341.87,7092066.47,7196012.51,7580673.93,8100788.17,8438953.69,8809596.96,9081787.23,8874510.62,8894644.92,9109084.91,9135928.21,8939496.48,8627812.66,9248168.86,9592349.32,9356937.77,8799196.5,8027271.58,7260184.92,2016-01-27
392,6795127.37,6544090.62,6383276.86,6316402.28,6538579.39,7131010.04,7251422.32,7605440.81,8143534.4,8486103.66,8827467.15,9090264.7,8942294.08,9037420.92,9229026.87,9220748.6,9052900.14,8783446.03,9480286.92,9761517.17,9394383.39,8846374.52,8096788.35,7386903.42,2016-01-28
393,6866210.7,6631398.45,6467413.22,6461851.2,6616220.71,7265800.3,7445839.39,7828107.96,8376579.35,8594374.28,8954121.31,9195977.55,8882782.23,8947119.89,9222637.77,9246776.34,8958365.87,8664292.47,9313713.03,9602581.89,9200274.17,8612750.14,8012333.51,7355377.77,2016-01-29
394,6872885.06,6708297.38,6486999.38,6395384.2,6456263.24,6771502.18,6699953.82,7185625.05,7876776.24,8126711.81,8506979.82,8666278.12,8605366.63,8434900.16,8211463.19,8142987.18,7994939.37,7908021.35,8700670.62,9069864.14,8826412.05,8349408.28,7821648.2,7244552.75,2016-01-30
395,6687108.01,6391459.65,6133865.9,6002656.98,5966675.6,6017075.21,5765558.54,6013267.57,6358295.39,6694468.09,6958991.52,7133945.76,7161619.92,7109354.96,7012183.32,6889685.98,6872968.18,6904727.66,7840014.49,8393898.53,8370284.42,8031004.19,7468911.12,6964221.17,2016-01-31
396,6468464.66,6217350.06,6021381.19,5996814.63,6254143.85,6968002.53,7206590.43,7462422.96,8000072.37,8388390.53,8805038.92,9030086.17,8846855.43,8897702.95,9100962.71,9137180.06,8967308.15,8714327.26,9338845.87,9700499.61,9500260.32,8992276.86,8172109.96,7380265.68,2016-02-01
397,6843886.05,6587328.07,6382590.65,6318029.45,6587376.99,7318204.0,7436008.45,7680905.02,8210010.98,8532828.99,8903403.8,9191626.46,8878422.44,8923731.55,9225134.98,9287564.16,9049195.8,8768019.01,9401835.58,9847055.44,9626923.11,9024834.52,8239909.86,7446427.67,2016-02-02
398,7082064.47,6860794.24,6667300.76,6561851.44,6800325.76,7499513.43,7656105.09,7937642.96,8447101.73,8777926.83,9107064.66,9179552.11,9090952.12,9180792.58,9372869.42,9430638.83,9324203.24,9023769.27,9492892.83,9818300.63,9523469.93,9136858.57,8351606.82,7559350.36,2016-02-03
399,7110215.66,6766425.89,6535764.34,6480094.16,6722401.17,7447091.56,7531351.45,7903415.28,8437248.5,8721936.88,9055184.04,9328097.25,9099574.13,9179758.86,9369131.33,9365390.25,9202592.3,8979167.88,9504834.25,9765916.01,9492817.13,9040498.36,8155724.0,7334359.84,2016-02-04
400,6781400.06,6514567.41,6382731.3,6323196.48,6556975.04,7199787.89,7353754.1,7656305.83,8092073.72,8321346.48,8616986.45,8858938.2,8653360.22,8706723.57,8845379.94,8862740.77,8630024.29,8425971.13,9021307.97,9340434.91,9067491.75,8551980.57,7861862.98,7201639.34,2016-02-05
401,6770052.39,6508396.36,6340142.86,6272173.03,6345769.99,6533018.11,6646885.4,7045591.27,7616256.47,7986259.16,8310961.32,8472424.36,8352336.93,8186555.04,8027156.69,7900623.8,7763742.96,7709783.52,8548571.42,8959218.04,8750570.46,8264056.07,7628173.99,7066272.55,2016-02-06
402,6630346.03,6305752.12,6135639.99,6002662.34,5982911.99,5987365.98,5790698.59,6011696.26,6364240.36,6672491.21,6955255.72,7157106.55,7228607.38,7179447.86,7063810.05,6970650.7,6836737.55,6901836.57,7791810.54,8356705.08,8277318.84,7915326.32,7335458.51,6765078.5,2016-02-07
403,6424579.58,6222403.2,6082754.35,6067191.65,6336268.38,6990699.56,7138949.96,7439540.59,7944512.49,8208911.58,8508867.58,8759674.83,8560819.68,8586973.95,8770299.65,8731588.97,8611167.89,8354677.08,8982296.8,9429205.89,9197614.55,8613847.37,7892995.63,7187474.07,2016-02-08
404,6706469.35,6494483.81,6367425.43,6312711.49,6566069.74,7251185.61,7328724.92,7633126.53,8114223.71,8368518.39,8693547.3,8872938.9,8712902.21,8721591.52,8918218.91,8825117.64,8699821.58,8428443.65,9117461.7,9495736.17,9249388.66,8689003.28,7943479.68,7220213.94,2016-02-09
405,6735376.08,6478056.32,6332743.32,6284079.1,6562068.22,7282502.15,7296858.38,7588229.04,8064200.65,8353946.41,8649760.79,8855931.03,8600475.76,8717470.43,8907237.03,8954457.29,8733783.24,8537524.26,9100858.33,9449246.45,9210862.53,8668250.84,7823384.91,7140134.75,2016-02-10
406,6647089.34,6433508.42,6296027.79,6208660.96,6534317.94,7226666.6,7369609.51,7661017.14,8143512.86,8416942.37,8721214.47,8972460.28,8745672.86,8809237.02,9021617.8,9069684.49,8858453.3,8591014.07,9139175.67,9523434.07,9282626.61,8749720.9,7964854.29,7229010.46,2016-02-11
407,6725133.35,6453573.47,6328486.48,6289384.01,6480254.59,7171409.59,7267639.24,7601518.31,8166559.82,8488493.57,8809365.31,9035241.95,8800236.85,8852249.58,9054536.05,9090181.8,8905990.01,8625473.88,9116136.97,9457826.95,9170250.84,8693905.56,8057941.06,7315190.02,2016-02-12
408,6824042.99,6546215.42,6371950.36,6287934.04,6369969.95,6558336.0,6620723.02,7084519.52,7639753.59,8100924.47,8410238.82,8572510.66,8483918.58,8320500.32,8122039.46,8017932.84,7829621.88,7801212.01,8595988.45,8986804.41,8724623.24,8195150.82,7572164.56,7004008.11,2016-02-13
409,6555795.23,6287548.44,6111062.3,5996373.89,5943989.11,5967467.5,5703735.5,5951297.15,6324860.16,6647670.71,6904886.51,7134956.43,7212841.77,7167717.37,7069743.98,6976718.11,6830182.73,6784657.12,7727906.89,8382160.77,8293649.21,7945404.6,7372701.43,6745129.76,2016-02-14
410,6379267.03,6124351.66,5957837.74,5985426.2,6291179.06,6968749.49,7140240.95,7452510.02,8013969.7,8395354.34,8693739.84,9007855.43,8807382.64,8834227.28,9001746.17,9017609.74,8906787.35,8657138.75,9227074.12,9614047.94,9365739.2,8850555.19,8054815.78,7248869.59,2016-02-15
411,6778811.23,6563106.02,6400793.95,6322273.55,6573199.84,7270439.69,7395959.81,7687098.44,8203265.06,8508426.95,8794424.85,9020147.21,8850914.77,8963275.46,9086795.57,9047153.3,9003092.01,8778626.44,9334865.67,9695331.06,9448064.63,8945964.39,8194378.21,7422889.17,2016-02-16
412,6885514.21,6625722.36,6483029.88,6447756.82,6685037.42,7339862.96,7441189.1,7624736.01,8100316.44,8383680.67,8785523.48,9045203.39,8900778.93,8979125.95,9172746.58,9178626.58,9052231.8,8733753.18,9285181.33,9656309.22,9414147.19,8859003.46,8092558.88,7348599.13,2016-02-17
413,6884130.85,6678335.35,6546150.48,6477470.62,6709731.37,7408317.26,7500198.54,7754440.07,8255600.0,8545990.8,8907832.25,9136307.8,8867815.95,8970289.75,9189585.81,9136668.8,8977802.29,8707209.56,9293891.36,9679100.88,9361572.68,8918333.2,8105538.23,7346392.58,2016-02-18
414,6787975.92,6560597.32,6402465.92,6364711.89,6568023.86,7232090.35,7332975.66,7688072.45,8200566.73,8551135.77,8892529.81,9118758.58,8868173.91,8933165.4,9115857.62,9094055.7,8950240.24,8636557.25,9161376.15,9522607.5,9275591.29,8758490.38,8124278.98,7497638.41,2016-02-19
415,6987412.08,6681313.55,6524095.8,6427490.87,6498540.44,6714920.5,6849144.69,7257587.06,7807565.62,8221794.95,8526035.55,8708869.65,8560194.71,8358496.14,8221800.59,8079964.33,7896386.26,7888025.3,8644884.67,9015994.08,8742166.64,8283473.49,7700608.74,7084383.86,2016-02-20
416,6628999.64,6364604.49,6161263.85,6037180.71,5964549.5,5940723.51,5749176.24,5971764.41,6290145.4,6598975.79,6821943.14,7043693.05,7183645.03,7181022.89,7058849.5,6960702.0,6910292.98,7012478.43,7868039.08,8315064.99,8185407.65,7818964.35,7233112.41,6677392.14,2016-02-21
417,6310735.34,6134457.83,6007584.26,5964326.11,6244033.73,6987201.1,7126788.48,7416882.0,7935547.82,8221721.97,8587271.63,8836982.93,8581878.26,8658914.89,8903630.63,8925841.17,8814798.06,8552915.04,9120945.44,9490915.79,9195726.92,8637908.07,7912675.15,7135016.04,2016-02-22
418,6670332.26,6442860.41,6292262.46,6227306.47,6488016.64,7184086.22,7314717.68,7615464.05,8134157.24,8440405.04,8848224.81,9036208.87,8827102.15,8872826.43,9121179.59,9081735.33,8994392.28,8810612.29,9317041.44,9629387.04,9378115.05,8846099.33,7975149.77,7189174.39,2016-02-23
419,6695891.03,6439571.8,6297310.57,6259197.01,6504924.35,7220762.78,7324958.23,7655002.3,8144797.7,8446661.81,8785310.39,9107392.08,8890688.91,8906548.98,9148201.62,9182047.52,9041914.37,8813857.65,9366831.46,9696469.52,9404103.66,8873083.19,7992020.01,7285689.25,2016-02-24
420,6858440.72,6597837.49,6425259.26,6342967.47,6554715.11,7329584.27,7468625.99,7781783.24,8184081.67,8402747.16,8694567.28,8911474.03,8709484.22,8751843.87,8952255.38,8969117.13,8861725.57,8689813.96,9289444.07,9505207.08,9147566.03,8649805.36,7907174.27,7185497.98,2016-02-25
421,6592402.81,6336531.26,6185319.48,6168065.07,6378239.45,7092844.29,7296384.91,7614446.55,8081746.66,8355078.96,8689033.48,8906055.7,8691792.77,8727134.37,8892231.67,8922096.41,8799695.18,8541005.33,9189677.66,9486934.39,9124995.43,8672283.35,7897454.35,7186038.97,2016-02-26
422,6638366.77,6345517.37,6188369.67,6115294.18,6146638.8,6370556.12,6460793.92,6948686.56,7533585.85,7943116.81,8269933.41,8443707.4,8338877.41,8155262.94,8000607.18,7853351.79,7692786.48,7639748.4,8530399.0,8976958.65,8712887.58,8267151.06,7524157.37,6918561.01,2016-02-27
423,6487516.76,6167636.34,5952955.36,5833822.29,5784915.36,5786790.59,5596341.33,5847987.68,6274489.62,6589658.15,6869717.8,7066446.52,7122103.61,7085264.38,6966620.8,6892273.77,6791156.77,6815205.85,7879455.4,8466740.17,8373430.13,8021451.29,7302216.21,6699655.5,2016-02-28
424,6254593.86,6031182.97,5868471.67,5829234.98,6054305.01,6707271.73,6902848.3,7263674.45,7847534.35,8260495.28,8673191.58,8902037.59,8717685.41,8793704.84,8980365.88,8964759.48,8837012.5,8607061.62,9221449.37,9573019.36,9307186.59,8750940.61,7841537.21,7055538.01,2016-02-29
425,6545319.08,6317088.43,6171593.27,6132694.63,6349120.9,7012613.91,7153366.45,7423525.74,7929130.34,8267469.02,8634854.81,8845750.37,8612692.04,8665365.13,8881511.13,8857130.43,8695402.72,8447367.56,9171222.58,9558966.62,9296450.44,8726085.19,7741458.34,7037682.24,2016-03-01
426,6531462.5,6192825.15,6056801.61,6000519.87,6229654.86,6952731.52,7077297.83,7330693.88,7772205.42,8068981.28,8398276.05,8669222.45,8426214.66,8479177.36,8646886.49,8650633.91,8590134.74,8400557.04,9093948.65,9457115.58,9168468.05,8425916.11,7664756.01,6913218.54,2016-03-02
427,6434883.74,6185487.59,6025592.99,5999477.16,6256200.81,6947388.81,7103041.58,7458023.17,7922368.68,8218202.34,8582580.89,8826811.48,8574322.27,8605607.01,8797669.23,8800470.68,8711707.01,8405297.54,9162693.99,9537183.52,9256168.37,8657206.06,7767435.51,7002449.49,2016-03-03
428,6525695.0,6256458.2,6115934.67,6061565.14,6310155.68,6955780.99,7022323.3,7382168.98,7854001.34,8161209.07,8532428.38,8790431.79,8588479.74,8634212.25,8815249.85,8749495.33,8572797.42,8364984.49,9022539.95,9352768.91,9124849.94,8424086.57,7744115.71,7099305.1,2016-03-04
429,6617220.92,6335002.18,6152340.29,6056860.51,6114296.76,6339539.59,6454941.63,6938700.0,7498084.13,7845311.82,8152471.09,8340912.12,8254437.77,8083231.54,7939470.46,7824533.4,7682029.46,7616618.19,8507297.69,8931001.31,8650058.3,8079277.97,7429984.32,6841573.35,2016-03-05
430,6421240.58,6136315.02,5918063.24,5795770.02,5758544.84,5780434.3,5585875.04,5825155.63,6145508.33,6406060.84,6662509.83,6869565.55,6948634.77,6938488.92,6815664.78,6719695.34,6659409.54,6685224.3,7690823.7,8274374.52,8179134.65,7688778.75,7015074.03,6466536.97,2016-03-06
431,6105414.34,5884384.2,5753031.52,5744801.47,5992279.34,6663436.82,6870863.56,7203125.25,7790057.89,8116615.7,8447860.72,8683183.92,8470868.58,8542998.19,8745713.82,8783141.54,8653350.74,8433450.61,9087754.21,9407955.84,9092864.39,8486946.72,7646785.24,6861004.49,2016-03-07
432,6295518.24,6091925.29,5957897.11,5901402.26,6164730.6,6886350.3,6915807.12,7162080.13,7674707.5,7992064.05,8371810.22,8641686.1,8444098.42,8477452.39,8715433.28,8754308.14,8596432.0,8313710.96,8936354.5,9217654.36,8938149.79,8387088.9,7560613.68,6824987.67,2016-03-08
433,6322457.37,6053422.02,5894648.9,5878517.69,6059719.11,6760100.44,6747689.53,6987959.63,7463579.39,7842778.96,8225628.82,8515339.52,8279051.33,8308022.49,8541660.29,8604636.63,8497946.38,8267676.63,8825986.16,9147853.36,8834657.67,8263761.99,7422953.24,6722431.56,2016-03-09
434,6244690.58,6003770.48,5877903.47,5872814.37,6118863.45,6759168.71,6783051.67,7060971.45,7610569.16,7950558.5,8333074.38,8626700.83,8370193.88,8287812.66,8532923.31,8598682.88,8495825.03,8278519.95,8786187.42,9047662.37,8713719.72,8135123.8,7346172.05,6688047.61,2016-03-10
435,6307370.49,6027906.24,5901979.84,5866079.86,6071702.7,6665830.15,6747444.28,7077937.5,7570279.43,7858694.11,8176777.58,8474465.59,8236882.83,8267504.21,8505373.19,8507347.54,8313357.63,8031650.55,8605702.33,8990754.42,8681461.47,8122727.99,7401455.69,6849912.9,2016-03-11
436,6389177.0,6116861.12,5897914.73,5874509.94,5943010.28,6139021.48,6200480.57,6644234.33,7204547.33,7616226.15,7944261.7,8138482.36,8027381.76,7804507.74,7642920.42,7534346.84,7354649.39,7304170.79,8106841.24,8463517.74,8180698.9,7712942.35,7042493.08,6520970.65,2016-03-12
437,6080492.92,5774716.54,5593108.01,5520769.71,5377063.84,5375886.04,5172538.59,5505814.42,5872752.72,6139934.03,6340580.95,6581639.37,6608182.03,6573227.29,6443460.21,6349664.57,6265240.36,6328674.35,7359342.87,7892931.8,7820601.89,7397377.73,6755356.28,6178957.49,2016-03-13
438,5748105.76,5542732.39,5462823.55,5414608.74,5632838.39,6324590.22,6488628.99,6931667.32,7532294.63,7853324.19,8229968.6,8485716.25,8359025.52,8388629.3,8517055.19,8518966.65,8392449.08,8091247.19,8716729.25,9095565.16,8790535.91,8240756.28,7468951.57,6782182.14,2016-03-14
439,6288955.71,6033747.27,5872240.12,5822256.1,6027873.99,6774317.57,6871330.07,7112152.63,7584023.46,7807825.68,8086449.82,8372281.51,8135533.69,8192740.54,8403818.7,8431747.35,8335678.1,8042831.43,8665100.22,9107970.95,8886836.04,8342458.96,7550469.91,6793650.66,2016-03-15
440,6335227.79,6051707.18,5888140.43,5806634.96,6032107.14,6790054.59,6864009.24,7211866.13,7708212.5,8005961.15,8327889.15,8540878.1,8314624.3,8380005.01,8647593.2,8643502.83,8464020.82,8216625.91,8812683.27,9162807.49,8896432.65,8378247.86,7634057.49,6893234.27,2016-03-16
441,6364490.71,6053580.79,5922826.24,5879390.3,6082864.06,6721369.59,6861034.41,7274225.42,7779186.48,8073227.56,8279476.8,8489208.33,8349714.31,8362068.92,8540255.29,8561434.67,8382586.86,8177913.88,8752424.51,9057311.51,8728952.76,8219321.66,7449870.94,6781483.52,2016-03-17
442,6279746.89,6039657.27,5896779.66,5819894.64,6027095.51,6717131.14,6812098.85,7155768.38,7660347.26,7993398.62,8284573.61,8560442.44,8353156.17,8405016.65,8598905.12,8621533.6,8458406.56,8160004.13,8697053.45,8999542.01,8727775.3,8214542.2,7572249.92,6937461.63,2016-03-18
443,6442089.93,6187640.94,6033926.82,5956051.1,6004409.67,6194159.6,6239202.05,6713411.91,7284789.64,7709743.29,8033007.25,8209823.47,8082155.11,7872083.88,7718625.83,7583935.58,7403344.14,7346818.49,8254751.49,8541972.5,8175457.18,7704568.14,7268675.68,6741669.17,2016-03-19
444,6150080.07,5892862.59,5732521.24,5627752.3,5608998.57,5592159.7,5460946.82,5645149.88,6002493.54,6264262.1,6462894.98,6618611.58,6766941.98,6712759.63,6604706.65,6519960.65,6422672.75,6340607.56,7185273.02,7792597.44,7669395.29,7357715.48,6843665.86,6311351.95,2016-03-20
445,5999762.68,5792788.03,5645889.12,5597167.69,5659033.38,5727448.7,5586817.73,6060693.06,6511407.19,6744736.38,7061276.62,7303840.37,7327927.36,7213382.08,7044598.44,6937293.85,6822890.77,6765922.15,7689349.99,8213441.46,8061467.57,7671603.77,7086698.01,6571575.86,2016-03-21
446,6160477.55,5953812.38,5824136.74,5776029.86,5868510.21,6128268.63,6258285.23,6786510.98,7402461.87,7788085.73,8150880.62,8320700.29,8127787.42,8151204.27,8323370.3,8261123.84,8098431.24,7808411.44,8485291.7,8831427.22,8574215.93,8107522.22,7399783.06,6777824.76,2016-03-22
447,6372954.41,6079797.97,5933055.99,5850811.07,5960489.31,6220466.44,6355362.86,6833965.14,7391619.42,7736252.02,8116893.27,8357735.38,8118650.58,8023062.44,8052338.02,7974608.79,7763577.7,7536087.74,8137848.34,8520391.5,8348396.51,7885331.32,7302051.22,6697363.44,2016-03-23
448,6187217.05,5859177.52,5682729.45,5572932.56,5543899.72,5535387.92,5340124.3,5577195.64,5981023.8,6258702.12,6514913.35,6748123.63,6819808.32,6768207.78,6653516.29,6589076.75,6497800.74,6381008.19,7171439.31,7606052.81,7411917.05,7129023.67,6678764.49,6132300.16,2016-03-24
449,5806742.87,5615927.21,5459479.94,5371510.53,5321366.65,5274072.1,4995103.51,5227551.88,5581997.42,5800388.59,5978193.45,6129682.63,6278248.66,6253747.95,6178046.31,6122066.96,6036510.24,5996372.07,6773055.55,7267614.87,7161222.57,6967817.28,6612033.35,6190022.77,2016-03-25
450,5761224.35,5482130.83,5405619.42,5209452.05,5196501.65,5263872.94,5254100.52,5703154.39,6266599.13,6700265.08,6993227.97,7169056.43,7191978.49,7066599.39,6828666.92,6814184.59,6676665.82,6711327.15,7627205.81,8096095.0,7704844.67,7307596.31,6850592.99,6421519.3,2016-03-26
451,6026846.07,5784905.31,5818240.75,5535358.33,5440199.7,5403942.51,5187218.16,5436893.63,5801254.93,6103784.3,6376797.49,6597082.62,6688309.96,6636249.64,6506590.07,6397594.29,6290567.96,6420774.29,7431104.82,7907521.17,7733714.03,7349225.48,6812415.59,6248613.64,2016-03-27
452,5946767.1,5720031.37,5549632.64,5519670.89,5745564.61,6339606.12,6442188.54,6894871.79,7560975.86,7898036.45,8285075.37,8481198.66,8349902.57,8377437.37,8554954.98,8525610.37,8445329.33,8242488.91,8842997.17,9092542.25,8747616.87,8236924.7,7548127.76,6856003.16,2016-03-28
453,6308243.49,6078175.69,5907957.44,5854198.34,6084157.62,6701525.3,6779477.4,7191398.92,7654191.31,7966661.72,8336550.8,8613449.0,8439220.48,8552118.7,8729054.72,8742018.86,8655047.17,8338600.78,8915125.09,9281333.18,8913484.01,8437798.73,7739845.78,6940499.25,2016-03-29
454,6443236.75,6194379.19,6028491.06,5968755.88,6191668.75,6775951.29,6871954.75,7185360.06,7712716.21,8044472.73,8418171.56,8581594.37,8319648.92,8277702.06,8460503.15,8370867.45,8369948.98,8257829.65,8831723.97,9078077.56,8692466.34,8196494.72,7417710.16,6761520.8,2016-03-30
455,6305100.1,6039667.05,5830881.41,5795138.24,6035785.37,6612683.28,6763120.85,7102235.41,7587897.14,7879144.62,8207252.87,8486239.37,8246413.63,8305656.78,8496196.65,8501239.57,8374062.09,8200930.18,8764350.04,9016228.68,8754950.58,8291191.78,7555641.06,6843828.11,2016-03-31
456,6341768.79,6008729.46,5835493.79,5756545.71,5951280.6,6571694.1,6641826.87,6901952.4,7326757.47,7764868.48,8170022.84,8437702.09,8227748.65,8279108.84,8422638.97,8450026.91,8297822.65,8029633.63,8592177.2,8828527.23,8526788.51,7985387.1,7372686.89,6767145.21,2016-04-01
457,6335694.16,6068709.0,5865152.4,5760092.61,5798274.26,5979196.63,6008957.83,6434669.15,6997055.36,7329927.06,7574329.71,7757823.02,7700887.32,7545104.61,7350267.59,7255674.36,6999956.82,7012126.47,7939541.78,8221080.65,7910433.11,7392535.88,6831259.24,6323746.82,2016-04-02
458,5925024.32,5601843.49,5384120.84,5278022.4,5229449.45,5193831.26,4965391.78,5244628.97,5685436.38,5929424.35,6218963.18,6427892.63,6485394.17,6418702.08,6277340.65,6169391.97,6101013.73,6134249.3,7166571.74,7677951.46,7771632.58,7400162.92,6950905.36,6217009.3,2016-04-03
459,5735819.3,5527486.31,5395170.43,5379644.58,5616141.43,6204450.86,6287706.14,6632672.42,7269699.88,7634549.93,8127135.28,8376042.78,8182277.06,8237774.15,8402878.84,8402886.94,8263922.29,8047154.62,8694941.92,9014100.6,8758826.57,8197560.83,7386636.95,6664905.18,2016-04-04
460,6247899.01,6055515.97,5949674.72,5907531.16,6116843.9,6723963.01,6765449.36,7046519.55,7558618.32,7865173.43,8143997.21,8495437.72,8294275.39,8350763.49,8495898.01,8438888.37,8269055.66,8110855.05,8836033.28,9090526.46,8835411.69,8236162.42,7377979.22,6693523.15,2016-04-05
461,6295022.52,6200907.98,6071306.16,6035785.34,6206034.99,6807138.68,6921987.02,7143761.52,7738231.16,7957811.12,8263295.96,8479578.74,8277499.54,8270441.18,8532763.27,8534942.62,8361171.07,8203626.12,8866889.56,9150750.89,8884105.67,8203336.15,7421730.35,6717036.81,2016-04-06
462,6271080.27,6039201.8,5883237.77,5863673.12,6094920.28,6688676.88,6727205.53,7138677.45,7785251.75,8059313.79,8394365.92,8565438.82,8353843.48,8453751.95,8627811.78,8607828.2,8405364.37,8122839.38,8887237.07,9200388.07,8932036.01,8446179.49,7679926.23,6832958.66,2016-04-07
463,6397797.41,6144592.67,5984195.77,5967523.68,6191485.54,6761290.59,6776099.05,7179551.05,7810844.95,8074144.09,8504557.75,8739841.15,8464372.67,8488775.46,8675214.22,8638978.58,8427568.85,8151122.4,8739480.74,8961905.01,8666319.9,8196236.95,7506527.98,6916947.02,2016-04-08
464,6412227.63,6170794.9,6011726.92,5909520.82,5961754.41,6132034.37,6187914.69,6647327.44,7218281.15,7653417.1,7848178.17,8033671.77,7931742.46,7713203.68,7555049.8,7375055.78,7234764.78,7279344.77,8089710.6,8414452.75,8134941.93,7695740.96,7122615.45,6514979.43,2016-04-09
465,6092226.61,5953242.87,5806764.68,5670613.03,5631409.09,5585449.34,5368890.13,5594140.86,5887793.59,6117993.93,6337246.53,6507590.1,6609502.14,6524430.67,6344223.36,6232753.36,6161098.15,6409360.99,7530463.77,7895636.62,7812410.57,7450899.19,6823980.42,6340522.58,2016-04-10
466,5937311.96,5675469.74,5542018.87,5541965.79,5772135.07,6470061.0,6625806.1,7071881.15,7761796.15,8053280.42,8428598.97,8652996.58,8431467.94,8487018.82,8635211.47,8616655.76,8502967.81,8290331.96,8916065.03,9118268.99,8886866.64,8324596.91,7550119.33,6915778.61,2016-04-11
467,6201404.89,5917501.33,5731058.5,5705058.56,5955135.36,6664542.73,6714416.98,7121078.0,7728403.6,7952852.98,8252652.77,8405793.73,8201169.53,8256575.83,8411515.4,8376009.08,8247551.36,8062582.48,8690022.29,8890632.36,8608232.84,8080365.03,7372161.94,6615711.93,2016-04-12
468,6057738.65,5806884.74,5676296.54,5609506.42,5811449.07,6252315.34,6442665.4,7030354.84,7606957.25,7781651.81,8024423.83,8254659.19,8239061.41,8266338.93,8431191.74,8435203.6,8282124.11,8064970.97,8720287.42,8996586.74,8696993.23,8186105.49,7450811.49,6625422.79,2016-04-13
469,6224209.83,6027837.37,5956926.13,5925384.91,6178087.23,6789060.92,6846451.24,7217553.16,7709154.61,8021184.5,8379792.23,8574178.66,8324762.51,8388797.03,8630469.71,8650845.45,8478567.86,8211330.81,8838635.06,9148063.75,8872715.32,8406845.21,7651664.55,6939224.59,2016-04-14
470,6490513.18,6301063.32,6126597.6,6065366.01,6317185.72,6863102.51,6862147.36,7306835.89,7829284.36,8159763.78,8545529.61,8775964.38,8553976.55,8596391.92,8812687.92,8821798.79,8666974.99,8378420.12,8895282.8,9157732.86,8884395.94,8447372.83,7801612.37,7212622.72,2016-04-15
471,6767271.19,6482044.15,6316949.36,6247745.56,6298887.97,6445844.18,6541734.64,6994159.6,7548895.39,7800452.52,8078622.29,8246737.66,8244683.45,8107436.57,7928772.99,7799401.15,7629035.46,7618752.62,8433250.54,8665916.28,8443298.95,7998659.0,7453225.29,6944103.6,2016-04-16
472,6482039.94,6120428.54,5711442.21,5536128.18,5460964.56,5392021.1,5278917.34,5544897.38,5859772.54,6147255.62,6369284.68,6567590.95,6709841.06,6632501.84,6505243.29,6385250.32,6303544.14,6516191.91,7388036.66,7885599.7,7852625.03,7536349.12,7003618.19,6378929.66,2016-04-17
473,5902050.81,5691926.66,5557975.26,5543070.21,5791819.81,6536655.68,6717337.39,7167313.47,7741906.61,8130141.84,8501427.75,8710691.24,8474312.19,8537138.69,8759648.19,8709140.75,8498393.48,8201409.41,8860529.22,9203076.13,8970066.32,8454458.6,7702517.03,6994709.32,2016-04-18
474,6350491.8,6005349.18,5911669.8,5835666.69,6036386.22,6597824.75,6719387.5,7217680.87,7799289.78,8116574.4,8452901.47,8652961.54,8480260.42,8570739.88,8719625.45,8685658.25,8540566.72,8243943.38,8945721.19,9323044.27,9045737.43,8547459.77,7824823.3,7121615.01,2016-04-19
475,6450797.48,6184290.27,6056278.53,6007429.58,6193786.75,6796374.98,6878004.16,7376828.38,7890383.39,8192799.58,8510813.11,8691659.49,8468198.33,8509308.76,8658574.48,8633633.07,8547439.61,8314646.69,8976518.76,9239576.72,8933261.56,8444251.32,7630413.07,6826447.56,2016-04-20
476,6385488.2,6182001.44,6020318.13,6003155.45,6213956.02,6816261.91,6895140.54,7404102.44,7966812.12,8223631.42,8516699.34,8777132.22,8565250.59,8639570.56,8893330.47,8899682.64,8782624.42,8469100.17,9092050.41,9384931.29,9135648.45,8615972.63,7869169.06,7095038.48,2016-04-21
477,6627538.83,6337460.11,6209377.02,6156238.77,6381819.16,6915486.85,7016434.15,7515053.24,8055836.82,8329684.61,8650652.92,8791320.57,8575716.18,8647175.47,8822700.3,8787034.56,8661970.44,8482260.54,9032911.35,9145852.45,8887405.47,8409534.61,7790619.26,7069367.48,2016-04-22
478,6635752.33,6324312.16,6126530.45,6067419.92,6162089.85,6319870.35,6432730.32,6954889.01,7472830.88,7910282.43,8225133.54,8395697.74,8274808.77,8085787.36,7898561.82,7752121.51,7571833.89,7480325.52,8445668.69,8712812.65,8489092.11,8056695.93,7438101.68,6890021.19,2016-04-23
479,6422390.66,6053228.27,5862818.37,5748450.41,5712531.71,5642206.94,5358056.17,5698688.73,6054437.03,6413749.3,6667087.33,6828622.08,6839786.88,6734709.75,6613813.3,6513769.29,6480024.49,6643230.5,7567987.21,7854342.96,7722261.69,7362350.98,6787242.47,6071431.7,2016-04-24
480,5704681.87,5504965.53,5346337.76,5355589.52,5671058.6,6287704.27,6444377.79,6943387.77,7524921.69,7837890.65,8137147.65,8392079.17,8245851.83,8256395.92,8506314.74,8564798.67,8444666.41,8181991.29,8856895.65,9131936.48,8881824.09,8356997.01,7581199.77,6753368.69,2016-04-25
481,6288171.92,5976747.05,5764686.29,5742689.82,6005400.01,6608180.92,6678222.56,7109293.99,7758139.22,8122531.65,8441982.22,8665646.57,8464813.18,8525970.18,8724458.54,8721543.18,8565580.77,8336103.74,8998749.45,9182903.37,8912691.7,8409970.26,7604834.9,6755815.9,2016-04-26
482,6203772.46,5932392.94,5810526.35,5758681.86,5933052.32,6574475.51,6785516.46,7288427.43,7765671.01,8047864.95,8372094.24,8619494.27,8418788.43,8429662.49,8587299.36,8551309.48,8376328.15,8202078.95,8918496.71,9112397.27,8848765.72,8367478.64,7569587.66,6892957.22,2016-04-27
483,6308823.78,6029530.95,5874000.59,5816997.52,6108896.0,6751235.47,6836995.85,7300643.77,7794487.99,8042898.91,8339546.94,8501487.08,8265801.53,8240242.39,8335108.35,8331885.7,8231149.58,8111207.08,8832623.85,9009476.28,8741636.71,8177372.16,7365795.75,6681535.85,2016-04-28
484,6199873.65,5951415.16,5824762.51,5927701.42,6059352.46,6648817.57,6742528.54,7168792.3,7667054.19,7968759.38,8308631.65,8543228.74,8337691.03,8366543.87,8562054.59,8573070.21,8463157.82,8247250.08,8844310.57,9028863.24,8744717.18,8262822.28,7613556.44,6900475.88,2016-04-29
485,6443101.87,6171206.19,6022408.9,5960685.17,6025826.77,6160816.14,6316902.94,6826809.88,7398062.91,7726819.33,8020520.76,8157150.36,7997045.18,7721613.75,7511905.37,7402649.59,7325081.42,7438474.19,8241959.57,8373378.92,8115878.44,7690360.81,7113123.11,6482468.06,2016-04-30
486,6083238.97,5825202.42,5594400.33,5487102.05,5517702.27,5485629.91,5370682.19,5626437.52,5887855.1,6129966.26,6423673.24,6526586.04,6550350.63,6550417.62,6422393.45,6349756.51,6326638.0,6468920.99,7401741.46,7754011.48,7657019.45,7325195.13,6805152.05,6139127.74,2016-05-01
487,5853686.07,5713990.21,5590716.82,5594647.84,5847875.52,6338533.25,6404653.12,6899637.06,7413701.37,7737011.66,8108634.8,8331727.66,8131641.93,8097731.21,8261129.64,8276292.91,8141906.4,8011223.93,8637880.21,8835683.95,8534486.02,8002662.39,7195849.7,6473871.93,2016-05-02
488,6046276.57,5848823.41,5747014.93,5716725.43,5968714.35,6494109.9,6606508.43,7003181.91,7512169.55,7812160.09,8157761.13,8365989.53,8162693.27,8210343.56,8450973.15,8426892.66,8297921.7,8116712.85,8800766.03,9044685.77,8759377.25,8256741.01,7474166.28,6748463.85,2016-05-03
489,6329753.76,6094611.97,5957658.39,5900637.84,6167955.3,6762033.54,6844586.41,7233739.16,7701799.05,7973414.77,8298075.3,8495539.45,8299810.91,8365206.38,8595083.41,8588201.83,8434069.96,8190825.65,8909707.67,9221020.29,8938300.72,8378368.31,7584089.69,6914357.84,2016-05-04
490,6393952.24,6058359.08,5746740.3,5698993.79,5993004.16,6660563.05,6897339.04,7327657.51,7840471.55,8144636.43,8498692.51,8672056.48,8426907.22,8423180.15,8649474.89,8693161.9,8592215.04,8451098.06,9047413.79,9232561.23,9026840.17,8512182.93,7647863.38,6846077.5,2016-05-05
491,6566001.68,6410225.81,6259915.42,6206833.58,6436737.8,6815211.92,6862715.7,7293232.55,7940655.28,8230387.97,8518353.99,8670155.97,8439791.02,8442901.07,8555453.05,8559273.93,8438073.94,8255116.67,8832258.8,8956967.28,8662732.01,8198390.51,7464524.06,6865257.57,2016-05-06
492,6267400.23,6052966.05,6000349.58,5958868.68,6028281.45,6117650.6,6278352.91,6807118.96,7345686.69,7706430.46,7967444.61,8114503.61,8043247.01,7833567.96,7666391.21,7573369.25,7438257.76,7413086.43,8297855.2,8572470.24,8296332.6,7780007.96,7004317.32,6441037.54,2016-05-07
493,6013931.24,5701981.62,5426549.42,5308421.35,5303242.04,5226122.95,5226679.08,5634176.06,5953205.13,6240181.5,6455733.93,6619813.09,6613313.4,6473608.26,6299161.91,6235082.59,6172942.56,6215564.79,7102601.97,7476621.2,7302856.96,6904810.42,6342986.98,5820807.52,2016-05-08
494,5407971.37,5167933.89,5079221.73,5027071.33,5030772.82,4997212.43,4985757.16,5384664.94,5916210.11,6359098.76,6733153.46,6953016.11,7037462.67,6968139.53,6782718.32,6703247.11,6599403.33,6620991.93,7740065.62,8044692.46,7735296.3,7202886.18,6527504.04,5797991.74,2016-05-09
495,5378977.53,5195510.02,5160590.16,5202821.1,5466520.45,6084443.36,6238418.7,6606362.73,7202295.59,7498182.06,7752613.85,8082649.13,7917468.81,7875288.67,8043911.58,8102097.79,7979968.37,7830362.95,8611721.04,8863082.36,8570376.34,8040604.51,7033027.45,6303284.33,2016-05-10
496,6042635.62,5929360.05,5804673.9,5792566.91,6042595.35,6531251.42,6635449.11,7048905.43,7514895.83,7791768.47,8240903.23,8414003.61,8115794.17,8270116.2,8476969.06,8518011.0,8319964.82,8011951.65,8883956.82,9233350.97,8935327.37,8345216.3,7406525.95,6821492.57,2016-05-11
497,6393534.26,6167935.08,6052291.58,6014728.04,6277888.31,6775895.65,6910914.31,7295686.98,7828238.95,8142808.45,8517253.37,8725138.1,8534296.97,8566668.06,8776462.93,8799631.23,8496592.63,8292336.2,9067467.39,9387745.64,9063364.51,8395426.19,7657880.02,6823444.35,2016-05-12
498,6565452.97,6345698.05,6222057.88,6176470.12,6410082.04,6760515.93,6955198.25,7341719.31,7913301.31,8303591.42,8643486.61,8864411.37,8695303.96,8704841.51,8858570.11,8809012.41,8642956.06,8444590.57,9072572.77,9268773.03,8877762.0,8345118.41,7742129.79,7192336.39,2016-05-13
499,6536231.43,6190229.86,6029325.52,5979051.62,6073743.04,6150701.81,6491196.19,7080477.39,7551193.23,7914613.16,8261505.73,8458199.3,8326564.77,8109661.56,7943167.82,7793148.32,7637858.9,7521607.6,8525303.01,8749971.2,8408350.69,7879506.19,7203170.09,6621700.99,2016-05-14
500,6385385.87,6151886.75,6013585.14,5901571.45,5848225.85,5737498.04,5618256.08,5939277.07,6280876.47,6639638.62,6881594.26,7091250.79,7162954.8,7142566.54,7031024.93,6952755.73,6864863.9,6904591.28,7660612.27,8172001.59,8060243.8,7722855.48,7257404.35,6712480.31,2016-05-15
501,6234682.41,5865815.4,5701542.59,5646952.22,5877741.51,6359080.43,6469209.98,7044401.69,7680889.31,7991369.07,8391015.52,8670999.4,8422041.51,8426985.52,8646920.6,8686432.18,8567108.34,8346498.83,9076625.69,9235550.31,8998413.16,8387705.85,7610418.03,6738461.21,2016-05-16
502,6277783.42,6079538.86,5914158.18,5905627.99,6145142.14,6637216.27,6819975.29,7271792.53,7732392.2,8038136.33,8493821.82,8681214.94,8304584.84,8487909.47,8708647.95,8758455.35,8612230.14,8406904.75,9107020.47,9359105.75,9094775.93,8513486.62,7573597.31,6916821.47,2016-05-17
503,6482027.65,6223389.71,6090884.94,6119211.06,6319307.21,6810892.57,7038469.92,7500078.05,7962913.57,8102033.39,8376935.55,8608708.26,8408071.55,8519491.82,8701131.62,8640435.34,8644807.54,8327037.98,9107862.21,9357849.39,9060898.7,8541727.28,7744379.19,6909411.96,2016-05-18
504,6322299.83,6019058.88,5953932.47,5891165.21,6133312.94,6620498.48,6745748.32,7192018.98,7808391.2,8090840.65,8536241.54,8820986.74,8616586.94,8616045.4,8797047.87,8759724.04,8568215.19,8340717.54,9083093.45,9503539.76,9173305.88,8610574.05,8078069.55,7179947.94,2016-05-19
505,6441458.79,6196659.54,6025698.92,6005023.98,6234206.88,6662265.22,6852358.92,7479396.57,8204920.3,8529865.01,8883753.44,9108289.16,8868692.75,8952156.47,9090094.89,9002030.31,8708577.15,8450787.57,9160121.37,9433136.51,9026473.5,8523654.42,8004134.3,7386020.21,2016-05-20
506,6928783.32,6512611.6,6302211.81,6230087.71,6332514.79,6384870.85,6486829.57,6951693.62,7718285.85,8104049.46,8417989.33,8620033.93,8478704.59,8254342.88,8148425.63,8060005.64,7790055.98,7721956.41,8582733.7,8931363.33,8708341.73,8290564.17,7652474.25,7022077.59,2016-05-21
507,6593035.03,6282744.7,6095344.91,5981014.86,5912249.08,5770354.84,5628170.42,5885114.07,6259335.85,6606156.41,6899093.41,7145489.07,7253640.02,7198645.33,7033991.53,6977874.93,6775794.08,6782276.72,7869708.05,8352681.13,8239265.01,7876456.79,7367169.11,6730970.22,2016-05-22
508,6240175.22,6058261.86,5940735.74,5965968.12,6198497.92,6724517.0,6876131.79,7446292.64,8076424.87,8407133.98,8712187.19,8921080.64,8714083.45,8809601.94,8931326.11,8901976.85,8635988.34,8487091.99,9103079.44,9462090.74,9128048.65,8571868.88,7740543.39,7050052.14,2016-05-23
509,6622224.17,6369051.53,6208783.96,6209364.22,6446971.35,6947464.61,7106291.18,7493659.19,7979358.11,8241486.59,8573346.27,8834488.22,8591274.4,8651806.06,8832049.57,8873878.15,8673388.39,8495513.22,9238290.8,9509063.57,9146241.25,8609313.73,7774946.51,7063476.08,2016-05-24
510,6675216.02,6420326.4,6279116.6,6216797.21,6475665.69,6977546.19,7040727.44,7492336.15,8040777.16,8357587.85,8633640.85,8753652.73,8409730.26,8604646.75,8789054.21,8744788.43,8524468.21,8333455.03,9101529.25,9225029.16,8769891.66,8147742.79,7331175.72,6696725.23,2016-05-25
511,6267079.57,6044345.93,5951709.76,5876219.44,6115904.89,6647513.76,6802190.3,7205957.42,7719828.52,7960258.15,8213210.17,8467328.53,8232580.2,8267532.48,8442351.92,8442614.45,8348100.84,8185137.93,8984355.41,9216709.31,8857245.98,8366454.07,7537413.28,6872644.59,2016-05-26
512,6438332.99,6195158.64,6035575.55,6034347.06,6211418.92,6666651.11,6786726.06,7240000.25,7768775.97,8060657.44,8333245.85,8532442.72,8281410.51,8305728.06,8413023.3,8489116.54,8325685.47,8143918.85,8876746.93,9008019.9,8699013.08,8282649.16,7714910.8,6997388.78,2016-05-27
513,6549031.08,6244893.94,6101661.35,6037381.51,6123060.54,6216938.25,6337740.2,6883094.5,7449283.36,7809417.1,8086576.95,8212867.67,8079071.9,7914299.13,7783884.55,7652408.25,7442035.33,7375368.07,8303817.39,8603593.0,8356244.05,7876608.25,7263002.43,6667147.43,2016-05-28
514,6227406.77,5931895.73,5756172.14,5628950.87,5599762.1,5517835.64,5355406.05,5642256.42,5950028.37,6243514.14,6452479.11,6626346.97,6695712.73,6615159.71,6463526.88,6384990.19,6358658.53,6441394.48,7339985.71,7717480.87,7520713.46,7242835.08,6787343.02,6264598.14,2016-05-29
515,5946835.63,5719179.56,5589155.98,5543810.39,5530028.52,5475450.9,5422384.25,5828368.96,6307916.37,6674479.75,6987515.9,7132474.04,7197269.91,7113008.37,6977069.77,6864451.93,6780404.75,6882575.34,7862544.33,8242698.19,8016174.83,7486305.92,6922458.02,6374090.01,2016-05-30
516,6025296.84,5804530.12,5660003.66,5597367.5,5834920.71,6365696.65,6485246.28,6851101.87,7401451.88,7678184.54,7987282.62,8269611.35,8083026.41,8146927.07,8279264.38,8261169.45,8152625.02,8031397.14,8736470.92,8996031.31,8726348.59,8108912.14,7338037.49,6653554.22,2016-05-31
517,6223907.6,5960209.01,5831346.15,5787218.13,5995955.98,6416576.97,6609524.7,7068068.42,7569015.94,7894205.96,8229599.85,8401356.79,8184175.36,8222791.37,8387978.27,8369792.75,8237412.66,8053903.78,8817746.74,9134412.21,8882474.15,8236610.06,7388473.11,6696127.08,2016-06-01
518,6211575.35,5950428.84,5810803.99,5772730.92,6010654.46,6543870.12,6674168.36,7091149.38,7558419.56,7848631.43,8082877.72,8308181.07,8176686.3,8226081.7,8377043.7,8417121.7,8298306.89,8123976.49,8791334.26,9069359.83,8841345.53,8287164.47,7488205.36,6795524.31,2016-06-02
519,6343363.75,6093466.88,5914252.86,5897602.51,6130687.51,6621817.79,6875115.34,7325719.68,7723214.85,7944175.96,8209086.17,8370509.86,8157824.02,8142660.3,8298213.56,8294069.43,8218455.36,8077362.43,8697062.26,8923941.98,8557289.16,8058910.76,7507409.01,6862723.0,2016-06-03
520,6411259.29,6124275.19,5943176.43,5983462.32,6065773.55,6093900.47,6227377.52,6654613.08,7280135.52,7623014.6,7964076.98,8139971.99,8083150.4,7903131.9,7772290.57,7686846.66,7505689.87,7482264.92,8254925.67,8654160.56,8428172.24,7983770.39,7390021.79,6794641.23,2016-06-04
521,6292145.79,6033007.97,5855034.21,5689666.06,5643786.29,5483006.43,5388261.66,5703300.41,6056074.21,6366460.08,6610033.34,6798691.49,6901135.93,6868774.23,6757424.05,6656975.13,6594835.86,6644656.39,7347997.5,7902713.35,7765041.81,7457993.62,7041756.03,6567266.16,2016-06-05
522,6140397.23,5880839.43,5678566.14,5565798.19,5560605.87,5473766.58,5337175.05,5644217.34,6073315.58,6442814.44,6787265.6,7045784.66,7136992.24,7067624.41,6904261.31,6821605.53,6740662.85,6775315.71,7661180.68,8221247.82,8095681.57,7674075.07,7140595.18,6487849.16,2016-06-06
523,6084287.21,5826856.47,5651911.62,5625718.76,5853382.15,6422048.84,6574021.89,6974730.61,7525192.28,7827511.32,8134799.22,8319836.72,8062728.73,8095355.41,8224941.49,8278982.96,8232940.9,8108151.4,8718114.45,9017613.59,8695922.5,8233535.71,7622752.74,7109536.95,2016-06-07
524,6399190.3,6049106.4,5915505.63,5856082.52,6072331.87,6491365.71,6649060.2,7064597.15,7579306.61,7873282.11,8256019.22,8470671.92,8271881.56,8279904.08,8450104.73,8460881.19,8288569.91,8062196.67,8687977.43,9074861.66,8723067.8,8196696.82,7452276.26,6760891.98,2016-06-08
525,6310246.53,6101322.08,5883638.78,5862238.86,6095683.76,6583300.19,6731834.38,7127748.19,7622639.87,7926205.86,8218005.92,8492018.6,8292858.08,8346150.28,8538912.22,8523547.34,8413595.31,8199907.3,8781426.55,9095342.76,8865031.24,8298115.41,7535449.6,6873088.56,2016-06-09
526,6399442.35,6175946.98,6003692.39,5946818.09,6211296.52,6589963.28,6802536.06,7333770.16,7818955.11,8037525.74,8342703.59,8506633.98,8320629.16,8334731.89,8531335.85,8540605.71,8402571.9,8167790.94,8660505.64,9091300.6,8687249.31,8179030.89,7628755.25,6932812.26,2016-06-10
527,6443639.48,6192622.45,6011742.96,5929491.36,5973069.97,6035784.22,6219524.87,6783606.03,7459073.91,7840811.64,8123421.38,8284379.16,8190139.85,8038834.67,7921785.9,7857905.56,7734622.11,7663696.03,8338264.34,8736375.74,8446230.83,8014299.15,7461265.14,6840188.11,2016-06-11
528,6454297.4,6170698.14,5898740.83,5761467.53,5718556.36,5535972.81,5522788.54,5746763.44,6182041.27,6554873.74,6833156.59,7013516.59,7081264.82,7066248.81,6918910.72,6819384.35,6746446.94,6807609.59,7664062.11,8184970.17,8117169.45,7799094.11,7137777.12,6623683.16,2016-06-12
529,6206513.61,5968200.24,5816459.1,5765476.85,5947388.15,6380325.92,6648617.11,7184468.92,7858355.68,8192447.16,8503424.86,8749877.56,8492826.08,8468708.37,8555333.95,8439113.28,8029490.31,7892286.88,8641004.86,8969465.46,8743284.06,8102667.95,7422939.03,6667154.95,2016-06-13
530,6242344.92,6006793.12,5821103.88,5807341.46,5991145.5,6499026.21,6645332.98,7132274.14,7740600.66,8030418.98,8330224.98,8542524.6,8365542.22,8359347.13,8386967.87,8370223.7,8257181.46,8102385.28,8741500.73,9009187.72,8710757.7,8125150.43,7352924.87,6509272.29,2016-06-14
531,6119267.26,5899132.51,5802694.01,5782422.0,5976063.59,6362305.47,6575118.29,7090698.35,7623108.93,8008680.96,8336916.05,8577907.43,8438296.72,8420425.32,8546805.69,8559681.32,8388428.38,8263575.1,8796297.58,9125952.58,8848290.13,8189582.25,7445850.93,6775052.78,2016-06-15
532,6448173.89,6246069.21,6092041.69,6041346.51,6213138.75,6453451.35,6767751.4,7223261.18,7796814.87,8047674.19,8396171.79,8659729.5,8473155.27,8489737.7,8693040.36,8716029.1,8529526.27,8309819.06,8787802.36,9244794.55,8966601.56,8536140.83,7868409.28,7136918.75,2016-06-16
533,6690205.33,6318462.18,6112675.13,6047435.96,6178406.75,6584803.67,6823412.43,7398073.23,7968910.65,8284094.22,8620721.67,8839159.16,8665170.93,8709492.77,8851169.25,8847957.05,8628651.58,8341490.24,8854320.61,9109893.27,8720024.52,8206929.51,7650617.71,7064594.33,2016-06-17
534,6639808.27,6346894.82,6179779.68,6097990.14,6160920.95,6187801.79,6303413.8,6874419.17,7503663.61,7882339.35,8183636.26,8361796.47,8255732.32,8061347.16,7902041.99,7791359.21,7622519.99,7582626.08,8296043.09,8706245.36,8522001.86,8092852.52,7483788.69,6847993.52,2016-06-18
535,6426526.88,6130873.6,5912476.0,5724120.79,5659624.89,5596953.74,5359672.79,5644243.04,5995891.24,6282480.89,6507587.06,6716301.85,6772239.09,6725275.92,6599377.83,6506986.29,6483790.22,6545508.94,7369245.91,7889735.28,7738728.35,7479285.06,7066899.63,6589854.85,2016-06-19
536,6096671.2,5878733.38,5784873.69,5781444.91,5953120.75,6269299.58,6503877.54,7110677.09,7682698.29,7982847.13,8279429.36,8551130.15,8401212.19,8356141.45,8488102.91,8470001.07,8287099.92,8005008.2,8578427.42,8892446.03,8614497.3,8082282.54,7376473.07,6711882.33,2016-06-20
537,6263427.94,6110867.39,5994234.93,5959418.49,6061494.98,6310351.52,6580826.67,7167722.53,7668072.31,7911927.95,8162009.42,8428252.9,8308994.98,8296797.61,8495279.63,8475445.58,8371680.49,8208660.23,8757656.62,9143593.44,8876362.74,8401255.54,7624863.35,6943467.96,2016-06-21
538,6540527.62,6278165.04,6144432.99,6097415.71,6258247.08,6525406.2,6771629.84,7392204.97,7977235.06,8285678.29,8653753.29,8872399.99,8675373.68,8637462.29,8744774.63,8734451.56,8557066.1,8264470.06,8761615.27,8979311.05,8785078.64,8348574.37,7861346.93,7244827.66,2016-06-22
539,6636207.66,6281142.99,6171845.09,6092011.52,6256138.43,6502739.4,6808840.67,7409596.89,7947978.97,8242895.9,8558587.29,8789904.67,8655360.12,8657134.61,8811226.13,8742155.5,8596423.17,8324625.32,8805047.02,9178207.76,8923941.57,8456461.13,7778009.64,7141434.41,2016-06-23
540,6661551.59,6241648.39,6078984.14,6042017.73,6193271.98,6423679.34,6700841.73,7280494.7,7803792.7,8133854.77,8486679.03,8715493.34,8526940.48,8502760.05,8637481.72,8596467.01,8495563.33,8253003.58,8770959.88,9060524.22,8755403.03,8318238.97,7661965.74,7090424.27,2016-06-24
541,6635661.87,6350381.87,6199984.73,6072542.59,6166487.82,6296336.58,6359642.59,6865693.03,7406418.36,7661879.65,7972578.79,8158234.36,8026677.0,7842893.53,7676881.24,7525971.06,7408214.33,7418770.88,8174700.2,8536879.0,8288484.01,7805003.49,7127809.68,6619377.65,2016-06-25
542,6214242.7,5923292.25,5759966.95,5651060.01,5599675.81,5448053.92,5329652.45,5618287.2,5934247.3,6281851.32,6541899.54,6703901.86,6789678.69,6767064.13,6666189.51,6579070.06,6468930.56,6499494.73,7340261.91,7950433.55,7903871.37,7615079.72,7206710.16,6670717.78,2016-06-26
543,6227615.01,5985392.29,5816000.26,5766054.92,5928238.78,6192923.59,6466227.94,7126447.23,7799992.42,8196338.09,8585476.05,8843086.31,8675246.18,8709709.75,8867431.96,8804784.0,8644669.18,8314514.11,8782229.21,9215923.15,8996324.78,8545832.34,7836917.52,7152661.1,2016-06-27
544,6674248.81,6406426.68,6272375.19,6212496.33,6357436.76,6577534.78,6764156.57,7382808.03,7972364.65,8282753.3,8648530.98,8900608.34,8730763.12,8743726.45,8892011.81,8851577.6,8715127.92,8453576.15,8897838.7,9361617.61,9128911.7,8680527.69,7968431.28,7269797.42,2016-06-28
545,6771821.98,6499429.55,6338629.92,6297934.03,6434443.86,6679007.26,6889465.12,7456838.63,8041290.12,8331590.59,8656128.43,8913759.85,8786367.41,8826638.43,8936095.87,8905378.04,8731251.89,8443914.02,8941995.5,9325042.97,9130852.68,8674892.34,7957752.08,7287475.79,2016-06-29
546,6810622.65,6554146.72,6414688.85,6358466.41,6480877.6,6718792.84,6911416.42,7497012.3,8105337.49,8401783.12,8715496.29,8920838.75,8727745.92,8746344.7,8886299.98,8802243.82,8591661.06,8379809.07,8887014.06,9227658.01,8901517.99,8488616.3,7783239.74,7038862.38,2016-06-30
547,6597354.97,6404074.22,6224842.74,6168248.97,6294943.57,6489714.0,6690199.02,7209199.33,7777583.24,8090746.12,8318921.17,8592157.45,8490049.98,8435178.9,8567832.23,8532215.59,8385735.07,8218121.71,8695965.5,9035635.19,8759672.01,8319158.43,7718344.37,7160565.48,2016-07-01
548,6674907.14,6406645.54,6218965.01,6155262.05,6232127.59,6323047.19,6371113.59,6816116.68,7343124.0,7705243.46,7956704.45,8084223.3,7964249.89,7781734.03,7605772.16,7488037.65,7369029.92,7324509.23,8079651.09,8482825.41,8272776.15,7814401.39,7235662.55,6718531.66,2016-07-02
549,6337596.38,6083814.56,5895620.17,5806781.94,5741698.32,5698000.98,5449163.85,5708221.75,6030382.89,6327606.61,6524809.26,6654219.22,6711351.94,6675684.66,6575113.77,6480346.61,6380298.14,6363277.37,7131961.14,7691086.5,7573506.08,7268604.98,6819725.37,6386475.7,2016-07-03
550,6022378.15,5780381.46,5575311.85,5474536.73,5520706.58,5449560.45,5312267.1,5620430.55,6004544.48,6425733.09,6758764.22,6998179.85,7055366.49,6975457.52,6802871.44,6655249.53,6568758.55,6585934.56,7430809.77,8081128.07,7951657.41,7594237.12,7058732.58,6578988.36,2016-07-04
551,6225385.64,5969276.48,5815769.2,5826580.28,6057360.07,6471468.66,6642061.5,7153837.53,7747725.8,8044612.54,8412875.63,8589275.25,8434266.84,8454278.65,8539538.54,8545998.18,8399299.32,8181374.93,8680798.01,9057139.89,8794596.63,8262945.72,7532672.67,6848511.24,2016-07-05
552,6424866.75,6170087.96,6074733.22,6026393.97,6194906.12,6645473.85,6805409.37,7271915.28,7731617.43,7950190.99,8251135.71,8480923.46,8298051.61,8304776.59,8493089.23,8538479.58,8412990.56,8166721.74,8675845.49,9169878.48,8930260.55,8436146.88,7689347.67,7004775.32,2016-07-06
553,6552801.72,6289923.75,6121820.51,6083116.58,6217308.73,6678164.61,6797638.07,7282909.08,7812523.57,8138259.4,8450049.96,8662845.1,8457643.45,8519640.88,8703795.22,8694821.52,8501750.71,8225539.43,8744844.72,9210755.66,8969493.89,8464689.42,7724767.53,7067243.44,2016-07-07
554,6591658.51,6302771.55,6139845.74,6076230.07,6288960.86,6683071.36,6839735.88,7379355.48,7984712.51,8334229.57,8664201.26,8828236.13,8632054.66,8671547.87,8818080.39,8824046.3,8651942.98,8333682.61,8817600.47,9231382.72,9007582.08,8554795.91,7886144.32,7278480.65,2016-07-08
555,6827632.29,6550384.28,6337742.15,6284343.93,6338416.84,6364905.31,6425852.41,6981772.77,7566559.29,7956025.21,8221835.58,8403434.07,8315399.3,8120313.48,7978953.81,7860127.22,7643353.74,7591451.72,8242396.07,8779030.38,8567589.4,8100600.32,7448563.52,6969150.09,2016-07-09
556,6586466.64,6226406.75,6070118.05,5952653.87,5869336.63,5764001.9,5542209.53,5853370.53,6237654.0,6556590.94,6758754.19,6916456.29,6973952.24,6959698.81,6874136.73,6787752.24,6711305.9,6612609.91,7431598.12,8072809.26,8014548.84,7695162.36,7169982.25,6597198.58,2016-07-10
557,6202214.7,5965095.45,5853614.88,5812353.62,6043345.46,6499649.76,6686553.83,7177813.75,7715241.83,8183027.38,8559539.67,8757572.78,8585201.72,8585462.43,8702787.42,8673141.12,8508218.53,8279829.72,8728317.56,9119201.72,8834364.62,8273940.11,7469772.14,6801786.7,2016-07-11
558,6397760.05,6163488.78,6001111.5,5952995.67,6172268.02,6657939.4,6801393.56,7251733.13,7748889.8,8083565.21,8410612.28,8627512.22,8426680.49,8452783.9,8573671.76,8550727.05,8424691.83,8206059.67,8682299.82,9125378.73,8861996.16,8359345.06,7576887.63,6891361.91,2016-07-12
559,6434923.17,6228765.0,6021780.5,5981246.22,6255801.51,6708628.16,6827355.03,7287261.23,7817018.18,8120211.0,8404962.76,8551684.2,8345272.74,8437065.97,8571161.45,8538926.16,8399752.1,8124307.19,8647362.79,9034044.77,8830710.56,8329313.58,7566875.17,6913802.09,2016-07-13
560,6448375.68,6202662.54,6051168.56,5998057.17,6218018.27,6668044.28,6805787.61,7290630.01,7754591.45,8007081.35,8326003.59,8581370.28,8357388.8,8284941.49,8444538.58,8452433.42,8354329.49,8152313.25,8624327.47,9083421.61,8841932.69,8314347.26,7573297.41,6916185.94,2016-07-14
561,6457267.7,6204695.43,6018462.94,5952350.26,6141371.62,6605426.72,6768350.97,7223113.19,7730437.88,8038699.72,8359465.22,8574470.29,8326718.08,8250762.2,8340771.61,8362403.16,8241353.15,7982484.42,8393097.01,8797295.18,8544759.68,8055974.35,7382596.74,6759262.92,2016-07-15
562,6354469.61,6029339.14,5856677.25,5791425.56,5835057.59,5944615.79,6066081.7,6577303.01,7131273.65,7496925.95,7750472.54,7880807.37,7778805.75,7569598.52,7398912.98,7313810.05,7229442.52,7230663.86,7915432.93,8282581.36,8015475.93,7603163.42,6999884.8,6483548.5,2016-07-16
563,6056952.36,5814105.04,5608480.94,5490156.05,5429039.66,5365243.25,5194325.85,5556962.82,5974578.04,6294574.15,6525987.9,6671584.39,6732578.61,6678588.6,6527957.81,6453648.69,6376354.69,6407768.49,7257157.96,7832253.84,7698125.85,7303584.18,6789492.15,6300494.41,2016-07-17
564,5884545.52,5669042.57,5545071.47,5504342.13,5725864.43,6267223.77,6467277.95,6891149.25,7428165.27,7739757.77,8117307.99,8366570.26,8128166.32,8150563.82,8281931.77,8275046.0,8160479.89,7943534.28,8504323.3,8944657.61,8701933.13,8158022.83,7395506.01,6730235.31,2016-07-18
565,6282369.8,6026592.66,5874553.73,5839349.91,6076677.89,6584291.67,6697507.37,7158261.82,7661716.24,7961559.01,8311054.69,8555674.64,8360810.24,8381164.32,8561779.75,8532746.78,8403367.4,8123302.65,8586343.92,8974599.56,8636383.78,8200190.33,7412562.16,6690072.12,2016-07-19
566,6288938.2,6082175.43,5918299.63,5849357.76,5799376.22,5809900.6,5650262.03,5990607.54,6466045.13,6832096.52,7131193.12,7368516.17,7417057.02,7340802.37,7170143.51,7067593.02,6940842.02,6895613.11,7687308.28,8392534.44,8239922.67,7831399.03,7245329.48,6578354.3,2016-07-20
567,6125398.94,5923732.51,5753521.86,5715269.99,5968190.95,6431693.13,6695818.71,7195378.86,7758821.73,8108255.42,8403037.04,8540498.12,8342437.64,8331280.7,8479985.9,8423426.92,8283298.81,8041987.61,8591761.09,8998990.87,8705361.94,8171541.52,7283455.04,6606128.92,2016-07-21
568,6129106.5,5853002.36,5762014.57,5716471.0,5941796.33,6464502.18,6615922.64,7079114.09,7552344.29,7871329.6,8265911.49,8501090.22,8318320.88,8403646.6,8579484.38,8540065.27,8389404.43,8139730.28,8645531.67,9018089.54,8769399.82,8270894.41,7521222.44,6861318.74,2016-07-22
569,6385405.81,6125513.89,5943636.07,5866664.92,5942474.65,6036829.96,6143718.56,6722288.03,7343499.62,7738620.64,8008746.92,8134334.56,8034717.45,7813823.68,7563752.96,7512374.08,7358492.88,7365738.74,8182984.37,8570137.6,8338303.19,7774818.47,7159473.81,6593179.28,2016-07-23
570,6183385.84,5914692.26,5740952.2,5610358.9,5553815.25,5504731.98,5318518.97,5634932.48,6032714.81,6345853.51,6588429.94,6799917.18,6827507.05,6774496.38,6633020.21,6517249.86,6457439.55,6480837.72,7265886.08,7809600.7,7694721.12,7348158.89,6789404.69,6245168.11,2016-07-24
571,5863650.04,5680797.44,5581845.0,5536947.89,5762996.13,6293726.33,6475470.27,6900961.9,7444998.77,7691492.29,8124628.06,8406212.58,8243807.85,8303217.17,8495619.38,8480056.34,8297823.35,8040542.85,8652056.28,9168982.59,8919012.41,8301659.53,7470170.43,6772340.05,2016-07-25
572,6375446.07,6118504.99,5935114.92,5911567.33,6133587.65,6649434.49,6777461.07,7252323.16,7858589.73,8215926.45,8584970.06,8817878.63,8582319.01,8644247.75,8859915.58,8866677.65,8700827.41,8474787.65,8980889.42,9418686.36,9149565.29,8637256.6,7860121.0,7123328.67,2016-07-26
573,6637764.09,6398889.43,6241635.09,6197715.77,6407040.68,6932937.01,7056037.12,7465163.38,7982013.3,8268728.76,8616433.2,8824878.51,8637290.21,8696198.49,8854674.1,8790382.91,8562413.74,8302614.45,8809875.3,9116602.15,8795903.01,8311169.17,7550768.32,6814694.65,2016-07-27
574,6355479.57,6123948.62,5983058.26,5864810.67,6071556.39,6595982.74,6803872.96,7211001.12,7734184.59,8056403.61,8421484.21,8660767.51,8490594.96,8538482.36,8711607.2,8730603.28,8604653.06,8348311.02,8859614.18,9312081.98,8984072.48,8489110.34,7746153.49,7012967.17,2016-07-28
575,6513540.25,6313818.66,6184297.47,6107818.91,6315190.57,6799624.62,6918263.34,7340286.71,7870880.24,8183909.44,8507531.31,8745461.42,8550598.65,8552043.41,8741964.37,8728594.81,8567099.75,8284474.9,8828797.11,9212474.35,8957335.72,8445449.87,7788338.14,7181209.81,2016-07-29
576,6656433.62,6379389.21,6219064.56,6141985.82,6215017.69,6318285.21,6492571.09,7034603.09,7611699.63,7945662.42,8184357.69,8365189.92,8266009.45,8064906.35,7855406.88,7736916.92,7627313.29,7563984.1,8335602.8,8748573.02,8480547.26,8012351.81,7398453.75,6865010.06,2016-07-30
577,6392579.38,6170161.32,6008456.38,5866564.66,5875949.43,5863789.7,5664209.52,5929365.37,6274956.75,6589212.65,6720681.0,6913502.7,6986045.22,6938625.21,6941448.39,6837282.91,6717130.96,6728846.89,7536251.93,8189668.05,8137155.19,7710564.85,7149810.44,6650175.52,2016-07-31
578,6231347.7,6042650.26,6010055.42,5963550.81,6140227.47,6692058.98,6819556.72,7248467.38,7810602.54,8154843.72,8496884.52,8664874.66,8462797.85,8507064.52,8712718.06,8724077.2,8602211.37,8321926.18,8921113.52,9310131.51,9059521.45,8567838.82,7740402.7,7054758.26,2016-08-01
579,6472197.05,6202614.76,6059296.88,5978189.67,6202391.51,6850821.32,7018449.88,7396106.0,7919446.5,8201149.95,8501879.15,8694179.72,8505550.03,8559627.52,8722931.2,8720943.61,8630543.45,8273964.72,8945359.89,9350385.5,9153248.78,8661950.51,7752038.35,7065567.78,2016-08-02
580,6553159.0,6327332.77,6194012.12,6132858.46,6371225.07,7039465.34,7122514.15,7479914.13,7928005.19,8234903.7,8488364.03,8721280.7,8557090.17,8550567.3,8579311.13,8585068.8,8467752.77,8283927.61,8910744.62,9224908.17,9018368.9,8436821.88,7645835.65,6953350.8,2016-08-03
581,6510061.88,6300910.98,6169193.53,6144936.97,6345852.02,6870010.38,6998320.5,7342331.64,7783387.11,8058169.94,8344730.46,8544325.2,8336130.58,8413581.1,8618662.05,8599112.21,8473058.94,8260816.56,8845468.88,9247370.47,8987858.57,8445139.41,7620831.83,6914559.7,2016-08-04
582,6423564.77,6192486.78,6073560.76,6055887.33,6278857.16,6840586.93,6942243.22,7360273.22,7852184.72,8205987.86,8570476.67,8821036.98,8612318.75,8620901.36,8792309.6,8790462.26,8658789.17,8397454.39,8863929.04,9263975.28,8973949.11,8475277.52,7813193.39,7238000.81,2016-08-05
583,6805006.06,6562724.59,6376469.73,6316052.19,6348907.59,6495137.79,6511803.15,7055606.12,7651570.48,8060320.94,8422764.71,8615657.24,8552105.78,8349484.04,8193573.89,8078960.28,7926172.71,7804782.74,8522159.15,8986071.38,8717730.9,8266827.16,7639926.03,7136510.89,2016-08-06
584,6710235.06,6381164.8,6216590.8,6100825.55,6063226.12,5955817.02,5759234.94,6094194.88,6482047.35,6796027.45,7084583.29,7315819.75,7365957.87,7292941.66,7120460.57,7025180.68,6956167.62,6956298.13,7767749.13,8366866.65,8335993.55,8063700.36,7471469.49,6830151.66,2016-08-07
585,6460748.67,6250311.27,6100707.78,6024064.06,6232160.22,6782548.28,6918122.55,7422903.31,8005960.79,8367026.6,8725893.7,8937128.42,8722773.09,8751546.59,8940198.15,9001512.82,8901155.67,8602558.34,9150453.77,9628401.99,9402343.36,8856518.29,8062595.3,7347130.95,2016-08-08
586,6871968.8,6622223.54,6467985.33,6372455.18,6612018.29,7146366.69,7260716.15,7662960.87,8190964.6,8537826.6,8850945.28,9013551.09,8808218.05,8878379.81,9084926.21,9091229.31,8939807.03,8628999.69,9163153.29,9527349.47,9263084.45,8717524.18,7889435.1,7215157.37,2016-08-09
587,6655515.54,6427290.94,6300397.4,6270845.97,6495093.02,7028495.62,7136423.67,7547445.88,8040518.42,8343254.52,8675400.38,8872102.93,8645151.84,8689552.21,8911804.44,8900949.59,8752026.63,8573906.34,9170672.89,9521656.4,9225164.8,8766527.34,7928953.19,7249339.51,2016-08-10
588,6731527.27,6520157.39,6378777.72,6329800.99,6463768.69,7107924.23,7220425.54,7659565.76,8148964.99,8471219.91,8738733.32,8939324.25,8721836.4,8741050.61,8981247.68,8964679.05,8709808.29,8292841.86,9058545.12,9458184.48,9214706.1,8667538.67,7878732.25,7076063.19,2016-08-11
589,6695078.9,6450245.11,6308734.54,6226748.22,6456220.99,7026906.41,7146758.29,7547434.78,8058205.65,8343798.31,8725566.88,8929065.04,8725829.37,8757612.69,8964501.44,8974540.23,8789792.65,8511402.02,9039744.52,9381103.96,9119630.67,8592915.17,7944158.37,7365005.53,2016-08-12
590,6909180.92,6599110.73,6404172.53,6318372.73,6408782.37,6535663.01,6631546.2,7148070.26,7699361.84,8083155.41,8379261.59,8556521.76,8464302.53,8283281.86,8123350.8,8012880.16,7864427.9,7796042.92,8525574.74,8975163.58,8780106.41,8326184.58,7694961.69,7103618.51,2016-08-13
591,6692395.57,6399280.86,6207762.51,6050642.58,6008228.59,5908197.51,5691683.96,5945415.86,6331494.64,6632049.79,6898563.76,7016317.37,7115261.48,7032571.89,6898133.93,6822347.05,6703546.88,6694958.28,7574874.7,8039600.4,7968969.93,7657876.14,7190739.56,6698968.01,2016-08-14
592,6325611.93,6088310.62,5927548.86,5826531.28,5798360.11,5756396.04,5595987.55,5931280.39,6446449.75,6816514.23,7242878.6,7527527.74,7565698.48,7490639.99,7314056.44,7196031.1,7090982.88,7103328.81,7975760.94,8652398.45,8506458.78,8040166.62,7397264.77,6792027.02,2016-08-15
593,6442100.63,6233874.09,6064963.85,6026603.13,6248531.83,6799555.85,6915934.8,7363702.55,8009908.55,8410082.92,8809712.57,9021654.18,8756780.73,8724201.86,9017467.42,9034675.67,8903145.42,8570487.9,9202543.68,9656262.24,9430590.74,8838642.52,8022551.95,7304614.56,2016-08-16
594,6735298.1,6497905.99,6345684.82,6306653.06,6526932.09,7057600.0,7188270.6,7570522.71,8122494.29,8458871.7,8790523.73,8976149.0,8758479.99,8821491.48,9002744.86,9026126.62,8835578.45,8599009.11,9258029.08,9561554.33,9391441.65,8578367.2,7954229.08,7273295.97,2016-08-17
595,6688057.1,6400985.88,6155838.24,6120650.86,6324348.7,6994285.84,7076321.17,7496645.99,8012459.86,8456335.35,8773963.28,8958770.09,8743984.86,8800616.15,8920117.37,8947220.35,8835420.42,8547621.11,9220058.23,9498379.67,9247630.71,8697930.46,7840355.14,7107073.92,2016-08-18
596,6650114.72,6391325.29,6186232.07,6140541.11,6337628.79,6888891.66,7031540.96,7457404.09,8045318.27,8431738.57,8784946.48,8978022.23,8840054.8,8886788.35,9080123.66,9068787.79,8887480.75,8590211.13,9127561.58,9458583.54,9213664.22,8679527.2,8005364.22,7286640.99,2016-08-19
597,6903195.54,6629223.4,6442090.94,6353672.43,6263659.11,6353569.83,6473517.3,7085298.9,7659793.34,8139082.01,8540268.62,8699504.24,8583069.56,8380402.37,8249502.88,8079721.88,7943546.88,7875851.57,8640587.64,9000701.05,8755045.27,8272019.56,7683288.27,7128160.29,2016-08-20
598,6572892.65,6200735.87,5962955.99,5790126.5,5717904.66,5639706.22,5407244.8,5914668.58,6347654.36,6682005.8,6967870.02,7161041.51,7269588.24,7193431.15,7083154.7,6964537.32,6900405.19,6897535.97,7811602.32,8358992.19,8255270.1,7865127.91,7320546.17,6726914.12,2016-08-21
599,6266910.32,5993672.76,5837919.48,5813198.83,6035681.5,6630135.81,6810211.85,7380329.88,7966612.0,8363867.16,8816972.45,8970858.93,8794439.84,8782885.22,8898175.62,8907136.17,8816903.36,8538950.1,9225497.6,9519129.46,9216840.66,8714435.54,7870531.43,7063881.04,2016-08-22
600,6715779.89,6495443.53,6339692.15,6301402.85,6521007.7,7009467.13,7154586.42,7574115.23,8134708.68,8438797.94,8835141.21,9033532.21,8831666.87,8956801.1,9123099.88,9145104.13,8988442.35,8672135.97,9293329.13,9622627.29,9364354.5,8802012.84,8007389.61,7301472.05,2016-08-23
601,6818880.16,6589360.56,6446712.42,6363999.47,6587569.66,7119921.5,7223011.66,7639985.66,8122241.46,8456568.45,8811131.56,9038151.63,8829925.81,8914502.21,9105703.16,9079698.8,8928167.01,8684913.12,9268370.94,9581523.91,9353675.17,8829539.62,8055385.51,7340419.49,2016-08-24
602,6850531.51,6558699.54,6423543.31,6367501.07,6547679.03,7124140.62,7234992.34,7622696.59,8123622.74,8430353.6,8826889.82,9025177.23,8798522.32,8844320.68,8976990.38,8989589.89,8872956.61,8678776.55,9327117.84,9559051.62,9288742.09,8687035.11,7848797.24,7136077.69,2016-08-25
603,6623271.44,6396089.25,6262920.1,6247091.1,6460129.23,6981983.18,7099335.45,7465106.61,7946553.53,8145098.73,8350280.0,8611037.22,8372382.33,8395901.37,8565597.75,8597063.91,8489457.86,8264663.29,8898256.33,9128167.09,8851435.04,8299268.02,7547503.73,6940955.59,2016-08-26
604,6353233.49,6274983.0,6142463.9,6082799.72,6209146.65,6295638.11,6457251.68,7013445.98,7586225.75,7966872.89,8252300.6,8418378.36,8336405.2,8069098.79,7946281.46,7847995.97,7742484.12,7684484.37,8483339.77,8782753.21,8537256.33,7957188.01,7312352.58,6793284.69,2016-08-27
605,6185222.99,5779751.22,5560347.74,5457885.29,5428717.52,5375773.19,5206439.04,5514062.73,5817291.93,6227232.69,6408919.97,6571733.44,6690402.33,6679837.87,6586083.68,6501533.63,6404743.27,6529087.66,7651123.8,8083816.57,7876007.4,7384151.58,6835606.59,6305221.15,2016-08-28
606,5949532.7,5722567.09,5587873.42,5634066.64,5830227.56,6438763.25,6635233.17,7044043.91,7748581.29,8341589.75,8748125.18,8955580.21,8730422.36,8809823.67,8985779.51,8947962.2,8816073.67,8566989.85,9292864.07,9512978.21,9239222.24,8730030.35,7949366.45,7260122.91,2016-08-29
607,6802358.35,6552408.62,6390935.49,6298136.69,6551941.66,7111571.59,7223146.18,7597574.48,8119508.75,8395554.17,8680924.01,8889811.91,8621980.77,8633577.86,8818415.49,8779111.36,8539830.07,8391639.51,9121605.21,9378847.7,9066907.72,8525557.13,7720832.37,7006932.17,2016-08-30
608,6541448.83,6294106.97,6153192.52,6126376.1,6336536.07,6886390.97,7027258.17,7407054.38,7912187.62,8203070.22,8554294.48,8778006.26,8558758.89,8596140.68,8766467.9,8744398.7,8554825.76,8299144.36,9084583.95,9287369.0,9031760.94,8495726.93,7698888.82,6925381.2,2016-08-31
609,6452510.85,6262725.02,6053932.71,6032738.23,6190953.89,6753163.86,6887418.22,7220836.33,7647279.04,7909749.09,8158081.07,8367452.99,8249619.41,8349312.55,8526397.57,8567498.0,8453077.79,8293112.42,9040480.78,9231076.91,8971337.7,8398194.13,7611068.49,6933995.33,2016-09-01
610,6456278.49,6171552.36,6034509.29,5977568.08,6186640.52,6747859.9,6888797.01,7263048.52,7737577.85,8070895.41,8349567.21,8512648.74,8351597.71,8378854.69,8534380.49,8557903.6,8417646.42,8220629.6,8949833.88,9120555.56,8823704.62,8309387.9,7595820.45,6978837.82,2016-09-02
611,6506795.1,6246956.29,6115955.01,6022907.01,6134244.42,6275957.81,6399824.89,6881473.04,7504997.18,7862689.08,8198813.95,8361479.17,8233677.35,8063978.57,7897564.78,7774974.82,7611468.4,7612899.81,8588392.31,8863602.81,8605700.82,8058339.71,7464016.63,6909652.0,2016-09-03
612,6479243.51,6206271.73,6011881.7,5900049.86,5855767.58,5785759.18,5620042.91,5888204.14,6287552.67,6597355.36,6878507.14,7051095.09,7113226.96,7047983.56,6925075.33,6858628.15,6753732.37,6793863.25,7760637.71,8096402.67,8028723.0,7630331.23,7077443.73,6561403.3,2016-09-04
613,6210609.06,6023697.1,5879335.7,5859798.29,6114093.97,6650043.78,6766577.15,7189590.0,7832404.71,8263648.32,8584050.05,8773475.75,8556067.24,8597920.23,8735790.77,8728803.29,8593992.02,8412982.95,9309162.79,9563616.67,9221350.37,8545522.93,7638758.55,6941345.43,2016-09-05
614,6462311.2,6237558.38,6089670.04,6058604.05,6285353.41,6864450.97,6945508.49,7359328.84,7929723.26,8261993.18,8544417.23,8805003.84,8633689.55,8680373.33,8831160.49,8833021.59,8686776.0,8515119.52,9257072.49,9435434.37,9114077.68,8570937.43,7744759.9,7070001.18,2016-09-06
615,6387465.63,6114950.74,5939582.69,5863619.65,6111336.9,6806453.12,6952564.64,7245941.61,7759020.27,8092230.22,8426883.69,8601116.0,8280315.38,8301087.84,8461522.19,8438490.82,8359825.22,8227573.38,8993563.91,9214454.79,8922423.15,8255589.99,7326846.28,6602527.72,2016-09-07
616,6296101.08,5958236.13,5818391.97,5881244.94,6135358.52,6719429.22,6850178.02,7275969.02,7773029.0,8117655.38,8485749.9,8740038.08,8529403.06,8614570.23,8830569.31,8842724.12,8671355.27,8457436.39,9221625.3,9417344.26,9172588.83,8614250.17,7706828.93,7017497.39,2016-09-08
617,6566199.22,6303990.99,6155343.37,6179956.6,6354394.76,6810217.08,6897793.93,7245770.88,7984887.94,8310887.92,8655757.78,8838320.85,8594137.46,8628676.99,8790698.65,8801252.33,8669685.69,8486989.55,9278742.36,9422236.03,9131186.02,8417486.31,7938271.84,7271851.48,2016-09-09
618,6799236.21,6556419.68,6367016.18,6306962.3,6359337.09,6463755.63,6610974.42,7184975.71,7777167.98,8195116.42,8468369.48,8608241.81,8372338.59,8069348.9,7845496.03,7751906.86,7630063.62,7679686.55,8599004.15,8688010.89,8399250.83,7930880.83,7275877.38,6698823.25,2016-09-10
619,6276141.01,5979754.54,5826309.08,5763968.4,5662612.71,5643065.6,5440219.6,5870472.41,6287787.94,6612858.29,6922590.34,7133239.62,7193466.63,7106476.29,6976164.6,6884309.99,6814446.03,6911413.39,7978975.91,8288796.46,8109448.34,7729556.11,7187162.51,6648993.67,2016-09-11
620,6226692.84,6028641.66,5900733.24,5853810.97,6094584.96,6624598.29,6783340.06,7222444.9,7747572.54,8088239.51,8420522.83,8583467.77,8325366.21,8342737.81,8475496.22,8536602.8,8473532.52,8392194.11,9132868.09,9213948.31,8997475.96,8364461.16,7554332.95,6843910.68,2016-09-12
621,6408524.69,6223709.99,6080089.67,6035068.63,6301574.53,6876797.86,6981732.78,7385955.28,7882334.48,8195016.83,8482348.97,8688532.56,8452092.4,8512050.93,8754215.0,8739972.11,8628137.31,8546112.26,9262388.07,9362799.32,9080126.17,8475544.28,7628201.62,6962673.41,2016-09-13
622,6528407.58,6331336.24,6194926.99,6157429.62,6387202.31,6938806.44,7046056.86,7396741.72,7899942.5,8186933.9,8469809.27,8737240.15,8530004.11,8528885.38,8663147.38,8651159.69,8448405.61,8471159.4,9203992.8,9234105.6,8889845.39,8328203.52,7574281.55,6888706.97,2016-09-14
623,6388055.16,6208535.65,6070376.34,6035618.94,6306981.08,6849377.65,6990942.53,7376473.8,7846707.95,8150493.64,8482383.99,8734705.06,8493931.21,8524158.22,8671302.36,8695854.32,8511181.73,8383811.92,9237895.0,9335145.95,8995239.84,8440038.59,7623523.59,6897268.57,2016-09-15
624,6433566.27,6221599.24,6070412.49,6061116.46,6287616.75,6759569.39,6901036.42,7345148.15,7928738.11,8279742.64,8586995.06,8800748.35,8525950.26,8589703.38,8824042.83,8851795.49,8771467.5,8564131.3,9307004.36,9432731.37,9115011.33,8594193.14,7906637.16,7314843.53,2016-09-16
625,6794686.31,6544484.79,6333384.57,6255856.31,6328631.62,6394904.28,6510931.27,7120648.9,7686212.79,8114031.94,8452150.43,8570395.39,8431127.84,8243395.9,8061831.61,7949349.15,7798751.76,7841798.23,8789951.64,8928057.51,8653174.87,8177817.82,7582261.27,7023925.91,2016-09-17
626,6608328.18,6341637.36,6171924.56,6033636.9,5969906.25,5848725.37,5657977.24,5940490.64,6314264.96,6628792.2,6916027.58,7116502.12,7181144.13,7100542.64,6942959.63,6822305.33,6712193.74,6897250.72,8182622.31,8497787.43,8302978.82,7919539.11,7326759.06,6746273.27,2016-09-18
627,6328524.42,6126498.67,5921335.32,5871756.69,6075829.08,6695275.56,6878750.86,7316309.66,7872578.18,8236423.53,8589630.86,8816465.47,8601742.34,8643394.02,8808731.83,8806284.83,8699719.39,8638865.72,9373236.0,9497739.67,9195770.43,8556455.58,7726833.4,7085849.07,2016-09-19
628,6601952.33,6404927.26,6292189.73,6254377.29,6524642.72,7020529.27,7199906.18,7598025.91,8084642.02,8400941.14,8790942.95,9002306.21,8774726.92,8827204.26,9000473.65,8999332.23,8801898.19,8654373.49,9475550.93,9609692.26,9316349.34,8693981.43,7897072.12,7162208.19,2016-09-20
629,6617109.72,6349021.78,6193677.13,6147876.73,6387702.96,6918221.04,7047554.04,7409508.16,7892796.62,8146790.88,8431212.1,8614654.29,8456685.84,8508559.26,8714487.19,8751746.0,8633289.78,8578735.7,9424909.2,9478139.52,9197627.68,8584129.79,7835620.17,7105341.59,2016-09-21
630,6610522.09,6338535.21,6189911.94,6182187.47,6429191.93,6993582.36,7080946.4,7554823.53,8037483.68,8303226.53,8606710.8,8700651.59,8452561.81,8482862.53,8617969.57,8650817.16,8574374.83,8473012.98,9296208.61,9352047.41,9060690.72,8450202.69,7697533.25,6972654.25,2016-09-22
631,6533918.73,6242856.96,6098797.55,6075782.89,6330708.76,6837507.15,6961308.44,7411992.83,7963584.13,8271302.13,8684380.38,8939573.06,8711620.5,8769068.07,8933347.11,8943403.02,8792608.44,8629458.51,9534811.97,9618704.06,9281339.97,8590142.42,7839094.76,7176600.35,2016-09-23
632,6707292.07,6472550.72,6340356.13,6293787.93,6361561.51,6507391.34,6622484.17,7165770.65,7709610.04,8057640.2,8380535.64,8544510.85,8411921.16,8218434.63,7980743.75,7840510.48,7728248.89,7862295.59,9054766.77,9126232.44,8745564.58,8096151.12,7514306.81,6935663.57,2016-09-24
633,6548133.04,6281088.43,6112211.65,6002985.82,5940928.65,5838612.45,5663810.66,6010160.34,6305086.62,6619846.45,6890280.74,7108616.72,7147183.35,7129716.44,6994141.82,6839771.0,6812352.68,6979953.02,8184585.5,8477287.51,8268521.3,7796737.09,7225382.52,6706527.33,2016-09-25
634,6324582.34,6118228.02,6008522.41,5972097.24,6224120.2,6727104.41,6874157.66,7372251.22,7963965.25,8436050.56,8916472.47,9157197.31,8812740.41,8813893.84,8955632.56,8899616.98,8746612.2,8719512.21,9501840.69,9520903.33,9240897.78,8612554.41,7860979.82,7105248.53,2016-09-26
635,6579129.84,6356907.87,6250601.86,6173546.65,6434128.91,6995902.41,7119350.98,7592850.4,8155445.84,8432626.12,8759430.61,8984754.42,8774929.68,8818281.0,9030862.02,9039863.37,8870450.23,8705061.52,9574769.55,9626399.81,9373549.46,8801024.89,7979613.57,7255565.32,2016-09-27
636,6783683.87,6556064.97,6401115.52,6349038.33,6583854.19,7083378.9,7165797.39,7603381.65,8118154.42,8433826.68,8844210.01,9071633.03,8853154.33,8953008.4,9096453.52,9043089.17,8946770.87,8814438.64,9638290.73,9670115.57,9416850.07,8813470.66,7995010.98,7275661.93,2016-09-28
637,6856534.65,6600955.47,6433902.26,6361358.57,6604025.64,7133312.95,7247170.07,7682879.51,8203832.18,8485729.28,8891345.94,9102805.64,8839125.85,8916968.72,9082693.9,9062851.74,8907718.68,8845421.53,9644694.85,9565571.19,9272843.18,8738814.38,7960409.74,7237380.38,2016-09-29
638,6796557.33,6533630.66,6337201.91,6312509.49,6538054.14,7025294.05,7181078.99,7642724.59,8125947.32,8417414.83,8722890.97,8976615.0,8760942.04,8810448.63,8924476.05,8879860.97,8722199.16,8579297.58,9340416.32,9264077.34,8952195.58,8385885.93,7728781.79,7097331.01,2016-09-30
639,6522320.03,6179981.32,5975472.62,5899322.4,5964723.49,6235077.95,6302054.94,6739085.08,7285270.5,7615248.63,7857936.4,7986496.91,7897060.4,7630193.28,7421309.22,7262920.33,7205705.46,7363995.64,8485283.83,8375451.61,7966154.2,7442807.08,6792535.63,6237598.26,2016-10-01
640,5860474.81,5685455.17,5500147.49,5382043.32,5393095.88,5388270.53,5200431.13,5501770.36,5838059.17,6113422.35,6315702.84,6480552.42,6468318.52,6393684.86,6250886.75,6158636.86,6181034.71,6467413.73,7713360.63,7883014.99,7640534.73,7143704.64,6526786.56,6005402.82,2016-10-02
641,5726985.27,5556539.68,5447841.55,5422114.91,5621730.49,6162170.24,6452480.76,6983016.09,7515867.27,7871618.75,8225176.57,8442109.89,8269674.69,8335577.43,8523443.22,8528156.6,8401523.66,8328995.14,9227160.36,9219065.66,8947580.68,8373992.95,7586079.58,6879575.62,2016-10-03
642,6403036.75,6154990.76,6046913.09,5996535.3,6246138.51,6817958.38,6947014.82,7370416.83,7880619.58,8252132.93,8511327.96,8726988.98,8539935.75,8608962.09,8837978.61,8800394.48,8712340.21,8677494.99,9425950.72,9425788.17,9112525.68,8544735.16,7735494.2,6994649.79,2016-10-04
643,6527968.33,6282512.08,6112774.22,6069361.69,6306588.1,6882179.01,7044444.74,7449852.58,7869491.87,8130500.59,8465236.46,8657775.52,8423059.49,8464078.38,8697031.44,8697212.36,8559966.95,8532720.56,9325601.66,9306604.04,9038640.79,8440901.01,7664591.72,6998296.29,2016-10-05
644,6544368.71,6273064.6,6127241.12,6116051.37,6403344.55,6927448.87,7097213.12,7568625.75,8069047.2,8340185.45,8696291.91,8847793.09,8638875.45,8692865.0,8808151.23,8729744.26,8593785.92,8699637.28,9470357.13,9419393.15,9049270.82,8476972.91,7638224.5,6903353.58,2016-10-06
645,6551537.13,6338463.41,6178097.43,6153094.07,6407648.4,6944534.81,7051898.48,7504330.66,7852844.07,8132609.02,8417319.48,8590813.31,8397518.13,8432039.03,8650876.96,8667795.21,8498903.37,8529730.27,9255085.81,9229973.41,8910783.68,8317145.62,7627787.75,6893928.49,2016-10-07
646,6476154.16,6277106.71,6106998.9,6052998.69,6104777.31,6223532.83,6345667.93,6908486.67,7459165.17,7864415.96,8160073.66,8332938.08,8250032.36,8014356.6,7861920.61,7752448.16,7654066.16,7851170.22,8757032.92,8723281.54,8390439.72,7893873.34,7322261.15,6767468.22,2016-10-08
647,6333568.58,6069757.62,5882142.13,5776705.48,5723839.52,5625245.45,5479450.9,5763698.73,6126301.39,6411966.86,6625639.08,6831289.58,6905830.78,6821228.31,6693722.09,6634658.89,6596996.38,6911926.49,7990245.66,8116304.94,7921249.87,7540257.85,7017768.62,6531441.6,2016-10-09
648,6176946.67,5959899.25,5802877.19,5783945.98,5975121.37,6289715.21,6570854.28,7207958.74,7841909.79,8181355.09,8514518.37,8759596.8,8592215.97,8569344.3,8721847.0,8742882.11,8586957.77,8599233.58,9376764.52,9329051.96,9016771.92,8408609.24,7654233.91,6988033.6,2016-10-10
649,6522920.19,6270781.94,6101610.23,6077473.34,6299597.63,6602933.07,6901092.6,7489405.98,8062387.35,8401972.02,8648174.58,8851242.8,8752241.28,8751496.04,8861119.67,8774398.56,8696813.09,8649929.02,9437359.82,9359971.91,9007872.06,8398564.08,7636873.25,6933709.53,2016-10-11
650,6524354.42,6300647.17,6156972.04,6107212.99,6280950.09,6626926.75,6903313.58,7450854.03,7950196.94,8178445.21,8419599.04,8614607.96,8290560.03,8248627.66,8485848.84,8491497.47,8406581.86,8513846.99,9252114.1,9232587.77,8851773.78,8265007.25,7527078.04,6832627.23,2016-10-12
651,6401055.08,6201513.02,6065905.04,5997238.57,6164324.51,6487565.52,6815063.55,7439134.51,7987248.98,8251941.85,8592960.79,8836443.25,8687662.98,8622953.42,8729824.76,8770152.21,8687903.69,8693530.17,9375064.95,9317262.15,8978046.53,8415778.56,7697979.09,6935282.87,2016-10-13
652,6509547.32,6258651.99,6145592.49,6043345.33,6240982.79,6504958.92,6742728.44,7355274.49,7903357.57,8204714.56,8560934.49,8782377.82,8584443.42,8546280.33,8707508.27,8698405.72,8479832.73,8535767.29,9260227.99,9207067.37,8862861.98,8369112.86,7722348.19,7102327.93,2016-10-14
653,6736764.62,6509464.13,6329989.04,6246562.77,6349424.33,6393430.22,6496548.19,7062123.05,7641873.97,7988048.34,8334430.1,8472655.69,8341903.06,8148556.29,7966562.68,7826058.39,7635137.37,7911161.6,8909660.31,8925874.33,8507525.15,7961888.49,7390188.95,6865490.29,2016-10-15
654,6448329.01,6155505.21,5921938.92,5766698.82,5696856.34,5616923.92,5505692.74,5835119.04,6182345.65,6441237.05,6647945.22,6802638.11,6877719.6,6803375.68,6670063.66,6586237.11,6530721.35,6780752.75,7818606.42,7937953.14,7707029.9,7325028.54,6857723.7,6423446.05,2016-10-16
655,6021736.16,5775597.89,5640561.42,5543697.04,5573033.34,5537779.38,5429856.88,5847071.23,6305781.1,6657990.34,6976385.68,7232417.62,7350493.49,7293272.09,7092295.43,6994012.05,6914845.95,7265181.91,8275521.76,8404031.65,8174771.27,7707412.0,7113592.91,6577781.88,2016-10-17
656,6203991.89,6009077.93,5897315.77,5902206.94,6141087.89,6700479.01,6835006.57,7275205.77,7804107.98,8060648.91,8358479.23,8530679.01,8330314.65,8315353.63,8435327.59,8453495.62,8388497.52,8463481.7,9317885.57,9232573.28,8913902.85,8331563.23,7525714.56,6868662.84,2016-10-18
657,6419543.19,6192591.99,6067377.21,6032154.94,6301053.84,6859819.89,7055881.84,7525206.38,8003550.1,8298370.54,8651809.52,8852067.91,8693286.0,8711868.12,8906855.65,8918616.55,8729419.18,8720696.81,9478929.24,9379921.02,9104395.45,8551702.04,7731221.62,7035622.39,2016-10-19
658,6579788.75,6383657.05,6234172.71,6208190.55,6403578.54,6946842.71,7133667.36,7535943.3,8017475.76,8230334.37,8630921.43,8825867.14,8617501.97,8699827.09,9051648.81,9179826.17,8940827.84,8823810.53,9617079.44,9576294.42,9203617.3,8649652.62,7921484.2,7202626.42,2016-10-20
659,6693365.24,6468583.32,6313472.68,6287473.89,6504213.89,7031129.93,7140693.26,7593108.69,8109600.82,8406421.57,8736479.14,8940112.98,8728031.17,8735979.31,8913099.02,8904768.67,8769777.61,8752901.69,9469907.74,9447370.83,9133681.02,8598184.84,7953871.75,7270256.55,2016-10-21
660,6812378.47,6604197.08,6427184.44,6345876.66,6418811.83,6480261.68,6607278.17,7242657.34,7785090.99,8159752.63,8446630.25,8609963.72,8426942.74,8173934.15,8012567.8,7948543.42,7781766.02,8106500.06,9012851.51,8961551.82,8692929.53,8130726.22,7538805.81,6984551.35,2016-10-22
661,6546465.81,6290549.5,6123025.94,5901796.68,5859180.63,5703713.68,5511518.08,5812618.92,6174575.76,6474397.01,6736449.05,6945990.33,6976843.33,6997741.25,6872571.03,6692789.43,6679705.0,7061365.08,8146135.84,8314704.38,8167990.08,7723985.11,7134273.93,6555145.59,2016-10-23
662,6262710.09,5976325.17,5874671.77,5833798.63,6076573.28,6628227.29,6802983.0,7256218.2,7795725.04,8164745.1,8537481.91,8775481.98,8609071.69,8639784.5,8792768.12,8759475.98,8538022.34,8621736.19,9406443.1,9351375.17,9017995.72,8380541.56,7553444.56,6781184.63,2016-10-24
663,6408569.56,6181061.63,6065273.17,6034672.28,6347137.67,6859058.62,6975586.14,7370104.24,7851258.28,8130053.38,8357094.99,8550157.27,8403416.96,8496987.89,8614192.04,8607311.15,8520691.15,8639692.61,9352384.45,9261985.18,8979213.66,8360496.53,7548365.71,6808623.06,2016-10-25
664,6333888.75,6129661.19,6010494.7,5975428.49,6210224.25,6804413.73,6899706.02,7288614.57,7720046.98,7930900.68,8278204.94,8518550.66,8317770.48,8341652.38,8501301.12,8593970.87,8452042.63,8573375.77,9356056.77,9326962.45,8986521.19,8362548.03,7465319.02,6771235.25,2016-10-26
665,6360427.14,6161456.46,6014203.63,5983773.44,6247623.52,6770106.17,6934539.9,7384363.83,7824262.73,8107847.57,8435160.21,8717031.91,8514736.91,8542333.64,8678177.28,8666456.39,8536324.67,8609480.71,9441216.9,9289645.62,9030127.75,8466212.21,7670850.89,6884321.56,2016-10-27
666,6454822.15,6219793.79,6062386.97,6032958.73,6288824.53,6833892.47,7009441.28,7456097.26,7962565.19,8225217.38,8530928.52,8731285.75,8544378.85,8584430.39,8728884.26,8626293.8,8474769.48,8662636.9,9215843.74,9111883.69,8826573.09,8191229.44,7549359.32,6951747.17,2016-10-28
667,6515770.94,6257697.75,6078133.68,6030082.28,6127735.58,6257418.09,6393151.09,6926406.02,7442520.5,7776183.83,8070722.18,8175264.24,8042445.87,7763393.79,7601089.46,7493429.35,7389130.08,7800064.26,8614635.71,8530993.75,8181444.47,7617579.74,7039127.9,6486740.32,2016-10-29
668,6105980.08,5860709.86,5701001.63,5596958.02,5562143.39,5462458.21,5404835.51,5768398.18,6118899.75,6409133.41,6689842.57,6913211.73,6968176.95,6943357.17,6824765.55,6717926.32,6649284.81,7010529.86,8073789.89,8152199.64,8100471.7,7729720.81,7146472.56,6547476.66,2016-10-30
669,6153400.43,5945298.25,5777219.72,5763813.81,6016781.15,6527764.62,6808683.54,7290200.98,7908191.76,8239301.32,8496635.48,8771153.33,8468596.49,8524179.32,8581394.54,8527264.34,8451360.28,8535832.68,8870594.56,8733760.22,8484533.81,8033693.32,7454323.71,6768089.65,2016-10-31
670,6279989.97,6028855.66,5942073.06,5914712.2,6198095.69,6736646.59,6886265.07,7191365.18,7644495.48,7918923.03,8259098.64,8524979.0,8305441.41,8414600.44,8615904.0,8622675.0,8509556.09,8736051.83,9294670.52,9216895.59,8840922.25,8279720.03,7499164.83,6703294.58,2016-11-01
671,6303426.81,6119394.86,5962058.4,5914380.94,6122243.07,6698896.63,6894828.4,7228001.18,7620582.88,7910694.87,8165242.31,8347807.19,8144313.96,8193590.55,8415834.03,8452106.01,8341864.83,8514388.31,9295477.94,9218383.24,8873092.32,8231792.46,7447689.26,6666174.57,2016-11-02
672,6248306.59,6051768.04,5886972.43,5847335.18,6122242.87,6677310.06,6850401.45,7249787.84,7751834.72,8069243.5,8391227.15,8609750.25,8426492.77,8494583.65,8766085.34,8811536.31,8688423.25,8802614.21,9538054.78,9414761.7,9058529.5,8491188.9,7708978.26,6974956.77,2016-11-03
673,6519612.43,6267803.13,6115251.31,6057384.39,6308595.38,6843087.5,7000328.01,7384143.39,7887553.15,8256135.01,8532254.35,8708414.46,8489135.4,8514277.18,8672736.17,8707953.03,8559471.5,8735517.69,9347783.92,9213445.77,8910010.86,8312567.27,7659618.07,7030614.97,2016-11-04
674,6560917.77,6300203.76,6140989.65,6074664.38,6146475.16,6297754.21,6450822.92,6973173.56,7560457.4,7932723.98,8256926.01,8383177.21,8141258.53,7972742.77,7770040.09,7688263.29,7543978.94,7920270.58,8739810.74,8649929.06,8389966.38,7840542.68,7213610.02,6602679.14,2016-11-05
675,6214256.38,5950463.57,5802965.42,5695962.01,5689331.56,5598683.09,5528281.96,5870895.69,6169117.99,6531716.9,6784857.95,6965391.23,7009889.17,6906993.4,6720957.09,6609910.32,6557895.27,6958212.83,7934045.92,7975726.59,7785204.99,7400974.17,6922801.81,6368927.87,2016-11-06
676,6012440.1,5752519.13,5643216.27,5556799.18,5585184.5,5535269.86,5447088.89,5889374.06,6340888.61,6684896.64,6955617.7,7172857.8,7205053.13,7110594.37,6888270.51,6761314.4,6759528.03,7221432.91,8164321.6,8229113.68,8017355.24,7480150.59,6842932.09,6333859.73,2016-11-07
677,6011413.31,5835979.52,5676947.97,5706005.38,5989842.25,6559253.9,6761686.65,7188998.85,7704695.6,8035864.71,8354703.65,8626563.67,8441086.45,8474889.9,8619979.28,8684421.14,8508229.45,8241474.2,9381124.51,9354320.88,8987773.09,8417882.45,7668956.25,6945248.11,2016-11-08
678,6489799.67,6271547.68,6140059.14,6103105.4,6402368.25,6931662.93,7104465.02,7542358.95,8057276.26,8360028.54,8708067.72,8867523.38,8611859.46,8735510.9,8925564.29,8909059.17,8772675.4,8909487.93,9665675.02,9587573.33,9251096.59,8595251.16,7810476.57,7097131.25,2016-11-09
679,6640452.93,6414138.17,6302587.75,6221774.24,6531500.16,7075925.14,7236048.96,7631737.11,8235170.68,8474745.04,8743525.35,8985486.76,8824978.43,8858569.18,8998989.65,8958973.81,8913820.45,9087347.43,9711975.36,9550273.95,9198482.74,8533654.67,7785956.19,7074157.27,2016-11-10
680,6641622.61,6410233.66,6249854.83,6234774.37,6478389.38,6992124.73,7149764.73,7545850.7,8046208.54,8277252.8,8515703.28,8712191.46,8507266.63,8416880.75,8502926.93,8513829.95,8447149.09,8721708.9,9306229.11,9224191.87,8854264.65,8291724.88,7600388.1,6976064.54,2016-11-11
681,6538068.95,6276049.24,6152826.41,6106782.05,6083860.46,6213046.5,6404114.37,6972648.24,7506889.41,7849987.64,8140194.85,8288236.18,8212758.21,7996395.18,7858874.35,7760683.06,7673484.85,8019848.81,8760704.67,8680876.43,8486401.93,7999357.18,7335367.56,6817621.95,2016-11-12
682,6368370.74,6098428.85,5896240.1,5791463.1,5759944.91,5655041.49,5512686.55,5877873.08,6308423.98,6618952.92,6886929.23,7036389.74,7087144.78,7012285.35,6895191.94,6785151.35,6709793.31,7036977.45,7957481.06,8041588.84,7902965.71,7491785.35,6969378.26,6419259.98,2016-11-13
683,6061737.78,5829432.56,5691591.5,5611874.72,5637522.82,5663309.51,5548429.82,5928958.87,6361051.63,6743293.52,7074531.2,7335244.46,7372016.59,7291647.4,7135342.78,7009066.56,6963700.49,7416038.55,8273070.73,8393263.0,8142438.13,7591418.6,6950611.05,6487246.37,2016-11-14
684,6120393.33,5900842.45,5784512.44,5773332.77,6037562.67,6608291.27,6807666.62,7153954.41,7629118.44,7933325.07,8251656.06,8469363.06,8309341.82,8341862.58,8490193.56,8537623.69,8494101.7,8654585.87,9366243.21,9265693.59,8884034.64,8272920.07,7443367.82,6729383.23,2016-11-15
685,6322047.1,6110031.86,5983325.88,5950874.53,6197079.23,6711246.3,6932957.53,7375016.58,7878445.52,8200790.49,8504724.93,8696222.61,8481126.02,8441718.17,8651589.54,8639835.05,8571069.65,8728251.6,9441390.11,9335391.35,8964380.73,8379455.25,7628256.11,6918737.56,2016-11-16
686,6455239.1,6228645.97,6069127.68,6053226.7,6284823.16,6786877.99,6999515.7,7440816.1,7950997.87,8245684.71,8504936.14,8689704.81,8562889.91,8455899.89,8638645.81,8656520.45,8541764.07,8764885.86,9505084.53,9392317.11,9083884.39,8474960.68,7696756.66,6934511.61,2016-11-17
687,6467114.27,6250904.65,6092579.06,6050875.85,6281405.11,6788617.39,6998753.8,7465812.3,7942124.74,8135513.1,8392533.39,8571279.23,8537768.59,8632271.84,8790212.95,8787954.01,8674459.73,8834301.11,9454760.94,9304505.71,8940146.86,8391907.4,7734612.72,7099235.74,2016-11-18
688,6619443.01,6368435.02,6185724.67,6124446.57,6188461.97,6355117.5,6506525.41,7044788.81,7592916.66,7938735.02,8192519.09,8339111.24,8215538.59,7919537.81,7790181.74,7741101.72,7660890.04,7993852.61,8787731.5,8699176.16,8416014.85,7897454.59,7245817.47,6683789.23,2016-11-19
689,6228515.38,5939741.76,5741271.25,5584403.96,5609598.51,5557181.07,5432410.86,5706257.97,6061841.46,6300620.63,6553379.4,6764189.37,6850699.41,6776145.06,6644860.54,6558960.69,6501710.75,6806514.03,7863306.82,8002859.51,7866745.23,7412260.41,6885744.73,6326936.15,2016-11-20
690,5984008.95,5763281.51,5679779.5,5673740.93,5901143.92,6348854.9,6604841.79,7146783.07,7779925.39,8159109.69,8518834.57,8769526.64,8603668.93,8692376.13,8797723.11,8735529.39,8683062.85,8603655.97,9444275.08,9384813.58,9012059.57,8397882.66,7599660.23,6861303.97,2016-11-21
691,6363986.08,6119317.09,5972230.26,5951287.75,6179643.57,6623311.53,6883964.09,7380263.46,7908828.0,8233338.94,8533833.09,8770221.35,8613860.28,8584857.59,8839464.68,8851219.12,8729213.66,8755669.51,9595338.84,9486191.27,9161286.24,8541738.0,7785056.74,7087895.44,2016-11-22
692,6569448.9,6316803.25,6183136.75,6146591.79,6352671.19,6711949.72,6962778.96,7508652.84,7906786.62,8263384.1,8562349.44,8789988.27,8642421.97,8638237.77,8808003.37,8803470.99,8620774.81,8741535.02,9526305.03,9463558.71,9114330.2,8558765.09,7836134.73,7126170.44,2016-11-23
693,6667465.26,6432120.1,6266183.76,6219824.92,6423479.0,6849844.43,7107633.89,7617408.53,8125508.33,8427858.78,8683874.66,8905467.7,8654239.05,8621553.21,8847866.25,8906444.8,8791470.04,8857874.81,9607490.4,9499294.78,9190838.44,8633787.12,7898521.88,7169079.03,2016-11-24
694,6676001.8,6394449.14,6231536.45,6194465.1,6382754.03,6798970.51,7063439.12,7575305.96,8085889.17,8376667.76,8634697.61,8801501.48,8630622.7,8587118.81,8713927.8,8712987.68,8647519.89,8849879.83,9429467.11,9263053.22,8945267.15,8417432.46,7786748.84,7126562.65,2016-11-25
695,6672877.55,6409159.26,6199748.14,6129072.64,6221321.49,6423712.74,6553269.34,7054447.41,7598288.3,7912301.85,8179472.29,8332977.15,8238117.57,8073173.0,7926597.78,7820456.41,7669809.58,7989356.17,8831765.42,8770087.84,8464996.67,7983331.07,7326571.32,6735275.36,2016-11-26
696,6309681.69,6017477.68,5800957.62,5672615.68,5631901.27,5619823.26,5480503.78,5808756.38,6210621.92,6520380.83,6769365.22,6955616.3,7005988.28,6937604.74,6800656.0,6741704.04,6742831.51,7091730.29,8024959.63,8146159.21,8010307.84,7588036.3,7027037.82,6472110.84,2016-11-27
697,6067374.63,5832769.03,5696852.0,5702122.06,5905333.3,6295134.15,6588802.46,7202228.94,7803166.62,8181518.16,8514576.44,8746738.62,8541811.33,8542275.41,8696772.05,8723808.32,8589867.51,8620486.38,9339238.66,9294317.67,8984415.11,8415118.4,7625421.07,6907946.27,2016-11-28
698,6428941.33,6181967.43,6043152.08,5965754.1,6163412.89,6520895.36,6820753.75,7378410.22,7843354.45,8119668.29,8369493.4,8580618.59,8375383.04,8370445.52,8573730.8,8543722.84,8426678.04,8582529.04,9401499.84,9312468.72,8956229.61,8367361.18,7589960.91,6845142.01,2016-11-29
699,6324205.47,6122441.54,6033570.16,6014810.53,6201862.62,6610342.88,6898329.99,7468915.19,7975743.92,8274714.16,8578318.26,8729065.26,8622444.21,8601602.27,8713690.5,8710124.08,8615670.65,8710669.41,9457009.71,9370194.54,9059227.61,8476549.43,7737573.32,7067932.11,2016-11-30
700,6566130.46,6321693.07,6139391.77,6083699.85,6274965.19,6629444.6,6919424.81,7454704.76,7961504.91,8273237.9,8543429.31,8765656.68,8553900.59,8486653.11,8625939.64,8622761.05,8512278.94,8626662.89,9356900.01,9297043.05,8959627.87,8427285.01,7702047.5,6968205.57,2016-12-01
701,6456904.25,6251458.69,6069864.46,5979863.59,6192957.76,6550261.82,6833404.36,7424895.87,7958407.0,8248977.68,8470392.19,8707296.51,8496045.25,8502239.62,8575578.5,8545355.55,8482394.0,8634351.35,9210415.51,9108987.16,8774828.92,8224619.22,7591911.07,6943442.89,2016-12-02
702,6425401.83,6105484.29,5913604.04,5807698.49,5897553.09,6055277.88,6238749.43,6749479.59,7283173.01,7648528.92,7899181.26,8091380.93,7995497.47,7804779.29,7660108.62,7554387.93,7461628.75,7728533.26,8718819.61,8752352.29,8460482.38,7953954.52,7301652.93,6700958.33,2016-12-03
703,6269535.58,5952968.27,5762130.19,5645990.06,5637093.76,5616717.6,5480661.17,5828694.31,6231185.46,6563561.08,6799161.98,6985020.25,7033685.81,6962935.35,6833143.49,6731439.66,6674754.61,6982713.77,8030520.92,8162976.22,8040710.09,7652436.52,7116448.03,6578547.37,2016-12-04
704,6209316.65,5955004.37,5837383.2,5772459.89,5934778.35,6322183.22,6654551.98,7212760.16,7772248.04,8012237.59,8422453.15,8645199.33,8479199.01,8493160.38,8583802.77,8522452.21,8476455.06,8614271.01,9453629.06,9352953.63,9080232.34,8486852.72,7724316.66,6966831.94,2016-12-05
705,6495712.19,6213319.52,6058875.66,6043897.02,6191523.22,6570597.31,6815062.8,7356418.52,7907920.62,8229894.4,8492259.96,8749610.89,8652972.95,8647010.97,8777354.01,8779873.21,8625809.76,8651468.68,9568597.87,9524086.53,9214809.81,8582996.19,7902610.84,7113441.29,2016-12-06
706,6633613.75,6360264.77,6213808.61,6165353.74,6329946.42,6668373.92,6920824.05,7544523.09,8116699.72,8380179.88,8690617.75,8879945.01,8700560.67,8665051.72,8744303.86,8710135.47,8530305.93,8460745.72,9228806.37,8934487.85,8525043.89,8005136.86,7458326.55,6950467.06,2016-12-07
707,6493015.9,6269989.36,6068563.53,5957371.3,5950179.04,6002485.69,5805496.54,6136307.05,6558252.1,6895173.77,7282665.54,7498811.4,7545726.63,7380166.24,7263031.26,7192792.26,7098203.94,7300075.64,8324188.27,8415710.24,8206686.26,7770519.71,7225039.78,6733903.88,2016-12-08
708,6279280.56,6057225.08,5934794.32,5898013.45,6096012.44,6409253.83,6636288.76,7260469.12,7806169.07,8088751.43,8462397.52,8710719.11,8552404.87,8476330.62,8570004.26,8610091.11,8460437.12,8543866.08,9348241.94,9305597.82,8939768.07,8344831.66,7637707.01,6990277.65,2016-12-09
709,6493161.71,6213362.2,6027028.1,5972503.54,6068160.77,6202671.62,6317480.76,6878535.14,7461247.28,7834847.02,8179480.45,8335206.59,8216672.04,7957905.73,7838824.62,7776731.7,7678226.63,7868669.55,8862261.4,8886242.27,8608136.92,8121865.16,7442516.96,6820558.56,2016-12-10
710,6366083.82,6057411.41,5875033.76,5774323.05,5720056.46,5707782.35,5578318.28,5912698.67,6286506.37,6618025.52,6906888.49,7104550.07,7137799.45,7085277.84,6969434.79,6865354.11,6781739.86,7027458.58,8161496.13,8292546.48,8186773.81,7812255.19,7284263.59,6747391.87,2016-12-11
711,6303894.92,6058545.16,5928869.78,5918757.42,6093858.87,6419688.7,6677918.98,7304482.93,7898302.46,8308136.86,8639463.43,8839358.43,8705659.87,8701868.48,8799957.44,8750168.17,8589779.41,8618919.57,9538104.24,9490377.37,9210445.11,8677055.11,7911773.23,7151611.56,2016-12-12
712,6649756.69,6365403.5,6203490.19,6177178.05,6358135.22,6644767.36,6872570.81,7420748.31,7997566.45,8348991.78,8642727.11,8847710.23,8662870.57,8649061.46,8781325.51,8820681.7,8716879.36,8692971.43,9554815.38,9463908.12,9175175.25,8585351.23,7845776.54,7098429.4,2016-12-13
713,6596209.82,6301949.39,6184831.41,6167236.37,6362364.06,6805990.87,7070514.47,7622188.9,8147706.43,8396861.12,8732441.88,8979714.31,8820528.9,8831655.42,8989162.69,8982067.47,8834805.0,8831061.1,9623042.19,9630392.85,9314243.21,8743588.96,8063014.78,7285358.64,2016-12-14
714,6780058.26,6488862.74,6320702.58,6271315.0,6457098.58,6748110.57,7051307.47,7604113.71,8143651.16,8425903.09,8747608.18,8995580.16,8827776.92,8830522.46,8953664.9,8933455.78,8775136.5,8786030.97,9639278.0,9608428.68,9295667.55,8778033.05,8050872.52,7287733.62,2016-12-15
715,6766065.04,6494940.26,6310455.01,6257044.92,6406932.88,6740033.61,6937486.99,7518082.71,8102640.18,8436475.83,8713913.08,8944588.76,8775955.41,8746524.76,8841911.29,8820530.53,8650492.83,8623273.65,9446942.02,9330264.33,9006697.24,8530284.83,7888688.32,7245112.79,2016-12-16
716,6748603.76,6423342.52,6197804.04,6124441.89,6232618.9,6385585.09,6427308.29,6922433.94,7455850.15,7820995.51,8107432.38,8231519.14,8127332.85,7963377.31,7824470.93,7726876.04,7609723.25,7725731.45,8801966.14,8765931.13,8552334.15,8184579.14,7564631.57,7021897.36,2016-12-17
717,6527837.85,6201500.23,6006749.38,5922340.13,5879506.55,5856165.59,5660297.43,5990524.67,6406839.65,6708505.53,6949398.44,7104619.42,7179914.77,7158677.11,7033485.32,6938627.29,6829494.45,6966139.97,8096570.81,8283787.27,8165092.34,7872544.62,7351187.36,6799170.46,2016-12-18
718,6394867.91,6098530.28,5980865.98,5936427.91,6111476.7,6381312.86,6594006.99,7202143.68,7879663.62,8239014.37,8585172.06,8778434.01,8666194.23,8681012.23,8782314.17,8753572.62,8578245.13,8449831.65,9362573.94,9297003.97,9063395.53,8636288.99,7902564.43,7136595.74,2016-12-19
719,6636642.67,6380844.48,6220360.24,6178713.32,6342921.02,6586998.13,6791044.82,7364683.8,7911866.04,8225019.6,8432630.47,8675348.43,8499190.55,8473207.46,8581155.59,8606624.4,8452489.5,8450179.5,9259629.52,9220741.24,8993854.96,8574053.19,7883880.02,7106540.71,2016-12-20
720,6562199.43,6270954.44,6102970.86,6078628.97,6229970.4,6505409.81,6693057.33,7237338.08,7745861.1,8099639.92,8375064.65,8541169.13,8415714.32,8376217.9,8451503.67,8438635.82,8325646.56,8365156.52,9153936.85,9010392.57,8768743.83,8341275.41,7630049.3,6924906.0,2016-12-21
721,6446809.74,6209315.05,6050526.01,5990739.19,6156052.84,6477153.38,6635482.01,7176640.07,7739862.98,8035334.49,8318999.6,8541494.56,8410223.95,8372304.71,8439066.77,8445504.71,8245578.4,8186328.04,9070434.42,9104428.23,8821041.53,8459291.8,7812227.11,7128140.24,2016-12-22
722,6542476.55,6204962.41,6036733.28,5978127.03,6151464.79,6428521.61,6555808.89,7086263.31,7661978.11,7955370.89,8258315.3,8465729.56,8308258.9,8219829.81,8248877.01,8165549.77,7966731.53,7921150.2,8849876.39,8915524.81,8678113.67,8282750.84,7689226.59,6998387.35,2016-12-23
723,6607002.98,6232022.05,5986476.09,5832673.04,5847980.38,5970413.69,5909528.93,6265756.85,6718196.17,7055876.62,7248945.69,7295724.01,7221308.1,7089361.65,6940933.36,6848399.36,6774882.73,6949891.49,8069397.65,8184769.87,7798266.61,7287663.73,6849516.36,6466448.4,2016-12-24
724,6178020.37,5979185.96,5776753.59,5583682.05,5459814.24,5358192.03,5004653.38,5104856.78,5358629.75,5672715.08,5916596.86,6094538.31,6190268.29,6205850.21,6120524.31,6027111.81,5978918.1,6149560.59,7201964.54,7430053.12,7324410.89,7006030.88,6567061.25,6126437.8,2016-12-25
725,5772711.5,5588388.26,5475264.36,5436414.16,5562528.63,5815292.11,6044982.84,6603110.42,7239300.04,7630571.11,7974346.37,8218426.12,8192982.39,8135347.95,8170107.64,8113391.39,8000813.43,7935420.41,8811300.64,8933352.41,8651387.55,8134974.61,7452094.69,6762238.1,2016-12-26
726,6309853.3,6047939.78,5886474.78,5837068.13,5967964.01,6212192.58,6345993.07,6888889.57,7452825.9,7785238.15,8057309.15,8293284.11,8238893.91,8180075.85,8255979.23,8183672.21,8086565.14,8086124.59,8892312.51,8966423.62,8653860.96,8141429.61,7461526.99,6819147.54,2016-12-27
727,6403500.15,6089934.47,5883178.07,5847087.1,5947125.5,6212364.89,6361724.96,6953068.28,7483677.1,7874353.87,8179723.34,8411172.96,8299358.07,8248103.84,8307734.44,8297482.53,8122840.3,8005452.38,8853373.55,9018711.55,8759334.47,8278667.93,7599618.1,6877701.89,2016-12-28
728,6408844.76,6134111.59,5990904.98,5928108.65,6028999.48,6253369.38,6389686.17,6974685.98,7435819.16,7811135.91,8130201.66,8348959.89,8263026.79,8210444.85,8252590.03,8201194.39,8030655.25,7911556.78,8872613.67,8956406.48,8689921.8,8211204.92,7583872.93,6945454.31,2016-12-29
729,6447469.66,6136461.79,5994458.85,5923296.14,6006545.8,6219295.29,6279704.74,6742918.72,7282494.6,7628983.32,7885284.14,8097991.88,7983736.33,7852564.76,7805025.4,7690340.05,7547288.1,7573974.84,8466772.78,8539009.93,8251493.49,7913396.86,7287121.66,6716908.94,2016-12-30
730,6285594.53,6000941.27,5805724.01,5725864.85,5715584.48,5768554.37,5605895.69,5902010.11,6315594.82,6609803.6,6834382.31,6948251.04,6920119.26,6817530.95,6700372.91,6604882.91,6570978.64,6735586.13,7846858.59,8004698.9,7639919.14,7146231.62,6718321.67,6362482.61,2016-12-31
731,6087713.32,5882608.96,5701983.57,5533972.89,5385102.01,5285478.24,4846439.32,4874196.79,5072573.15,5358525.76,5585123.26,5768607.07,5847691.45,5841367.64,5742306.38,5644050.83,5606729.33,5689920.16,6761038.26,7076932.36,6975096.89,6689780.08,6283591.11,5789568.49,2017-01-01
732,5556028.11,5358875.67,5235414.84,5160336.62,5246648.95,5436568.92,5563506.91,6052457.94,6585729.71,6976928.69,7298221.45,7533196.44,7559387.55,7541972.73,7608333.9,7581301.25,7419982.82,7315168.12,8181969.36,8479324.91,8248968.14,7836278.95,7219098.61,6657418.84,2017-01-02
733,6159009.69,5921082.69,5759027.68,5682945.19,5776783.24,5985061.26,6079909.53,6543985.3,7092798.71,7461185.94,7793208.11,8047111.77,8025336.66,8027518.65,8148332.7,8115500.27,7929962.86,7781228.27,8653467.38,8835384.35,8560370.87,8093068.98,7441005.48,6839352.04,2017-01-03
734,6319158.95,6090539.2,5903490.5,5826262.37,5924035.51,6182279.89,6272829.93,6736772.97,7256684.76,7608606.15,7940932.75,8172425.5,8128298.39,8100518.34,8161672.61,8129846.15,7960360.56,7838971.49,8700506.07,8858845.85,8607474.94,8144437.95,7468036.49,6834200.56,2017-01-04
735,6391010.79,6159412.72,5997442.0,5915851.67,6003157.57,6223152.31,6319476.82,6738104.24,7306522.95,7619612.65,7839372.32,8084644.53,8110814.44,8057710.45,8141514.28,8133765.81,8019292.94,7925319.55,8718181.89,8832234.87,8576471.1,8061571.48,7402956.13,6827412.69,2017-01-05
736,6379783.23,6128481.71,5992624.61,5923004.48,6013210.16,6292080.88,6430953.72,6879814.99,7364868.94,7733829.36,8030173.76,8273673.95,8183526.19,8173641.84,8240411.86,8173415.39,7994758.49,7821010.42,8675548.79,8846251.11,8590378.5,8135068.81,7517436.75,6919771.42,2017-01-06
737,6523749.87,6238875.66,6088588.91,5988716.75,6029451.5,6151295.17,6150177.89,6493381.71,7032859.86,7404827.5,7693273.84,7825830.52,7823509.31,7690937.68,7538901.47,7430550.82,7299018.98,7352639.89,8254006.56,8462231.18,8243867.73,7842797.78,7259124.82,6746364.32,2017-01-07
738,6323737.06,6092413.79,5892436.65,5764449.47,5721315.68,5731341.52,5514526.21,5693781.27,6006651.63,6243900.91,6451176.63,6659501.53,6723230.27,6667520.51,6528655.39,6422353.8,6388869.49,6547815.4,7552295.49,7754579.74,7561416.5,7186826.59,6703024.71,6231833.15,2017-01-08
739,5911819.74,5722318.38,5562845.3,5494133.16,5531852.16,5566591.22,5394292.79,5597766.15,5964769.65,6300719.94,6569019.44,6791104.75,6857528.39,6774723.55,6657466.33,6543786.26,6507376.13,6708501.8,7701050.97,7977818.37,7712620.09,7294722.32,6790935.15,6317889.35,2017-01-09
740,5953321.77,5708875.89,5603070.04,5594007.26,5768906.48,6102469.09,6294091.24,6775503.48,7379615.08,7723179.3,8064491.85,8289053.29,8163441.31,8165888.86,8313942.98,8283678.25,8189300.91,8051022.82,8803188.92,8923010.67,8562569.31,8033432.51,7339129.05,6661597.85,2017-01-10
741,6240857.88,5969891.99,5846195.26,5822787.81,5967697.27,6282837.17,6494223.23,6970970.43,7573269.04,7877688.03,8218676.07,8492754.06,8367179.26,8347188.91,8450649.04,8442614.13,8275541.34,8038671.44,8773563.02,8936882.4,8609361.53,8103496.48,7394931.41,6668052.17,2017-01-11
742,6280868.31,6055816.29,5911517.13,5850077.98,6034059.95,6367048.73,6573121.24,7062448.94,7606404.17,7948305.34,8270615.85,8488517.17,8389165.63,8359064.83,8515890.35,8510503.64,8333326.49,8099634.51,8849044.87,9012234.39,8739766.03,8233096.79,7488902.53,6800451.68,2017-01-12
743,6387711.13,6106570.07,5989521.78,5964032.1,6114288.58,6443220.7,6631974.53,7144399.76,7697967.56,7991183.62,8319213.66,8564107.81,8422491.61,8344181.06,8497486.8,8483641.87,8271668.02,8087544.28,8821825.79,8985895.64,8653216.97,8123257.02,7456388.68,6747290.08,2017-01-13
744,6378888.01,6133925.06,5986543.67,5898088.18,5970068.31,6154006.87,6244576.57,6642612.7,7207734.3,7623370.88,7886059.43,8064112.97,7987595.01,7804167.63,7631610.97,7537863.51,7378009.48,7370533.27,8308689.99,8536272.58,8243112.21,7761869.56,7135481.9,6609857.67,2017-01-14
745,6160894.13,5856392.09,5672801.48,5563299.18,5515415.8,5528318.0,5352620.44,5581811.49,5975186.02,6279047.27,6549541.61,6772067.9,6796179.7,6708437.15,6572360.61,6478620.64,6406572.13,6520407.56,7563803.51,7967621.23,7854160.62,7455584.08,6893930.03,6381285.95,2017-01-15
746,6006704.38,5773302.26,5670305.73,5655956.99,5828963.71,6257171.98,6505991.45,6953000.09,7523969.92,7841546.11,8194355.34,8446605.24,8316365.52,8292161.14,8449630.22,8448798.38,8284747.26,8126525.91,8819671.66,9067444.36,8800310.11,8220349.32,7469239.4,6768615.66,2017-01-16
747,6344197.27,6108783.69,5904851.68,5871261.55,5999350.37,6500655.85,6793155.8,7217670.3,7744641.15,8032054.24,8317607.04,8543392.49,8452980.95,8441601.73,8580998.98,8577138.94,8410739.32,8166174.22,8908807.33,9112348.25,8802164.99,8195648.26,7448445.59,6751625.89,2017-01-17
748,6293516.33,6084080.98,5897598.72,5879969.01,6038638.38,6522632.27,6697304.98,7128388.78,7646278.13,7872771.77,8214537.5,8467319.25,8290850.3,8330067.3,8497222.51,8488410.11,8295886.2,8166398.67,8823577.74,9004228.6,8649769.19,8110189.44,7339395.28,6672698.63,2017-01-18
749,6252610.23,6042891.77,5902958.68,5834254.49,6062214.11,6441431.74,6739655.03,7150482.94,7653792.94,8020541.51,8369691.24,8629099.28,8452984.94,8429444.64,8552675.85,8577362.36,8378571.12,8238733.02,8912593.94,9071357.57,8799918.33,8293143.31,7489405.68,6802204.36,2017-01-19
750,6382715.8,6168747.52,5996997.58,5937346.68,6141970.26,6559795.39,6872062.99,7322644.85,7837866.74,8163574.12,8528462.47,8748136.59,8582480.59,8535722.16,8707174.85,8674883.45,8423034.16,8199793.4,8919347.41,9121297.41,8810820.91,8262664.62,7532300.73,6936797.88,2017-01-20
751,6495321.17,6240523.56,6072773.73,6012372.32,6076466.79,6248302.48,6340324.49,6795616.36,7348263.16,7755603.79,8057189.76,8238225.38,8107532.49,7913440.73,7689994.68,7570757.84,7398626.4,7390161.51,8315558.68,8602555.29,8344378.0,7837131.19,7182672.86,6608315.88,2017-01-21
752,6152011.08,5913090.12,5707029.49,5605060.93,5541518.75,5521620.87,5336163.54,5544557.91,5930789.69,6324448.4,6606426.05,6784886.45,6860414.59,6800655.72,6708442.41,6632623.29,6517290.89,6538745.81,7530993.82,8022254.14,7914228.87,7519434.16,6912188.4,6383109.77,2017-01-22
753,6008444.99,5798452.37,5653847.86,5606819.73,5835392.87,6349753.74,6602312.49,7007868.95,7623114.66,7979590.84,8330591.35,8568235.66,8365895.79,8368995.84,8519605.17,8517564.14,8305361.03,8020605.67,8766455.66,9109257.51,8843808.64,8269667.17,7445240.67,6753674.5,2017-01-23
754,6321861.6,6091669.55,5942145.12,5912579.85,6136852.91,6638416.25,6829183.51,7189238.55,7694625.15,8037812.35,8386913.66,8608660.72,8473925.59,8473787.02,8607922.47,8663220.03,8479821.58,8227436.73,8909540.4,9227147.26,8927859.66,8339178.13,7517343.19,6831825.7,2017-01-24
755,6409791.85,6167453.72,6014267.42,5977437.13,6228589.8,6771804.27,7030183.94,7342970.35,7841169.02,8135079.81,8439819.94,8677665.58,8471214.85,8470452.96,8638417.95,8638025.88,8502442.19,8194796.77,8942571.59,9319411.34,9027106.86,8395181.62,7551878.43,6833521.0,2017-01-25
756,6359478.0,6164268.23,6013150.16,6008575.24,6268386.93,6877691.57,7084809.24,7429825.36,7922126.55,8223349.9,8560254.04,8771050.0,8521669.5,8530073.51,8728736.24,8703590.9,8555827.78,8332476.62,9060303.23,9327161.69,9073096.7,8468917.28,7659799.2,6970303.24,2017-01-26
757,6577984.34,6355569.89,6205243.35,6175080.98,6369714.85,6933409.24,7154178.54,7445347.49,7967515.54,8229598.59,8578740.38,8769666.31,8563138.88,8592997.29,8765009.34,8797472.78,8578332.15,8359615.89,8993619.07,9233260.55,8908318.84,8414499.73,7754765.61,7158495.98,2017-01-27
758,6657284.05,6391292.39,6206714.02,6136711.67,6244793.36,6427152.41,6528674.44,6877801.01,7446234.27,7864465.54,8201095.14,8395190.9,8216942.73,8014996.59,7889652.05,7763339.44,7613955.85,7565675.08,8411651.47,8762960.08,8459022.85,7995088.25,7397068.67,6877740.64,2017-01-28
759,6421999.73,6144976.94,5931387.77,5835721.2,5782430.46,5824783.35,5682820.85,5936491.28,6345557.03,6663829.32,6915535.63,7149974.44,7211585.77,7131681.0,6974481.91,6913713.34,6790182.46,6814866.27,7820812.74,8321480.91,8249449.76,7907923.37,7305880.56,6670786.93,2017-01-29
760,6322786.48,6104511.21,6000776.72,5950476.27,6195312.19,6784079.07,6991874.2,7309525.94,7854656.6,8158209.76,8480757.65,8687068.6,8496380.75,8541133.93,8686256.37,8693578.37,8578286.32,8357099.87,8996879.08,9273599.82,9012669.32,8480486.56,7678641.84,6941256.73,2017-01-30
761,6512379.4,6284394.01,6152488.49,6105909.53,6335831.21,6973353.41,7149948.73,7435412.46,7941652.47,8234601.64,8534049.49,8780200.85,8523534.76,8552337.05,8679157.15,8696377.88,8496676.83,8209604.92,8938619.87,9264513.16,8991528.34,8425150.25,7618631.65,6930529.59,2017-01-31
762,6482391.56,6251015.24,6139058.15,6087561.11,6349888.48,6996350.43,7148507.69,7359679.28,7828513.83,8129832.23,8459494.77,8633807.29,8455876.87,8524614.49,8721033.61,8734368.38,8604725.44,8371210.69,9056975.37,9412637.79,9113297.31,8512937.95,7753600.06,7019565.48,2017-02-01
763,6577754.27,6332172.67,6171337.38,6125474.73,6364779.97,7032175.28,7148801.49,7510700.17,7973561.79,8204963.47,8528061.61,8763371.46,8618673.93,8639621.43,8865897.07,8880007.03,8753642.07,8468929.4,9087905.52,9447095.78,9153449.89,8591523.34,7726450.68,7015414.14,2017-02-02
764,6560400.05,6281411.67,6147093.57,6112061.85,6320759.45,7015245.21,7138198.46,7463225.61,7949358.66,8263874.68,8562518.23,8812293.14,8658701.09,8690730.43,8883653.22,8913744.63,8720272.74,8384613.73,9037653.79,9365231.84,9092908.66,8571182.6,7919739.29,7295665.94,2017-02-03
765,6774181.62,6463051.95,6279746.7,6228546.75,6312914.34,6511697.45,6588465.66,7050666.14,7591679.79,8024057.24,8396243.46,8580521.84,8409453.83,8176862.41,8013225.42,7882904.06,7785207.99,7744070.63,8578559.81,8989227.95,8683895.65,8156289.54,7562394.68,6933539.53,2017-02-04
766,6519859.62,6253200.36,6071133.15,5921356.86,5878358.18,5889997.01,5726216.79,5953575.87,6307370.13,6678806.84,7005836.72,7202146.63,7278917.17,7196733.73,7090983.73,6993734.38,6878302.47,6892266.7,7834427.24,8422580.78,8337253.62,8016773.82,7374274.15,6856503.0,2017-02-05
767,6362020.16,6094914.98,5960292.42,5948913.77,6199757.63,6927627.25,7056678.96,7378073.22,7946944.03,8319469.98,8680669.85,8914825.25,8737368.32,8770821.79,8992604.35,9010622.5,8802187.66,8453639.25,9051626.69,9476509.8,9249775.76,8694579.99,7878400.24,7117304.81,2017-02-06
768,6640359.08,6477084.04,6287483.94,6230573.01,6496781.93,7226219.08,7299607.16,7567729.01,8091224.4,8400604.23,8705171.34,8937333.85,8788136.75,8861015.67,9073922.95,9086350.9,8875256.86,8539935.08,9167378.91,9596900.64,9358122.27,8828136.8,8061563.38,7172632.36,2017-02-07
769,6722857.39,6489697.46,6358484.59,6291233.12,6533354.77,7283860.95,7364519.14,7663661.37,8149161.94,8495543.19,8857386.16,9103055.95,8851937.75,8903325.21,9121454.02,9137607.81,8971402.26,8697077.24,9307967.99,9704105.79,9427554.19,8850106.23,7995144.36,7244998.2,2017-02-08
770,6819714.02,6551351.82,6427091.63,6395876.44,6629499.71,7307369.67,7473776.34,7684507.6,8174646.9,8493908.2,8799700.62,9031691.62,8831885.4,8916990.51,9115171.25,9086364.64,8877945.52,8599742.22,9245446.34,9632769.7,9390937.39,8773700.72,7946592.83,7305134.18,2017-02-09
771,6789501.72,6530881.01,6385287.15,6346633.5,6589372.74,7266635.22,7379994.34,7682200.95,8149771.62,8404233.66,8730558.29,8916843.34,8695137.17,8795424.96,8965579.84,8920614.59,8701158.99,8356720.44,9034322.43,9345568.45,9046513.39,8420022.61,7701173.54,6988565.41,2017-02-10
772,6578152.65,6344675.62,6174432.34,6122698.16,6228078.31,6429304.98,6529753.59,6998673.36,7555708.67,7986730.32,8234714.77,8421567.52,8335727.56,8121222.06,7980033.62,7839289.77,7681749.89,7648364.22,8492143.01,8873463.46,8628567.19,8102016.11,7486291.48,6909760.07,2017-02-11
773,6500234.33,6206971.04,6015808.85,5840655.72,5843170.81,5838726.4,5708501.57,5940896.48,6300599.46,6601825.57,6871958.96,7052444.18,7129869.31,7091628.13,6998666.26,6930158.51,6847916.36,6913190.49,7788001.1,8303519.34,8164188.1,7844714.96,7230650.55,6620408.48,2017-02-12
774,6273474.8,6039570.78,5774202.0,5804088.89,6312089.08,6893950.78,7050038.01,7494871.45,7873267.6,8374111.62,8615027.41,8826668.32,8633266.55,8706545.23,8843537.41,8851012.71,8648749.93,8417503.96,9016979.81,9379269.19,9118841.48,8541888.8,7701770.21,6951409.54,2017-02-13
775,6468954.57,6261338.61,6117567.07,6091804.79,6330421.18,7058082.04,7136508.69,7386821.35,7871829.67,8180268.59,8569154.57,8787852.28,8557639.21,8662937.32,8889288.6,8906179.07,8738173.03,8397671.67,8935621.31,9451350.61,9147773.92,8618609.85,7685945.94,6958003.3,2017-02-14
776,6554779.56,6340965.88,6213879.14,6124465.02,6400672.52,7068769.64,7140301.3,7451148.67,7859348.8,8189960.83,8551773.2,8775522.42,8513835.8,8628301.61,8883681.59,8922547.12,8747415.61,8412110.02,9068065.65,9530003.64,9263530.22,8644520.25,7778519.68,7159824.75,2017-02-15
777,6669988.68,6398677.77,6253551.08,6225844.62,6476790.11,7209281.27,7331484.84,7593242.1,8096423.9,8370808.57,8746205.0,8968050.8,8622074.95,8696888.8,8965007.52,9005083.51,8870204.88,8581001.98,9163665.8,9537650.52,9230085.35,8648130.33,7821811.46,7034234.48,2017-02-16
778,6707051.18,6430286.78,6251068.09,6219846.61,6449793.57,7124107.38,7282891.34,7546451.17,8000776.83,8370695.89,8709158.99,8860449.18,8688221.55,8727365.74,8840864.4,8818757.48,8580308.24,8352146.48,8903040.48,9257200.03,8947029.41,8373962.61,7682990.88,7079765.88,2017-02-17
779,6635221.21,6351833.21,6153926.3,6079997.72,6243410.64,6394447.98,6530710.88,7046916.28,7633691.99,8019402.5,8330377.36,8531702.92,8410341.18,8191611.97,8026724.58,7905406.11,7777727.9,7683237.47,8486856.3,8928220.46,8674042.73,8204210.82,7524943.06,6974899.28,2017-02-18
780,6544716.09,6203451.82,6018614.13,5904552.78,5874451.12,5830698.22,5621268.38,5896232.31,6291435.28,6647086.79,6936945.59,7212809.71,7296012.24,7167817.43,7081091.83,7028194.18,6935990.38,6971800.32,7877513.47,8440037.83,8278531.26,7942967.86,7375322.68,6750250.93,2017-02-19
781,6355131.93,6135064.34,6015335.61,5943779.02,6217402.02,6920164.39,7055559.52,7424756.39,7920211.11,8333976.78,8700844.13,8842202.38,8637318.24,8782078.71,8954084.78,8932140.9,8731553.18,8465623.91,9104945.07,9460477.4,9155231.79,8622546.28,7734239.9,7046050.09,2017-02-20
782,6657828.46,6394718.17,6280959.47,6242818.53,6524352.44,7191682.68,7322030.93,7613331.27,8067853.56,8297287.49,8624231.51,8835366.24,8626072.64,8702440.92,8910758.9,8886983.46,8731681.2,8419643.37,9060288.65,9394650.91,9101423.08,8579816.39,7720760.97,6955510.33,2017-02-21
783,6544366.06,6363899.25,6229593.74,6164831.57,6406815.04,7102337.34,7272671.98,7535855.58,7993705.16,8234967.0,8559797.53,8779228.15,8550021.77,8615730.55,8797743.83,8788738.66,8631050.99,8412859.48,9089986.19,9438653.76,9158662.5,8543030.36,7673129.37,6997297.22,2017-02-22
784,6557697.36,6280654.7,6150688.61,6110659.57,6401074.91,7094461.24,7191499.5,7455533.82,7968704.08,8215518.6,8561871.0,8773193.21,8549967.61,8647050.87,8869823.24,8885126.65,8723227.75,8485046.44,9116024.01,9535834.01,9264658.42,8634159.36,7795740.45,7074772.24,2017-02-23
785,6603625.75,6419690.2,6241581.42,6213749.63,6467828.75,7103705.27,7188622.6,7562039.36,8007503.83,8255369.54,8616219.62,8855982.37,8689886.15,8686146.77,8917394.54,8994470.21,8811035.28,8498507.39,9076063.14,9365489.84,9097263.94,8485669.41,7784786.55,7196988.61,2017-02-24
786,6730372.42,6475256.92,6342480.22,6260871.62,6336736.56,6544314.69,6633308.66,7139670.64,7622322.8,7969886.12,8274814.21,8404605.86,8359237.2,8155248.82,8013043.73,7859065.87,7702493.37,7746719.64,8526578.95,8800511.08,8527172.01,8014737.9,7387655.73,6883584.99,2017-02-25
787,6380899.57,6086306.16,5976505.51,5854786.11,5807833.41,5850992.09,5627701.6,5938578.42,6296512.36,6587015.61,6829530.58,7009707.04,7095823.0,7105116.68,6934293.01,6809062.09,6787428.2,6882520.58,7783752.46,8203703.39,8031829.15,7623371.96,7102978.26,6446886.68,2017-02-26
788,6150633.63,5934349.12,5831093.55,5812384.93,6077787.92,6807451.94,6986766.42,7259151.42,7677814.52,7968588.29,8309472.0,8550330.02,8364799.48,8386803.97,8532537.41,8553955.84,8399312.63,8190317.79,8905885.94,9253570.48,9006788.6,8378529.44,7528913.48,6851020.63,2017-02-27
789,6444915.15,6196949.03,6111838.51,6062878.97,6335656.11,6866605.45,7121311.55,7442719.84,7872794.99,8107406.44,8428205.98,8680200.55,8489729.49,8449361.77,8585779.32,8504030.28,8350129.8,8273046.34,8957890.41,9239381.39,8990855.94,8374424.71,7581464.85,6934866.09,2017-02-28
790,6519789.0,6263652.88,6144280.77,6104910.81,6368235.48,7050591.36,7136284.35,7379598.61,7844680.7,8079347.82,8402760.12,8636937.49,8469227.23,8516209.39,8735855.15,8661379.61,8542752.71,8291470.28,8898376.11,9237696.94,9015823.55,8464170.82,7652995.37,6965061.84,2017-03-01
791,6523833.81,6275361.7,6127003.93,6095976.8,6350474.1,7035395.61,7180502.97,7502767.8,7948562.32,8193144.44,8558774.1,8766364.68,8498438.31,8581074.25,8767008.24,8772918.38,8636304.69,8411690.59,9085418.85,9442365.15,9208710.6,8621999.81,7794742.35,7103530.48,2017-03-02
792,6666063.48,6438219.99,6290763.67,6244711.2,6480018.02,7152447.85,7221615.41,7491838.28,7922998.9,8219850.7,8541382.61,8744934.71,8602355.87,8649609.55,8829479.75,8820344.71,8651407.71,8429302.54,9001090.35,9335991.37,9051315.44,8533371.1,7773725.33,7118713.85,2017-03-03
793,6661004.69,6383049.89,6231122.46,6120177.93,6184745.55,6408208.22,6483791.39,6928625.22,7448916.33,7815430.42,8083219.35,8269094.24,8173277.73,7983367.27,7840012.13,7746293.98,7546743.9,7480899.34,8322741.53,8788583.32,8513078.59,8047853.18,7426790.07,6804453.0,2017-03-04
794,6370794.22,6111823.06,5909428.71,5803970.48,5781515.9,5725323.94,5611601.33,5887538.17,6269614.7,6598190.94,6860560.65,7080610.13,7082256.58,7009076.12,6924663.22,6874748.19,6765026.5,6827001.65,7762970.1,8244821.75,8129405.9,7747072.12,7169162.0,6577018.37,2017-03-05
795,6205381.2,6007605.66,5874569.83,5852828.21,6125805.54,6855690.26,6997280.0,7339671.61,7841453.67,8147740.36,8549428.03,8726231.84,8575757.74,8578971.55,8772143.99,8775253.75,8642563.96,8467846.94,9045803.02,9349152.45,9011936.33,8460304.26,7604464.2,6885100.64,2017-03-06
796,6502533.45,6286757.88,6144542.57,6102868.89,6351443.84,7054239.63,7182504.21,7416428.36,7864269.12,8072960.99,8352811.89,8572820.88,8370143.67,8439756.82,8627774.01,8637591.52,8554967.64,8506758.45,9083819.4,9311109.81,9016342.76,8423964.74,7562264.1,6818186.93,2017-03-07
797,6410540.37,6166528.19,6054180.9,6027591.33,6300846.17,6958580.31,7119071.28,7402288.47,7789937.0,8021258.69,8289854.29,8347324.65,8219012.14,8290332.62,8478148.85,8508095.72,8377515.84,8168490.12,8814521.71,9128301.11,8797931.29,8238272.99,7408496.68,6622977.65,2017-03-08
798,6224498.05,5983358.21,5840503.55,5780050.61,6096468.85,6710971.44,6880997.8,7195463.62,7629687.4,7918589.13,8210637.32,8418997.97,8207510.07,8306398.4,8492381.38,8518821.85,8266482.95,8044011.03,8810930.0,9083660.15,8798277.22,8169420.68,7350635.51,6799423.65,2017-03-09
799,6216211.35,6089452.36,6057426.26,5981334.44,6096004.81,6758947.86,6852056.64,7158665.77,7620787.77,7871232.2,8204415.29,8444400.77,8233542.88,8269052.7,8453791.62,8477682.39,8291702.29,8034559.74,8664992.93,8967060.64,8737178.74,8179091.13,7431784.5,6737743.61,2017-03-10
800,6285195.53,6128379.34,6039288.75,5948917.34,6028599.72,6147203.35,6280590.17,6775638.15,7307537.87,7681127.27,7964533.76,8127990.74,7993627.5,7754042.07,7618082.91,7441136.5,7377597.12,7313014.61,8180886.16,8466004.06,8211578.29,7675636.91,6970994.59,6408779.59,2017-03-11
801,5959133.42,5683140.47,5632108.64,5621503.69,5603567.56,5658329.66,5482904.63,5735711.62,5956732.74,6147420.7,6342851.99,6508703.68,6597846.57,6516069.77,6355638.76,6289141.28,6225920.65,6359113.37,7292574.48,7759440.26,7586128.54,7164395.0,6595200.17,5989694.36,2017-03-12
802,5654880.86,5451683.28,5348338.82,5359991.35,5652353.03,6378801.88,6486817.71,6816097.51,7336622.87,7662703.32,8024490.75,8237733.8,8073383.06,8063958.9,8232638.43,8216529.4,8066563.38,7894633.53,8611005.56,8945758.72,8704973.88,8097733.03,7233906.13,6554171.9,2017-03-13
803,6137823.75,5948800.05,5780881.42,5743096.17,5959373.69,6647647.19,6774820.83,7115675.13,7580334.72,7915231.08,8230152.83,8392691.27,8139322.6,8161914.0,8250274.73,8148979.28,8035815.03,7885287.35,8693604.08,8915992.13,8544867.32,7939307.4,7133848.27,6476797.53,2017-03-14
804,6049554.63,6087774.79,5986824.25,5926154.62,6231014.62,6904436.73,6947611.5,7183557.13,7605885.13,7771858.26,8069246.3,8190732.71,7949576.37,7952123.37,8168953.42,8185364.52,8068090.83,7934149.46,8760375.35,9047215.67,8664688.35,8087591.61,7237110.29,6563789.21,2017-03-15
805,6144660.04,6027103.14,5942611.42,5940530.19,6108775.74,6613755.67,6724866.82,7051170.22,7498559.7,7798479.48,8102937.68,8314517.89,8114398.56,8196332.56,8391270.1,8476527.18,8272138.48,7957146.73,8795680.3,9231348.31,8963189.72,8356049.5,7454989.74,6743643.0,2017-03-16
806,6427764.31,6176738.79,5969707.33,5855007.87,6111699.09,6758839.68,6847577.39,7223239.93,7694719.18,7969508.17,8266601.08,8321392.15,7950293.36,8297297.69,8531149.82,8593776.21,8392045.18,8151839.88,8817691.5,9160395.83,8803175.13,8239463.18,7571567.33,6910553.0,2017-03-17
807,6414324.15,6159856.79,6181611.51,6103196.08,6188101.37,6396191.61,6469700.24,6804929.81,7321650.28,7683674.42,7896480.44,8084332.53,7996578.32,7785253.44,7632590.78,7499389.4,7347227.04,7333568.13,8132655.87,8425671.55,8130956.83,7611292.05,6998981.2,6493947.38,2017-03-18
808,6118392.95,6014919.84,5833894.42,5746188.99,5729085.42,5744144.62,5514054.79,5763360.84,6132080.42,6452147.68,6684034.58,6659400.57,6684970.28,6643089.7,6530578.43,6448320.35,6322345.97,6391194.89,7331151.26,7698553.44,7517795.88,7163975.62,6593534.95,6129600.83,2017-03-19
809,5764336.77,5493917.12,5371855.67,5353095.24,5349707.72,5420339.88,5298056.28,5535944.16,6217147.19,6601581.33,6803167.81,7108409.61,7202369.65,7155865.28,6957796.26,6815046.89,6758262.68,6822158.28,7851703.51,8277329.85,8091856.36,7560468.05,6979907.97,6361014.53,2017-03-20
810,6021161.38,5852059.41,5717762.5,5566305.59,5795710.92,6490353.76,6624089.91,6974614.67,7494467.76,7895261.45,8385090.95,8498172.85,8268110.08,8493916.56,8693611.52,8649736.5,8362337.12,8138044.78,9039799.31,9322695.38,9111770.07,8493545.45,7687041.09,6805598.24,2017-03-21
811,6217343.93,5976764.35,5867083.05,5846620.96,6092412.4,6752042.29,6851839.73,7146704.26,7607991.53,7884627.61,8169034.02,8331582.01,8131743.3,8208492.16,8392978.37,8402681.49,8242375.08,8051296.75,8999782.62,9301952.84,8773814.26,8141682.63,7342638.8,6595104.65,2017-03-22
812,6152074.03,5938578.04,5815250.95,5798466.17,6075036.01,6755630.67,6943391.31,7245737.79,7656820.25,7885574.0,8114407.02,8321700.62,8081203.89,8099520.33,8163990.71,8253408.5,8180099.03,8047057.17,8938122.43,9140546.24,8754715.15,8036586.96,7098642.82,6456230.84,2017-03-23
813,6151084.52,6118545.06,5973719.61,5964212.4,6240795.66,6885909.27,6959321.05,7124718.56,7736174.44,8029171.48,8258947.8,8408484.07,8197970.39,8278276.65,8452575.74,8475900.82,8358323.35,8003468.96,8923137.51,9110478.79,8735877.93,8174493.48,7449504.29,6822744.99,2017-03-24
814,6431230.93,6153920.49,5989199.08,5953024.16,6085389.25,6312365.09,6431855.34,6898516.37,7542734.14,7949684.02,8247108.3,8432238.4,8341341.87,8097241.61,7914321.2,7805697.55,7628792.89,7631509.52,8472606.11,8714332.19,8453553.74,8004161.77,7308108.38,6521249.26,2017-03-25
815,6217094.04,6061145.92,5826054.5,5703535.79,5669561.51,5671085.79,5503329.86,5740896.42,6079654.57,6319843.02,6319422.24,6505624.23,6616687.36,6627113.12,6494354.06,6410428.25,6376610.29,6716982.28,7467220.2,7792073.61,7598779.98,7192593.58,6667486.64,6413423.23,2017-03-26
816,5969881.42,5767988.74,5663030.39,5650198.55,5930515.18,6637977.73,6790472.61,7106409.02,7645053.8,7954978.94,8358529.2,8598744.76,8333416.07,8194191.97,8397120.13,8461859.78,8356977.75,8145494.5,8801972.49,9052282.6,8786882.04,8199911.81,7541056.27,6864221.75,2017-03-27
817,6407285.11,6222179.15,6109064.18,6095847.91,6331732.72,6993051.55,7134484.27,7427692.34,7902359.27,8168163.01,8365611.79,8554388.97,8379828.25,8445017.76,8636234.75,8707399.55,8608214.78,8478150.13,9131587.09,9290007.62,8874055.36,8378260.15,7609516.85,6865963.23,2017-03-28
818,6468850.41,6274397.05,6131062.9,6101156.32,6332439.46,6966087.21,7053586.02,7400375.65,7851689.38,8153800.14,8451879.54,8639327.61,8460482.25,8469257.53,8600461.31,8604868.64,8507765.03,8351223.93,8996836.61,9180366.2,8899472.91,8379138.7,7548655.69,6870082.87,2017-03-29
819,6392624.2,6231553.62,6096735.68,6046287.97,6291609.42,6926912.07,7085193.33,7434937.39,7826467.3,8100582.66,8339408.55,8435290.27,8347905.49,8393112.77,8548751.67,8465289.13,8311055.56,8224736.34,8918270.75,9171962.99,8927794.66,8331194.27,7524314.55,6835207.62,2017-03-30
820,6393544.74,6161609.14,6003823.64,5964314.94,6213618.37,6892855.55,6970463.96,7316402.96,7775611.08,8028314.83,8252673.99,8326738.8,8178479.59,8184833.77,8296328.13,8314009.88,8159086.09,8085336.56,8806438.53,9059789.42,8779484.27,8243354.82,7522850.36,6881976.12,2017-03-31
821,6402585.65,6183548.44,6023227.63,5971665.62,6033122.96,6263127.15,6381259.71,6881054.0,7405503.23,7739345.19,8017843.78,8231262.37,8140052.24,7980927.11,7816479.42,7712276.28,7537482.89,7499072.96,8414102.16,8752178.87,8378608.04,7950560.72,7326462.76,6798703.29,2017-04-01
822,6350376.67,6093089.44,5886689.5,5780525.83,5737130.29,5686283.31,5515563.36,5847467.9,6229024.3,6589432.96,6885030.52,7091616.3,7169971.18,7142867.93,7041854.54,6933855.81,6831550.9,6823781.92,7793936.94,8316020.85,8239251.96,7683860.12,7249553.16,6691928.12,2017-04-02
823,6347092.17,6127953.09,5984033.91,5904537.89,6142209.2,6755740.48,6872995.04,7307908.35,7880195.25,8220103.24,8657890.94,8789530.29,8637519.0,8718118.92,8932373.33,8954894.49,8741562.42,8461113.44,9213084.39,9448994.44,9311565.96,8726164.76,7880584.27,7125808.61,2017-04-03
824,6761171.31,6452825.24,6294907.15,6234375.96,6495836.55,7062712.56,7124934.51,7483484.91,8015978.16,8317270.88,8701652.93,8907709.18,8718172.66,8770570.16,8950931.34,8998750.85,8767223.46,8392954.02,9138870.61,9527170.99,9236787.77,8543295.92,7830824.14,7102901.96,2017-04-04
825,6683523.83,6452347.24,6337950.65,6277221.81,6600636.42,7163487.38,7202526.69,7494558.43,7996882.12,8413503.66,8738593.79,8995850.09,8790657.73,8903899.6,9110072.79,9110940.4,8923838.77,8557244.78,9305955.82,9616498.12,9277387.84,8692940.89,7891949.3,7213646.07,2017-04-05
826,6785293.42,6531509.21,6411394.07,6361215.03,6600414.45,7174046.51,7244101.02,7470635.95,8171966.71,8480852.22,8785406.69,9022733.62,8845295.86,8949862.49,9136831.51,9186846.27,9009298.24,8564240.98,9290137.98,9645777.96,9385602.91,8753873.2,7928156.5,7309523.02,2017-04-06
827,6653293.88,6430610.84,6288983.9,6244016.87,6479166.09,7177218.52,7306391.38,7723023.52,8198430.74,8524205.3,8857215.56,9071382.6,8981833.54,8903713.03,9045615.38,8999845.77,8791457.23,8541642.72,9265965.41,9443221.88,9070382.43,8515778.3,7956172.46,7443355.18,2017-04-07
828,6709216.06,6410146.92,6260017.71,6177861.49,6281040.45,6627979.61,6761962.2,7275281.44,7792296.46,8172303.42,8467915.23,8653924.53,8558649.1,8300229.66,8128229.3,8009889.92,7894149.9,7958013.99,8731396.74,8888616.37,8622592.92,8103995.45,7609266.36,6744233.7,2017-04-08
829,6313024.36,6078686.16,5921957.72,5798139.32,5740749.0,5694688.71,5592476.63,5866038.84,6322745.48,6666087.48,6951489.09,6973073.78,7047141.63,6962550.57,6910107.61,6987923.69,6895347.72,6831132.0,7635503.79,7990948.55,7833272.05,7401860.66,6914290.76,6459698.88,2017-04-09
830,5968322.85,5720747.15,5608950.74,5563551.51,5779407.16,6259408.29,6380103.68,6980930.83,7746822.0,8122332.61,8453791.37,8674440.97,8572607.07,8574913.15,8606939.01,8613364.38,8470010.36,8316007.62,8973632.81,9205034.56,8958553.94,8386661.26,7486465.86,6735890.44,2017-04-10
831,6556918.94,6340503.03,6201564.14,6173107.17,6323277.35,6563338.56,6751636.84,7314385.99,7924232.23,8196046.9,8443938.08,8661295.97,8584964.45,8604223.65,8687128.72,8678428.21,8472169.91,8239918.28,8880808.15,9164777.3,8913893.81,8284972.0,7523542.78,7051858.32,2017-04-11
832,6628268.3,6397012.07,6252049.38,6235400.96,6362930.91,6598898.5,6763257.45,7294913.12,7795470.4,8069729.31,8321741.41,8559671.23,8451587.99,8441576.7,8466318.45,8377561.29,8130116.36,7855453.63,8520495.39,8795641.82,8471133.02,7989331.36,7402664.47,6855278.24,2017-04-12
833,6407152.88,6133451.59,5969287.84,5833243.92,5841881.39,5787374.67,5577575.33,5884119.35,6274092.98,6564235.08,6806852.74,7048674.14,7131902.52,7040798.7,6900259.53,6770726.76,6642285.32,6658109.96,7528182.28,7890570.32,7706163.34,7389114.17,6909089.08,6473231.2,2017-04-13
834,6039903.6,5833746.8,5661343.48,5537514.39,5533959.49,5501772.0,5289713.62,5508796.29,5816408.38,6082136.63,6231031.42,6429814.92,6502529.92,6443896.07,6252224.33,6041423.32,5967564.56,6124666.21,7076088.65,7366131.47,7286095.37,7012671.21,6647973.34,6118267.92,2017-04-14
835,5801140.63,5567651.75,5424741.24,5363006.84,5397600.56,5442424.01,5438129.83,5916295.83,6429209.64,6860698.26,7184785.57,7401289.32,7437970.05,7408293.44,7312013.98,7216318.96,7104335.98,7101751.05,7839706.59,8150200.4,7991009.68,7629577.14,7196137.38,6682968.25,2017-04-15
836,6283021.79,6016906.13,5837849.74,5729347.16,5676725.31,5615919.14,5433061.04,5754330.06,6164674.12,6539582.65,6826411.35,7016740.73,7106885.15,7090281.07,6952800.83,6822437.89,6692635.76,6768096.67,7762327.52,8133838.12,8025823.24,7636329.68,7009656.46,6478315.98,2017-04-16
837,6103148.26,5866028.37,5783548.75,5759144.64,6023830.86,6591673.21,6772352.39,7223804.49,7759856.29,8050056.04,8377091.98,8606246.66,8441793.18,8468100.2,8592608.78,8617673.29,8487028.81,8366177.13,9122144.73,9372172.69,9093912.78,8312544.6,7708149.02,7067950.72,2017-04-17
838,6635879.07,6411766.05,6271026.56,6236265.67,6504132.52,7113181.7,7214736.8,7540629.3,8038987.13,8401397.83,8724374.24,8934229.88,8612606.97,8647592.39,8814576.51,8723975.89,8596087.06,8301899.27,9250161.41,9481331.86,9222962.84,8471339.07,7730335.67,7058213.54,2017-04-18
839,6626739.34,6418215.43,6260393.91,6218072.24,6515847.78,7118969.63,7216401.23,7442505.91,7709968.68,7912135.95,8248901.17,8375025.62,8062875.16,8104258.05,8352521.65,8479612.61,8293633.05,8210011.63,9162608.02,9434305.16,9145429.17,8463017.43,7773307.59,7069848.93,2017-04-19
840,6580733.11,6291145.79,6207510.97,6185129.9,6446679.13,7071764.25,7155240.91,7509685.58,7930873.11,8209661.92,8375082.6,8484908.93,8216051.66,8057228.97,8208625.73,8252686.03,8203206.1,8193857.27,8884701.12,9082293.39,8837967.05,8230383.25,7422085.73,6835121.79,2017-04-20
841,6378162.53,6145570.6,6061705.29,6021715.72,6329415.01,6934306.94,7091745.44,7444758.4,7903872.3,8138621.98,8395469.24,8594238.48,8451852.51,8541072.59,8769846.3,8775355.19,8566355.5,8376303.61,9128117.57,9374764.54,9098182.66,8516982.91,7840094.57,7202681.17,2017-04-21
842,6746034.78,6438008.16,6280901.74,6221681.71,6353993.88,6433063.93,6594423.04,7154190.55,7734024.92,8127144.49,8424180.78,8600167.63,8545157.15,8363184.75,8219297.2,8132825.59,7976389.59,7926678.6,8773458.28,9112196.32,8762520.77,8338388.44,7713791.61,7148593.74,2017-04-22
843,6492804.8,6250722.89,6130422.75,6058248.03,6050192.16,5975970.0,5801017.48,6098601.91,6510921.29,6841760.66,7102818.03,7297065.39,7337631.25,7321468.75,7292548.93,7204717.14,7079520.28,7125039.6,8098882.3,8560756.25,8463713.2,8093064.18,7492537.61,6883046.71,2017-04-23
844,6488869.37,6241998.16,6096494.68,6035320.26,6294171.68,6798975.85,6911858.3,7379824.93,7957295.76,8231773.1,8673216.38,8823990.99,8607095.86,8625394.21,8797088.37,8813487.78,8699539.14,8413831.64,9198506.45,9475665.76,9123652.77,8470517.54,7651809.99,6962485.35,2017-04-24
845,6675186.72,6473131.6,6335775.63,6251106.82,6508428.36,6943670.1,7016949.6,7445499.37,7903698.64,8243155.21,8650218.56,8909667.36,8692432.0,8748062.78,8894858.34,8906184.63,8769096.92,8410839.66,9309442.23,9344109.19,9045477.52,8386319.33,7534835.02,7079987.72,2017-04-25
846,6587702.36,6485485.06,6355929.34,6277993.42,6526346.85,7015888.34,6986119.97,7376632.11,7856634.06,8059278.36,8407480.55,8742379.66,8633723.25,8643553.72,8793951.43,8802864.71,8622334.28,8352400.38,9136488.28,9393043.22,9122140.36,8427278.85,7591835.8,7039143.34,2017-04-26
847,6644664.67,6361780.05,6221837.61,6230312.41,6493676.45,7015318.46,7156016.67,7341295.68,7870946.62,8261632.35,8610374.9,8847084.32,8670021.6,8758075.44,8904362.65,8883917.52,8704891.62,8487140.63,9367066.75,9638580.36,9245612.88,8754611.7,7752117.75,7321981.28,2017-04-27
848,6660119.74,6346443.74,6402514.43,6400080.8,6423336.99,7126281.83,7159427.32,7676720.99,8118992.5,8429887.79,8784892.74,8959235.66,8776926.16,8752505.4,8933451.87,8964642.56,8776517.23,8569264.74,9227334.52,9416793.2,9167040.72,8731567.37,7876004.47,7214138.4,2017-04-28
849,6939720.81,6707840.94,6536702.55,6418733.41,6525116.06,6620374.1,6729096.06,7259484.22,7852491.11,8223682.52,8551169.42,8692117.71,8579171.26,8359175.57,8008110.72,7869291.98,7772786.2,7747876.11,8654355.4,8861032.68,8696859.71,8211718.35,7367274.08,6895767.87,2017-04-29
850,6397782.91,6239011.66,6106270.09,6055590.3,6013961.36,5959130.57,5801267.28,5915857.39,6227425.04,6430838.54,6618524.18,6668154.92,6786344.52,6755253.32,6599118.76,6470243.01,6419400.12,6568224.2,7633173.93,7918164.93,7735873.25,7342928.0,6876332.2,6374307.29,2017-04-30
851,6008821.29,5756546.13,5630991.18,5692561.08,5695730.07,5670306.73,5571983.76,5922736.36,6257319.89,6659822.19,7046603.52,7282917.97,7361653.1,7298644.87,7111058.98,6920493.19,6850826.61,6961589.53,7935925.71,8228728.47,8178669.95,7727194.8,7103877.67,6575139.26,2017-05-01
852,6120421.56,5964472.2,5847108.56,5851644.99,6119701.21,6624947.95,6733484.39,7082146.8,7553200.13,7808585.27,8100858.94,8357544.36,8208587.79,8338827.4,8556741.25,8530437.15,8338160.3,8160072.13,9048048.04,9309389.62,8941353.96,8258558.88,7424731.06,6740450.14,2017-05-02
853,6520195.84,6273667.09,6132349.35,6097011.57,6361242.04,6940364.16,7089134.44,7503431.24,7963809.22,8152823.01,8326942.61,8482284.53,8308256.72,8447745.83,8643106.29,8637726.81,8435321.87,8227980.91,9116130.31,9350744.86,9027289.03,8335446.0,7710107.94,7098094.25,2017-05-03
854,6647148.85,6422448.2,6308032.82,6273246.35,6544523.33,7106896.29,7222413.56,7638589.06,8126097.11,8412672.99,8777923.65,8826355.93,8634572.78,8687704.34,8831807.75,8823357.84,8674694.9,8428304.31,9261264.36,9471486.82,9117312.36,8754917.05,7942329.66,7138491.18,2017-05-04
855,6741183.63,6512231.68,6358388.07,6306595.08,6551470.08,7125056.65,7245465.23,7657903.81,8165455.47,8233532.09,8526032.68,8633849.71,8336579.37,8431790.98,8570201.4,8778256.57,8731806.47,8558340.69,9216065.72,9334628.02,9055621.16,8441688.98,7695298.7,7115785.46,2017-05-05
856,6621386.67,6428361.32,6258181.97,6175907.66,6242111.58,6415010.85,6567804.32,7104514.06,7597691.91,7907323.86,8170977.44,8302775.98,8220430.39,8073696.07,7907710.98,7787955.52,7608432.5,7638631.94,8454834.3,8665103.11,8475157.68,8040540.46,7422003.02,6814123.6,2017-05-06
857,6392325.22,6090665.76,5943792.42,5801121.19,5795711.01,5704471.99,5615750.37,5917994.62,6243828.61,6525219.9,6835242.94,6971721.09,6995141.25,6925050.55,6755974.42,6747785.31,6725944.49,6804531.95,7666368.25,7943325.45,7738704.57,7451387.26,6970443.39,6429017.52,2017-05-07
858,6066784.53,5848849.98,5758584.96,5755686.56,6080056.76,6651829.18,6777665.54,7211155.77,7706949.09,7897014.95,8173475.8,8393232.71,8220110.56,8241270.94,8432442.25,8441835.17,8347389.91,8191167.78,8892584.76,9145970.07,8910213.08,8279015.49,7569750.87,6898713.84,2017-05-08
859,6474990.59,6274749.56,6136012.49,6076400.42,6337990.91,6929817.62,7105989.15,7473386.99,7916985.62,8139103.61,8393629.36,8523276.14,8309643.39,8306845.83,8494689.99,8508348.8,8414009.52,8315818.13,9019371.56,9172551.03,8905701.77,8282176.91,7499186.52,6789267.04,2017-05-09
860,6347567.97,6110083.26,5981862.79,5945795.53,6173579.95,6600203.34,6902483.76,7432027.97,7923526.42,8243614.36,8561465.97,8720426.96,8545586.88,8482770.78,8647034.22,8614099.73,8462842.17,8377251.48,8997923.53,9182235.3,8920384.81,8330897.96,7498669.98,6725394.82,2017-05-10
861,6307322.9,6077672.58,5949146.55,5946199.06,6229063.19,6756440.89,6980896.61,7466720.1,7928353.67,8181445.86,8397832.42,8642369.23,8481863.21,8445510.03,8574020.79,8612125.34,8487413.44,8323944.39,9051166.78,9250365.04,8968584.23,8372659.46,7497432.07,6850097.91,2017-05-11
862,6363108.63,6205694.85,6038828.29,6001712.93,6228007.64,6703617.83,6888016.24,7313194.5,7836884.39,8023538.14,8252761.35,8393367.89,8304400.09,8199428.63,8375802.22,8400761.14,8321896.88,8204209.11,8943412.03,9002122.02,8829122.01,8287895.35,7533854.06,6936192.54,2017-05-12
863,6516627.86,6258077.95,6101446.26,6036263.15,6149234.17,6242990.14,6458356.61,7059592.88,7606605.12,7940768.22,8185621.81,8362655.55,8257508.75,8000808.17,7867734.92,7780694.15,7665381.85,7685789.12,8536201.88,8794021.92,8555134.87,8080536.7,7464238.41,6822254.99,2017-05-13
864,6392735.29,6066408.4,5885735.97,5765389.4,5718110.2,5626614.64,5473928.31,5843337.6,6254652.69,6662476.81,6912870.86,7065555.6,7094943.01,6953959.09,6780907.12,6679722.64,6604948.15,6770208.33,7664642.2,8015109.62,7893494.45,7533080.86,7069579.58,6611196.77,2017-05-14
865,6255221.72,5980855.49,5845213.91,5843212.96,6060467.49,6547138.41,6782576.1,7338193.71,7876228.76,8208818.93,8524218.66,8759898.13,8590558.77,8624058.49,8735637.47,8750677.05,8671950.11,8568367.83,9143858.54,9213435.07,8906767.26,8354411.28,7582827.05,6893122.57,2017-05-15
866,6435532.77,6208924.67,6076761.95,6050640.82,6287895.01,6776272.4,7005044.69,7451337.8,7920834.84,8164131.49,8459113.63,8690149.22,8561469.41,8572206.87,8579504.17,8509990.98,8420345.52,8420592.68,9037490.59,9285762.82,8935660.68,8506467.15,7685632.57,6884374.27,2017-05-16
867,6494151.17,6274748.43,6146445.44,6094094.81,6323201.01,6802443.81,7089759.84,7488202.1,8005695.48,8299700.21,8607658.7,8810079.88,8596679.24,8636904.52,8784759.1,8819772.3,8704291.35,8513013.76,9171166.4,9438256.35,9179977.32,8573625.97,7750327.35,7106896.32,2017-05-17
868,6660298.11,6399744.67,6252592.74,6217000.78,6429284.7,6865468.35,7079036.98,7604503.0,8152071.48,8456837.73,8732750.35,8939936.35,8727179.75,8717199.75,8897142.77,8944777.46,8852260.34,8623634.38,9247422.84,9562942.35,9354583.8,8779750.46,7980341.16,7271806.59,2017-05-18
869,6778239.03,6493522.85,6332182.52,6325520.58,6511916.16,6909707.33,7108132.92,7657159.45,8249890.06,8632564.3,8910698.69,9104524.01,8934295.35,8972063.0,9154890.54,9142277.16,8959807.15,8704417.72,9365763.53,9616925.41,9376128.0,8866950.15,8154319.44,7421849.72,2017-05-19
870,6965339.02,6682410.52,6509144.19,6408291.08,6483744.06,6546552.74,6715478.05,7285459.96,7870555.07,8191097.38,8429553.33,8517141.51,8443408.27,8245258.73,8073754.29,7950376.11,7787527.03,7820091.22,8684828.54,8785625.23,8690622.18,8187525.29,7585428.62,6999384.34,2017-05-20
871,6543877.24,6286305.6,6077170.78,5983129.8,5947692.86,5838152.3,5762216.84,6082006.36,6471920.55,6799491.4,6998050.97,7221206.89,7299338.17,7252300.55,7137034.18,7010783.33,6842299.43,6903858.17,7855941.63,8334413.77,8214388.77,7870777.91,7295806.55,6703329.55,2017-05-21
872,6344836.74,6127911.22,6000669.76,5972039.89,6214281.86,6656353.9,6876410.66,7368605.25,7949339.05,8287515.48,8562536.07,8786880.33,8641983.24,8645176.42,8743131.45,8692453.61,8578135.15,8370310.8,9102966.06,9332500.06,9085497.55,8518053.07,7717895.52,7043453.66,2017-05-22
873,6613944.46,6385417.67,6266685.21,6224665.43,6442171.22,6862899.73,7052388.92,7502905.0,8032349.13,8328800.18,8639506.09,8841670.55,8708915.87,8706302.2,8878595.16,8860100.18,8696143.22,8496336.91,9182132.4,9558727.88,9258897.4,8734907.71,7886145.58,7158246.13,2017-05-23
874,6597054.26,6402292.89,6270166.79,6229964.67,6459203.6,6924595.25,7116494.04,7632768.78,8207121.13,8528148.8,8830555.87,8931452.59,8782665.17,8890552.63,9075976.22,9042442.83,8893984.06,8626440.69,9230664.52,9587778.75,9364082.59,8785982.15,7945019.79,7222779.99,2017-05-24
875,6865884.54,6583296.19,6440212.57,6371452.89,6588699.57,6984810.08,7229428.22,7751227.97,8305821.66,8671249.47,8956428.25,9146774.67,9001772.23,9015856.18,9127001.09,9094773.66,8960056.08,8684764.25,9401087.67,9650893.44,9348754.28,8835355.27,8027115.1,7273296.43,2017-05-25
876,6820902.22,6569742.36,6414112.29,6365449.27,6547425.75,6897213.66,7160595.99,7708861.24,8298438.11,8668154.73,8959039.03,9079188.31,8910964.7,8912852.07,8960719.31,8951188.64,8755022.31,8510474.97,9185086.37,9377944.85,9118968.57,8541586.23,7860835.37,7294867.23,2017-05-26
877,6791577.05,6515710.33,6347963.98,6243194.81,6332536.15,6420680.4,6600482.23,7155233.11,7731526.49,8041286.57,8348483.04,8528063.82,8424859.95,8219518.06,8059190.68,7914002.14,7778342.68,7727366.6,8484484.23,8734344.25,8605868.9,8151155.44,7484543.43,6919922.1,2017-05-27
878,6458663.97,6194099.34,6002071.15,5891960.13,5837497.95,5751852.72,5650747.45,5998310.95,6388298.62,6754233.29,7042256.66,7219160.91,7223800.19,7143125.47,6987323.19,6844271.8,6705295.52,6737322.37,7664708.23,8109298.49,7964626.84,7626993.95,7138448.74,6609145.02,2017-05-28
879,6208103.37,5974514.67,5802040.79,5675149.86,5687737.58,5602224.6,5522248.12,5905583.77,6356590.05,6728538.35,7076739.34,7307653.01,7390170.89,7305322.47,7112576.42,6989736.9,6845991.93,6946247.62,7931588.13,8389144.14,8189217.29,7758528.04,7176356.78,6621184.65,2017-05-29
880,6234248.24,6043998.32,5911808.4,5893130.85,6092930.55,6579615.04,6808690.9,7374082.68,7951525.22,8268702.44,8630148.53,8893433.84,8760602.17,8793579.58,8928423.69,8904571.03,8725386.32,8503957.33,9104866.49,9450732.59,9178120.97,8674347.62,7861643.96,7170507.04,2017-05-30
881,6710934.56,6437018.73,6293276.79,6250655.8,6471929.91,6895819.36,7089947.2,7594077.2,8102502.97,8364894.56,8691460.99,8878686.03,8753538.31,8779423.09,8940608.01,8865192.05,8768494.2,8522951.0,9128456.82,9415499.39,9142784.21,8615316.78,7824361.72,7043077.4,2017-05-31
882,6598831.0,6354216.09,6181801.99,6117766.92,6340029.61,6802308.66,7020530.17,7486384.2,7978538.09,8278811.47,8540321.95,8818205.96,8697333.25,8708206.38,8875798.95,8967642.19,8841704.08,8620057.91,9191684.27,9473599.57,9266106.72,8696283.74,7923667.98,7201379.33,2017-06-01
883,6736268.08,6451081.65,6279069.06,6193839.57,6418229.43,6855230.26,7125666.71,7663076.37,8166046.73,8502673.66,8894541.47,9136218.1,8951936.64,8962485.94,9100698.19,9123351.32,8974388.55,8674676.95,9152254.1,9462382.31,9195263.88,8703085.33,8013841.85,7378783.94,2017-06-02
884,6930687.38,6633964.89,6418690.19,6296009.5,6379554.99,6496838.69,6699762.2,7261708.19,7872960.76,8300239.83,8634046.78,8794268.57,8673279.55,8512727.74,8379914.3,8320968.58,8088048.03,8007125.62,8740422.73,9080971.33,8807061.7,8338185.07,7779524.06,7263794.13,2017-06-03
885,6801593.1,6493447.27,6293038.21,6119317.02,6071714.52,5900191.62,5788621.04,6089021.94,6487913.74,6800286.64,7026580.69,7269698.29,7333337.04,7225906.22,7129374.3,7015127.41,6994563.63,6964750.81,7805994.6,8346745.59,8283553.44,8025748.12,7479192.02,6947844.95,2017-06-04
886,6539474.56,6309089.11,6125564.48,6036207.91,6226632.0,6678882.33,6971971.53,7520759.92,8083138.63,8377180.58,8710400.72,8929529.82,8755357.01,8719027.32,8877968.55,8925670.67,8738747.97,8501652.5,9079498.58,9448208.57,9229410.45,8714244.4,7854672.39,7171051.68,2017-06-05
887,6743182.78,6446329.39,6298190.6,6288108.56,6451880.14,6837561.32,7114383.06,7657830.77,8183447.6,8538812.98,8864713.97,9100886.46,8982567.5,8957480.1,9113939.23,9088149.71,8898789.76,8643918.93,9247724.39,9654190.78,9363020.18,8842440.0,8034397.84,7327854.31,2017-06-06
888,6861701.49,6556190.96,6413665.58,6345978.52,6614525.93,7032636.38,7276980.27,7677312.56,8168547.96,8463305.97,8713291.65,8910274.48,8791271.04,8746135.25,8870963.0,8921352.59,8769757.44,8580851.45,9231311.05,9445646.36,9174064.16,8536936.11,7760618.48,7074182.18,2017-06-07
889,6603863.24,6437328.56,6301063.62,6184020.47,6380966.21,6870504.25,7140643.7,7594035.88,7974343.41,8206917.68,8467706.42,8649137.62,8472129.41,8429271.04,8539652.6,8484374.1,8442019.91,8424599.32,9055655.21,9281815.2,8971124.67,8444102.7,7643353.57,7004440.87,2017-06-08
890,6554047.8,6341707.16,6122659.5,6142144.09,6310923.71,6762634.9,7071406.43,7540254.74,8065077.42,8325999.33,8618487.88,8821078.17,8645484.82,8682044.9,8804495.68,8787543.23,8636324.99,8441591.14,9054192.53,9341749.16,9076458.51,8549338.61,7818967.72,7176475.48,2017-06-09
891,6758580.65,6510986.61,6341473.53,6293701.3,6380396.62,6482733.14,6625435.61,7168629.5,7771810.1,8150886.65,8429781.64,8606814.44,8521431.85,8335784.86,8209491.9,8100309.3,7957342.34,7885135.16,8636760.48,9028888.48,8800480.34,8302811.9,7684641.55,7159169.16,2017-06-10
892,6682043.95,6425230.62,6226623.96,6056065.29,6001115.72,5960308.03,5794565.26,6050390.12,6423306.16,6745331.22,7006874.67,7235090.8,7300197.4,7228637.19,7049142.94,6941397.57,6919822.52,7074171.04,7926017.4,8352052.09,8179673.98,7815731.33,7274873.86,6746168.24,2017-06-11
893,6367125.92,6125104.8,5990703.29,5951985.05,6183794.15,6520260.91,6760149.5,7310324.74,7845446.75,8100215.94,8381112.82,8576149.13,8447418.42,8442700.53,8556052.59,8580342.84,8481688.04,8282445.03,8922389.87,9191018.96,8960528.9,8406746.28,7565054.29,6849407.15,2017-06-12
894,6427943.85,6212197.24,6114797.19,6055892.56,6253027.38,6656590.94,6941659.56,7406062.31,7860747.56,8128453.04,8377398.5,8634591.32,8545591.45,8620943.06,8816235.26,8736108.32,8549719.56,8332703.33,8906800.58,9191840.71,8918661.01,8357837.34,7602626.73,6907894.23,2017-06-13
895,6479755.41,6259685.86,6129931.6,6063584.56,6287101.65,6682740.04,6935079.22,7444127.17,7910529.53,8160841.65,8447772.34,8687704.55,8630742.82,8669877.19,8850858.33,8821730.56,8664724.29,8365851.11,8977458.75,9382241.65,9148020.84,8595305.16,7843658.06,7152617.45,2017-06-14
896,6627983.8,6397520.19,6282573.23,6244239.2,6407294.2,6813837.39,7021104.7,7496817.28,7979077.72,8247296.35,8474406.8,8604784.84,8479555.83,8387900.41,8476512.96,8502244.46,8432820.07,8220848.51,8766405.16,9033877.76,8803555.67,8346185.5,7565962.27,6916481.1,2017-06-15
897,6512557.78,6290446.49,6155402.88,6098040.14,6299520.78,6667295.37,6946456.81,7450274.66,7940196.46,8232395.0,8535831.6,8762573.09,8643773.97,8677603.11,8851437.54,8857133.31,8671268.18,8433510.85,8999304.05,9316742.21,9084900.67,8611323.83,7889919.71,7244829.64,2017-06-16
898,6763398.72,6487887.82,6274176.26,6173439.24,6261086.39,6376763.58,6510851.74,7016499.02,7559740.8,7874056.86,8206892.02,8334750.26,8214087.07,7961621.24,7781138.05,7654058.85,7541455.19,7616777.34,8329689.94,8713889.75,8484016.36,7978545.48,7362033.82,6790150.06,2017-06-17
899,6341491.81,5991553.65,5872588.33,5759301.3,5702936.3,5565807.46,5452032.3,5726833.49,6155823.22,6519991.33,6781263.33,6930479.55,6956372.33,6870431.43,6710367.54,6595429.9,6557872.94,6646808.07,7418664.74,7824319.04,7674948.36,7322722.75,6861529.51,6402349.69,2017-06-18
900,6030780.36,5796856.29,5643973.78,5569684.34,5559361.91,5527918.08,5408340.59,5751197.31,6175565.46,6574639.33,6885328.93,7159520.01,7265595.35,7200106.26,7065339.61,7006691.75,6905280.61,6891409.07,7700445.02,8336432.95,8165610.02,7782206.91,7194127.54,6592423.22,2017-06-19
901,6258041.34,6056928.69,5906100.8,5864622.87,6065463.0,6387547.02,6655822.05,7272804.8,7847398.54,8196157.71,8554837.93,8803672.58,8687896.8,8676951.58,8790860.29,8778397.87,8628420.32,8463489.06,8925354.27,9230747.8,8924898.83,8429353.76,7654391.89,6959910.02,2017-06-20
902,6511735.14,6258498.82,6059002.64,6043418.73,6189735.26,6461896.04,6760594.41,7296097.01,7795979.96,8079047.61,8374763.2,8574663.23,8456515.09,8456995.03,8631749.44,8604279.64,8470739.29,8241606.08,8825698.38,9226282.93,8944896.98,8399643.5,7600977.36,6958777.56,2017-06-21
903,6519995.17,6293698.9,6106695.27,6088929.56,6256896.48,6567432.44,6896628.81,7439188.73,7986001.09,8301795.01,8622502.34,8842736.46,8691118.04,8705898.86,8838264.31,8789217.91,8644256.63,8392414.04,8959416.8,9319638.15,9056102.63,8478413.06,7696852.17,7000148.56,2017-06-22
904,6598951.07,6347308.68,6208025.68,6154892.2,6286994.93,6557294.04,6859920.34,7455294.09,7907163.08,8244450.16,8603140.04,8855364.8,8673604.41,8760842.74,8936855.77,8874684.2,8681942.72,8395585.93,8874943.42,9349023.32,9078432.37,8591715.54,7857480.01,7272615.06,2017-06-23
905,6814342.03,6555751.31,6373273.13,6286831.47,6339461.28,6398977.16,6524174.14,7078913.15,7664803.53,8064729.64,8366150.34,8540416.9,8418437.7,8211630.09,8055821.03,7954151.26,7748946.77,7708864.25,8474503.94,8864919.55,8603543.68,8103837.98,7511180.15,6978063.22,2017-06-24
906,6550287.92,6268659.01,6109800.29,5996878.26,5961782.18,5874417.05,5738020.2,6028795.35,6335606.33,6625518.75,6896347.3,7057509.6,7113872.47,7073602.94,6911871.22,6805562.53,6664697.78,6660003.46,7413275.42,7980974.96,7885585.2,7548463.18,7040452.1,6535187.96,2017-06-25
907,6184003.63,5952652.7,5765668.54,5648875.4,5643158.26,5616302.36,5513426.77,5876487.63,6276303.39,6625629.58,6927482.66,7202397.79,7278103.06,7242396.09,7079130.47,6955638.94,6902817.12,6956361.36,7794743.86,8295060.68,8117019.89,7683429.1,7095036.82,6590380.71,2017-06-26
908,6193143.98,5980736.2,5900257.41,5904361.67,6047122.07,6409994.77,6688348.84,7243375.9,7830148.88,8210757.25,8523340.5,8765948.95,8617627.07,8632363.09,8835031.29,8866707.26,8669726.52,8393450.27,8918639.79,9318999.53,9084348.83,8571809.99,7794817.21,7074391.9,2017-06-27
909,6605536.39,6331187.78,6186077.52,6140765.04,6325441.0,6608637.16,6867081.87,7454246.74,8030678.5,8311250.72,8649012.47,8884491.71,8723692.1,8778425.98,8965696.85,8900617.33,8694415.27,8406694.89,8893543.05,9376963.94,9103374.27,8641408.06,7879116.51,7190293.96,2017-06-28
910,6670877.42,6425707.25,6306498.99,6251144.22,6412609.62,6650260.29,6930645.41,7491818.58,8082424.75,8416117.28,8746424.26,9011786.77,8854914.8,8850596.48,9031284.29,8929114.29,8776399.41,8496588.61,8998573.34,9318635.23,9078037.67,8621481.7,7864967.28,7175150.19,2017-06-29
911,6701292.55,6440187.24,6249763.45,6169686.88,6335530.06,6637249.14,6920213.24,7495447.61,8058011.26,8382237.56,8713924.71,8929109.73,8760996.51,8739115.08,8898495.43,8884482.29,8668080.94,8367214.54,8830056.45,9275645.76,9024867.07,8583248.0,7941105.17,7278111.45,2017-06-30
912,6787367.53,6542546.77,6390346.99,6262537.32,6305384.18,6369885.25,6477831.98,6999407.41,7605188.75,7974139.6,8259687.57,8460891.53,8369229.27,8181836.27,8025433.54,7911209.23,7757439.38,7640200.63,8355388.01,8858487.58,8580934.19,8115854.53,7567518.38,7112344.34,2017-07-01
913,6644962.9,6369017.92,6184701.42,6037730.89,5976728.69,5861296.28,5710381.91,6001914.44,6325448.88,6637023.13,6806616.14,7053341.22,7123864.17,7072228.96,6977972.67,6825203.48,6722778.17,6704411.98,7471407.63,8010616.31,7815519.23,7523561.56,7066517.22,6628398.61,2017-07-02
914,6240351.94,6002255.98,5790337.81,5544081.83,5495214.05,5469079.12,5331130.28,5643449.03,6032664.12,6420600.84,6755402.37,7009788.48,7096821.73,7037378.69,6919522.2,6820775.41,6723928.92,6740709.41,7570990.32,8199525.36,8088875.19,7676144.17,7155458.71,6638681.33,2017-07-03
915,6252950.48,6017452.02,5898572.91,5860471.28,6091495.07,6513836.25,6696570.28,7253118.27,7846431.17,8196176.08,8555889.13,8785623.38,8584038.4,8624867.01,8799168.91,8755672.48,8580840.08,8336032.17,8813410.55,9298302.61,9059521.66,8566106.61,7782497.99,7063480.33,2017-07-04
916,6601249.2,6344538.53,6180453.3,6114101.54,6292169.13,6735353.58,6892679.31,7379321.64,7940442.59,8246590.58,8519992.5,8796253.15,8628686.85,8693354.9,8885242.28,8868941.72,8676424.98,8384105.05,8899753.36,9306364.77,9104832.86,8559529.5,7714990.17,6991055.8,2017-07-05
917,6544063.6,6324605.28,6185552.46,6106448.55,6295134.67,6674897.35,6907896.76,7393271.76,7939421.9,8234029.88,8602593.38,8810321.79,8621937.51,8684862.68,8906507.57,8811533.56,8691475.37,8409320.85,8858272.22,9331591.97,9029059.37,8583994.9,7861332.74,7204329.87,2017-07-06
918,6737661.96,6489587.26,6315154.08,6284302.57,6471901.66,6924097.31,7093250.36,7593579.83,8140103.51,8494847.73,8844091.88,9087690.32,8821558.32,8834123.14,9023089.92,9003223.14,8827952.05,8514330.37,8988548.25,9403056.78,9079899.44,8617891.25,7920571.25,7292665.45,2017-07-07
919,6834081.58,6573279.21,6440697.98,6340836.61,6434419.22,6524345.16,6604378.87,7224547.61,7838858.96,8209457.56,8522170.14,8665978.97,8544183.59,8338837.87,8165128.33,8067012.48,7869737.6,7805289.37,8530325.42,8980360.3,8718429.08,8240323.5,7631282.25,7041088.5,2017-07-08
920,6616384.81,6328579.54,6112651.13,5987430.21,5933967.0,5845422.71,5741881.51,6026604.61,6414055.65,6742755.73,7016796.11,7179781.63,7237953.86,7183422.02,7109598.61,6995866.24,6904501.65,6898892.67,7790315.74,8407028.67,8340280.76,8024530.01,7440534.37,6884787.93,2017-07-09
921,6511771.48,6272200.44,6151375.66,6080151.13,6302649.95,6833695.23,6997468.47,7501009.63,8066489.48,8418013.65,8757171.59,8987524.83,8783523.22,8807462.19,8940419.76,8913920.9,8763433.74,8521231.96,9038342.42,9398155.65,9137289.34,8594636.28,7758243.22,7102794.05,2017-07-10
922,6670878.8,6456266.36,6308272.41,6243790.82,6479133.02,6997122.0,7150213.38,7568024.22,8035369.52,8319176.07,8638439.9,8816810.8,8580146.45,8624237.52,8779589.36,8754109.71,8654895.8,8416550.77,8959315.63,9325936.32,9070952.31,8448332.65,7646855.81,6985947.58,2017-07-11
923,6563765.32,6290655.92,6134481.88,6089159.29,6309892.98,6780063.34,6943194.9,7318287.7,7790482.45,8032751.81,8344347.47,8497138.12,8264703.32,8358860.78,8536202.99,8602650.4,8476215.15,8233308.13,8769690.04,9197713.5,8972282.98,8410754.5,7634754.67,6957485.36,2017-07-12
924,6545370.44,6310874.93,6173958.92,6107239.12,6333117.58,6881969.13,7028350.1,7439929.23,8006909.79,8381809.2,8701073.46,8912042.74,8708262.02,8755379.75,8942313.0,8896232.28,8678994.43,8486877.09,8997029.67,9437643.09,9202864.28,8632240.06,7862046.07,7146868.37,2017-07-13
925,6641049.31,6410831.34,6285337.12,6241214.24,6481695.43,6953231.16,7101303.92,7554861.09,8124508.51,8451496.6,8793800.98,8994403.75,8800197.4,8761765.01,8702398.93,8701918.33,8701739.56,8459666.83,8918182.79,9294968.84,9025726.96,8426216.46,7718869.33,7167568.92,2017-07-14
926,6760346.52,6516811.33,6322613.21,6191762.67,6313488.78,6436029.96,6563182.73,7073338.34,7650320.52,8054669.89,8325517.37,8469776.78,8357504.99,8156862.73,7944881.3,7836539.56,7729232.03,7656622.73,8317195.39,8721949.07,8503829.25,8012808.3,7327802.57,6713826.17,2017-07-15
927,6304354.3,6042693.38,5837947.16,5709359.2,5673388.55,5584406.47,5478208.91,5865853.44,6298192.74,6622468.6,6842107.79,7031291.98,7042446.76,6983544.54,6872943.92,6834767.36,6781461.88,6796751.16,7557444.41,8143704.38,8037024.02,7686836.56,7137743.08,6656951.42,2017-07-16
928,6266772.44,6068545.45,5938627.77,5917475.69,6139367.24,6684867.46,6875232.21,7320195.49,7888970.1,8147513.74,8450726.26,8636185.6,8451072.65,8559462.4,8644554.13,8684535.66,8693183.56,8414155.76,8727295.77,9203287.95,9005044.13,8672837.28,7835834.94,7157194.9,2017-07-17
929,6677709.37,6503826.23,6341095.31,6304778.3,6507760.07,7051900.43,7185657.61,7518587.33,7998731.21,8290316.72,8568325.39,8721020.05,8549781.23,8553360.52,8779514.49,8760456.4,8736183.03,8551878.75,8949130.77,9236141.74,8984626.6,8562550.45,7779425.31,7028374.32,2017-07-18
930,6559916.96,6276438.2,6170349.19,6106720.66,6390738.36,6977640.3,7165122.07,7582592.64,7988209.93,8162417.58,8421912.3,8653703.33,8463995.41,8510333.66,8713137.81,8670049.19,8565006.32,8446072.19,8866840.35,9168936.75,8832231.78,8422003.05,7679292.99,7070082.99,2017-07-19
931,6609130.58,6389007.78,6192847.1,6104111.66,6122031.22,6146067.07,6050661.65,6367173.25,6751017.22,7121045.06,7393189.58,7565191.7,7527425.6,7333119.47,7139113.49,7084994.45,6981171.32,7047907.37,7789829.76,8436451.98,8274963.25,7762429.51,7112466.1,6566278.19,2017-07-20
932,6190525.9,5976717.96,5837505.6,5801767.69,6042901.43,6512181.81,6693113.74,7251095.45,7851144.19,8215653.13,8600964.65,8778945.55,8617753.33,8661305.19,8813802.31,8837654.99,8617074.05,8350153.99,8822004.5,9295484.06,9093623.0,8581979.21,7841610.18,7218920.54,2017-07-21
933,6727216.34,6491948.71,6311436.82,6227375.64,6295372.37,6372150.52,6479343.35,6995438.43,7622676.67,8062429.98,8388454.39,8543352.69,8444648.7,8306146.63,8106189.47,7950693.48,7792067.82,7719039.97,8456719.98,8913234.43,8652272.05,8218329.06,7613746.29,7024628.32,2017-07-22
934,6562421.97,6312305.3,6070879.53,5945561.27,5877017.78,5789059.39,5583115.22,5892197.51,6320100.34,6634037.63,6875710.09,7103288.85,7180566.89,7157807.41,7083508.01,7013880.56,6899718.23,6882844.83,7726828.78,8387227.47,8285551.52,7938639.73,7358715.09,6837756.58,2017-07-23
935,6454954.44,6250860.65,6120829.44,6043544.9,6296048.69,6884436.08,7049154.94,7536932.02,8106783.79,8474056.31,8819213.69,8992111.3,8784841.1,8901130.99,9056042.64,9077986.51,8934013.9,8595315.24,9065766.25,9564911.12,9297259.93,8799650.31,7999251.75,7295028.77,2017-07-24
936,6802593.88,6512391.03,6362625.29,6294242.16,6531721.56,7092281.76,7237008.97,7671273.16,8186637.83,8490816.84,8770298.38,9005660.11,8788029.95,8847527.73,9027192.76,9050726.44,8898166.14,8604834.75,9031389.82,9365265.64,9257157.23,8736396.89,7895569.66,7274242.72,2017-07-25
937,6770660.76,6523902.74,6386196.52,6329708.17,6554412.23,7080137.23,7195537.96,7574484.49,8168183.79,8459707.71,8747514.02,8976881.44,8780924.31,8837684.15,8997566.6,8990353.71,8810270.82,8516314.81,8989613.87,9357232.5,9101137.69,8698909.1,7926582.31,7239600.65,2017-07-26
938,6804783.63,6593202.49,6430786.54,6417938.69,6663573.79,7194931.64,7293485.66,7711323.41,8202547.69,8559011.81,8895201.55,8957570.65,8795434.38,8861879.53,9038447.19,9107423.46,8887039.18,8583807.02,9024454.07,9314033.75,9227589.62,8726680.3,7882809.84,7210424.1,2017-07-27
939,6731793.06,6518079.79,6366160.32,6316561.21,6508404.43,7085105.04,7218680.57,7641048.06,8205195.58,8482292.55,8819719.26,8851333.82,8815884.11,8865376.75,9002336.32,9016750.75,8873405.77,8599594.65,9047744.32,9409210.2,9123788.22,8760308.57,8046615.46,7417887.14,2017-07-28
940,6955818.72,6655625.3,6469993.14,6399874.2,6475497.51,6536384.51,6674824.79,7197620.3,7775528.34,8103819.38,8361147.17,8555820.04,8388810.36,8274671.92,8106965.74,7966090.78,7845318.27,7800818.06,8480998.71,8887394.84,8646664.42,8198557.4,7585244.39,7031820.4,2017-07-29
941,6615449.65,6298760.97,6072989.56,5941571.47,5825832.81,5784809.46,5613414.17,5962212.1,6330738.75,6604654.72,6808683.13,6997361.88,7047068.92,6971311.5,6841503.82,6692918.58,6644877.05,6751693.11,7643800.63,8170449.37,8059690.63,7658691.66,7077648.23,6505079.6,2017-07-30
942,6184054.19,5889289.53,5697805.83,5682687.52,5953405.02,6550010.19,6724301.93,7193130.18,7688697.35,7953593.09,8200812.21,8424004.09,8227412.27,8243420.51,8411041.44,8401773.66,8305841.86,8078012.91,8653506.93,9125942.2,8923403.35,8361772.18,7517207.3,6839238.34,2017-07-31
943,6375593.94,6151935.53,5985768.76,5970994.32,6203179.62,6856601.95,6965242.62,7318532.99,7710167.4,7971204.95,8295052.71,8545926.24,8366337.63,8408945.52,8599302.02,8652205.2,8511484.61,8253869.23,8780184.45,9298740.97,9058474.62,8599365.13,7779619.72,7023660.14,2017-08-01
944,6581475.54,6312159.88,6169329.4,6100442.71,6361399.7,6961321.47,7084612.71,7440551.65,8020867.34,8312869.6,8667856.87,8901182.89,8675012.78,8772765.45,8978185.67,8965903.85,8831377.23,8560129.86,9020975.02,9494202.95,9255490.45,8760719.5,7964729.9,7237747.06,2017-08-02
945,6716330.83,6511872.12,6370983.16,6307302.54,6523601.75,7084160.78,7191230.57,7682408.73,8209496.95,8507445.75,8791601.54,9041008.82,8900470.44,8894130.94,9151851.2,9170347.47,8976415.38,8718767.74,9136335.56,9590329.72,9345686.3,8892863.29,8083275.62,7378474.25,2017-08-03
946,6829940.27,6556465.01,6388567.68,6340913.45,6582445.92,7136230.24,7261052.35,7682281.55,8175767.33,8484658.05,8795855.45,9018105.63,8798726.36,8790441.82,8913475.4,8940535.45,8709024.65,8379966.02,8827314.9,9244054.53,8953135.9,8486638.51,7719648.86,7107138.67,2017-08-04
947,6634888.32,6407532.78,6252478.69,6158584.72,6240827.58,6365900.82,6434374.0,6927507.77,7448750.41,7856176.04,8140552.07,8308369.94,8213794.84,8056288.92,7925505.35,7827731.34,7685390.98,7648556.41,8383990.19,8840139.9,8590681.14,8098812.74,7475502.87,6944240.6,2017-08-05
948,6492070.91,6229702.16,6042275.37,5919352.25,5884476.47,5827032.64,5655715.87,6016510.99,6415624.68,6745117.03,7021135.93,7205137.53,7251422.75,7221115.99,7105820.27,6976004.29,6899625.25,6884840.07,7689570.07,8241283.56,8103794.06,7744577.78,7250090.26,6770542.58,2017-08-06
949,6418431.26,6162604.3,5995259.89,5864449.83,5869857.86,5908070.7,5750440.78,6098935.86,6552461.33,7032688.84,7454019.66,7735774.73,7867208.72,7809804.17,7655233.76,7570028.85,7326395.77,7245148.95,8173111.88,8877743.46,8718113.91,8106493.87,7505442.18,6910581.75,2017-08-07
950,6545438.59,6272884.04,6150864.73,6135861.1,6372413.37,6988493.13,7128931.34,7538843.09,8148168.88,8597656.35,8991522.91,9225735.03,9067464.13,9158796.1,9387014.3,9423089.6,9141493.36,8736303.38,9349357.79,9873609.09,9647151.09,9031490.46,8162516.51,7359342.19,2017-08-08
951,6837470.95,6616174.23,6473991.11,6431983.67,6633006.04,7157784.51,7305668.71,7746580.2,8287366.61,8616931.14,8867330.16,9119518.53,8832483.79,8812695.21,8977706.02,8953612.72,8680833.62,8373750.07,9084992.22,9588737.7,9289921.13,8737883.21,7755977.83,7058380.39,2017-08-09
952,6579853.94,6371673.77,6238905.92,6197451.86,6425506.92,7035144.92,7142698.14,7580122.05,8126411.74,8566426.89,8938360.11,9145151.68,8777309.17,8845953.3,9134173.8,9098777.7,8922437.54,8614638.81,9219965.58,9711303.18,9384550.45,8756692.0,7833916.55,7163364.94,2017-08-10
953,6759038.03,6474371.16,6282394.41,6250109.28,6464038.09,7011101.77,7212186.54,7631566.37,8078760.35,8341286.33,8689576.51,8911727.87,8717286.12,8769959.37,9006548.58,9007984.14,8837507.62,8566956.66,9173246.74,9635265.24,9402249.32,8787535.0,7927441.22,7247224.03,2017-08-11
954,6806762.07,6510603.9,6329733.58,6284472.47,6359036.98,6525241.38,6621949.09,7127242.63,7670865.82,8037466.89,8307483.15,8473657.01,8363290.55,8185807.91,8008164.88,7872829.27,7685398.5,7698105.88,8536599.08,9039829.41,8710418.68,8132912.72,7508575.73,6943918.46,2017-08-12
955,6509157.5,6233186.32,6040045.68,5918181.45,5874605.78,5831173.97,5645460.21,5985899.21,6373354.46,6729672.71,7029081.77,7248680.72,7346857.08,7297618.78,7205160.92,7123458.54,6996674.77,6970248.17,7823187.68,8499672.21,8361714.91,8002004.98,7403299.34,6838344.69,2017-08-13
956,6481602.67,6287400.17,6125266.36,6118601.41,6313296.9,6895163.54,7036556.15,7505840.58,8072659.25,8455200.53,8831010.19,9075785.23,8840196.26,8963788.68,9185368.43,9159204.09,9015507.03,8696564.22,9096412.94,9513607.52,9413080.65,8948910.88,8140719.25,7368438.98,2017-08-14
957,6884138.71,6626789.94,6495904.31,6446806.53,6674668.8,7267717.38,7330881.61,7728466.57,8286994.02,8596522.24,8962955.6,9207435.96,8970362.2,9023187.2,9169602.81,9197367.05,8999506.01,8747231.16,9181414.22,9465475.73,9227969.98,8827975.97,8020249.37,7270613.15,2017-08-15
958,6799102.82,6515901.67,6295628.77,6278700.41,6489031.07,7101715.72,7236819.39,7590180.8,8082509.46,8400209.3,8729349.17,8984962.88,8760361.71,8851176.2,9021070.96,9030398.3,8870680.26,8566606.06,9033048.03,9396439.46,9192574.22,8801628.64,7984397.99,7262654.72,2017-08-16
959,6809164.65,6561317.72,6426031.93,6336317.16,6550814.69,7118310.77,7260071.94,7703677.57,7999117.59,8288268.42,8648507.47,8840047.86,8588738.88,8841509.15,9139044.77,9181395.84,8988700.67,8718930.24,9372072.11,9804432.98,9531000.78,9020359.07,8201513.55,7451355.89,2017-08-17
960,6933218.46,6686865.21,6529930.51,6460664.17,6679943.79,7153006.76,7276965.53,7729041.85,8231117.92,8544238.81,8877260.31,9112488.92,8985443.55,9064283.44,9267115.21,9268155.27,9080345.79,8777463.25,9388144.08,9650496.02,9370745.68,8826062.2,8152420.44,7491727.4,2017-08-18
961,7003217.64,6732321.48,6530386.54,6429273.45,6492253.92,6642859.61,6710455.1,7196561.59,7792088.75,8116806.9,8363803.24,8515012.98,8401023.1,8134879.38,7978053.2,7896129.16,7803533.15,7764892.96,8550932.97,8867044.32,8635428.13,8113461.46,7465644.93,6918848.01,2017-08-19
962,6494142.0,6214268.91,6026250.96,5918828.54,5879066.3,5842409.94,5671170.46,5954061.42,6388990.19,6714269.87,6970829.74,7151123.78,7184864.14,7093158.03,6944516.48,6847115.45,6748345.79,6833963.38,7653892.89,7981770.87,7810208.23,7488698.87,6984276.58,6520117.06,2017-08-20
963,6157243.9,5913092.67,5784713.89,5685747.27,5702372.16,5756940.97,5640397.63,5975791.73,6374741.09,6784960.33,7086141.18,7369608.85,7412833.29,7330267.0,7170586.38,7058798.86,6974752.87,7049892.45,7993015.4,8564960.45,8399429.92,7905045.97,7305422.63,6768278.93,2017-08-21
964,6404219.61,6183963.91,6039214.42,6036570.76,6311107.96,6888501.24,7029931.65,7445048.75,8071210.13,8415234.83,8728467.32,8988074.06,8758928.7,8828213.66,9049562.0,8992115.29,8826751.96,8592671.07,9189468.82,9461554.8,9183945.48,8623749.26,7769234.53,7065918.14,2017-08-22
965,6592215.33,6353430.82,6199584.34,6171975.53,6404083.88,6992659.4,7121196.16,7533995.21,7994383.56,8328615.79,8644161.47,8887543.86,8716118.99,8823998.23,9055714.94,8981172.88,8802210.46,8610332.07,9270274.84,9623679.9,9352199.61,8820917.83,7975546.07,7230356.02,2017-08-23
966,6786310.39,6537854.87,6395540.7,6311419.57,6547339.61,7137853.66,7230430.11,7638281.87,8118816.55,8418590.79,8712998.45,8902459.31,8586249.34,8648382.37,8768213.34,8772679.74,8654568.9,8480123.85,9153080.59,9384680.8,9135457.5,8560970.24,7751278.05,7048862.35,2017-08-24
967,6612927.93,6404594.69,6302200.14,6281425.09,6527460.35,7072717.77,7219806.36,7625111.58,8159398.71,8493134.92,8791448.96,8995290.64,8753323.89,8792451.89,8933971.22,8903539.96,8706634.7,8440376.92,9060493.49,9385522.66,9150618.53,8616258.69,7916220.0,7254041.74,2017-08-25
968,6787300.81,6518220.4,6328599.61,6226462.38,6340542.68,6477530.49,6629586.85,7134180.54,7727484.39,8118143.67,8486464.01,8667379.7,8569851.95,8377373.14,8216579.39,8096444.4,7922704.01,7850424.09,8684826.86,8964981.8,8697009.96,8254063.16,7590739.27,7045701.72,2017-08-26
969,6577716.83,6315219.76,6108739.14,5988107.1,5957330.99,5950847.64,5756313.18,6051002.6,6440908.93,6790527.6,7089991.49,7272307.9,7345437.46,7293769.78,7190514.8,7038965.4,6931944.89,6995626.83,7989645.9,8462842.77,8309562.52,7885366.92,7250457.23,6763507.07,2017-08-27
970,6378518.17,6152538.67,6074537.14,6025985.34,6285011.79,6880228.45,7027921.95,7467549.13,8030288.59,8382028.12,8685930.91,8910157.68,8672744.39,8644039.12,8774915.21,8745897.71,8636435.79,8396132.24,9102049.08,9398089.2,9103631.0,8515056.97,7679203.58,6956561.83,2017-08-28
971,6540898.75,6336817.92,6200538.75,6191995.42,6412222.26,7076189.83,7153902.2,7527287.91,8064129.63,8335052.5,8622983.24,8767404.7,8530272.24,8619004.22,8859055.64,8868548.12,8740124.28,8497804.34,9207826.49,9480171.46,9171045.71,8578101.86,7751081.6,7045672.9,2017-08-29
972,6578283.42,6362930.16,6241764.1,6162611.36,6482983.76,7081541.08,7231879.03,7610764.52,8066536.75,8319680.52,8644197.34,8860542.28,8615048.34,8604291.62,8820046.86,8799106.84,8661409.97,8489085.99,9149821.68,9422273.78,9126704.43,8521462.72,7694716.64,6977216.31,2017-08-30
973,6535320.0,6353617.33,6230643.1,6194401.46,6487454.23,7069999.22,7202568.71,7552952.72,8065884.63,8387558.07,8682821.36,8878330.21,8723307.49,8788914.75,9012007.08,9007715.38,8871855.94,8647843.12,9247630.48,9531776.19,9246794.97,8658945.2,7832243.0,7202896.33,2017-08-31
974,6711899.73,6445062.13,6295234.02,6257529.16,6459878.23,6993068.65,7151482.52,7574710.52,8105893.3,8415428.81,8789138.16,9012938.25,8869974.57,8948578.13,9153017.07,9177847.96,8969824.1,8688012.47,9287215.68,9581939.27,9370604.32,8865891.8,8150328.24,7482487.67,2017-09-01
975,6967443.74,6705446.0,6495035.45,6372761.74,6437775.21,6600384.89,6650997.16,7264315.16,7856766.28,8286214.88,8582703.08,8764334.98,8580843.56,8434635.83,8278817.91,8160461.19,7985167.62,7940748.34,8856859.92,9063922.76,8803239.39,8324107.7,7616676.04,7072459.95,2017-09-02
976,6651349.94,6383667.86,6184510.54,6023560.88,5960640.72,5926475.33,5711568.87,6021432.12,6425418.52,6759227.56,7028192.31,7226361.98,7264626.7,7219792.04,7040088.27,6981665.62,6902482.03,6949960.37,7995411.21,8406443.78,8284311.13,7889129.55,7297874.43,6710107.02,2017-09-03
977,6353336.25,6184790.38,6062963.02,6055288.16,6305885.33,6862405.35,6969093.41,7455335.97,8094650.25,8512686.89,8863739.23,9094426.91,8902514.54,8981984.45,9190004.25,9099502.3,8950768.27,8722427.24,9393150.24,9667681.58,9294507.3,8783006.58,7970047.5,7238501.87,2017-09-04
978,6783110.1,6570243.83,6367261.46,6314626.17,6576675.88,7118307.34,7273852.11,7670269.96,8216265.35,8537158.67,8885332.31,9112494.48,8966335.62,9050843.03,9212428.37,9209310.59,9038724.69,8805144.15,9487496.4,9679402.91,9414182.01,8794249.96,7939333.38,7263891.35,2017-09-05
979,6819011.01,6581060.74,6427009.03,6378562.81,6600651.0,7137988.04,7283783.57,7702681.87,8229090.82,8502457.93,8868414.27,9060347.93,8893316.94,8999321.32,9160349.84,9132546.24,8921624.25,8738490.23,9463063.47,9554397.54,9339998.37,8738738.93,7928658.69,7212354.37,2017-09-06
980,6693033.01,6523485.63,6393582.0,6366790.49,6500978.77,6894488.91,7072426.11,7576444.04,8147600.61,8459647.4,8772615.11,8947437.99,8793773.16,8872294.87,8900631.46,8803675.61,8688402.79,8544378.04,9324395.64,9451329.01,9162630.81,8602651.44,7818754.75,7175922.31,2017-09-07
981,6719269.26,6470998.01,6285701.43,6298908.23,6453250.62,7019964.25,7103649.75,7593293.05,8093191.56,8399683.45,8683300.2,8871849.45,8601999.89,8519738.51,8672298.11,8647321.76,8495096.71,8339656.13,9108890.48,9153990.27,8852485.09,8343662.81,7568819.49,6929055.74,2017-09-08
982,6438371.9,6250002.51,6093961.19,6010907.96,6093724.75,6275062.48,6376241.65,6885543.23,7475376.63,7864229.73,8160600.26,8334413.72,8243084.76,8034026.68,7865477.55,7690531.43,7560831.63,7593334.82,8569341.95,8662459.78,8364337.33,7796388.61,7139063.42,6643379.88,2017-09-09
983,6227840.4,5959177.55,5813626.8,5695195.4,5648454.35,5642418.63,5512527.16,5844744.23,6286977.93,6619872.61,6818159.93,7050502.2,7124948.15,7071028.78,6897945.06,6786117.61,6730710.37,6835248.09,7866664.06,8207108.32,8070101.43,7660824.61,7040659.89,6428826.42,2017-09-10
984,6137820.85,5923032.09,5788367.03,5791404.29,6026153.05,6659852.68,6834483.31,7310698.63,7846251.87,8229789.82,8595929.66,8859253.45,8670112.54,8739783.22,8937832.47,8931319.68,8742744.29,8507092.02,9302362.07,9487488.32,9275213.79,8726068.69,7876606.35,7156612.62,2017-09-11
985,6685440.49,6443654.56,6288105.96,6231938.58,6502515.64,7046279.4,7162837.58,7624080.7,8129817.56,8457156.96,8785018.6,8985884.13,8773986.1,8807559.2,8982219.58,8935039.82,8770411.77,8602069.6,9390616.79,9522812.67,9198424.05,8608628.26,7802262.31,7107866.67,2017-09-12
986,6711641.75,6446767.41,6311034.03,6264162.43,6505324.06,7074420.58,7247097.1,7642570.36,8085576.11,8254444.73,8608147.92,8853649.51,8697563.62,8729914.44,8954117.29,8922737.26,8764783.36,8586214.09,9416347.03,9521850.8,9247464.63,8638666.87,7824183.33,7157148.95,2017-09-13
987,6664651.52,6488056.85,6326312.4,6248712.04,6508730.16,7135271.55,7238223.74,7656394.02,8208867.27,8493362.17,8841159.62,9053761.87,8814717.85,8813576.21,8930229.85,8927211.43,8763195.26,8589022.26,9359054.08,9359154.78,9123888.63,8599108.73,7804358.87,7142862.85,2017-09-14
988,6700533.5,6471469.01,6317641.34,6265551.89,6448897.8,7033455.43,7165697.6,7550055.82,8075973.35,8411828.81,8729337.73,8993340.15,8811499.56,8876871.2,9009988.81,9050493.64,8871786.18,8649730.17,9360957.23,9481727.53,9228702.16,8711534.76,8044377.98,7394248.57,2017-09-15
989,6907879.4,6621694.76,6428888.74,6367766.94,6401340.16,6538400.02,6670716.67,7199425.77,7848734.64,8226318.8,8485011.52,8623735.11,8521692.32,8350145.58,8184813.48,8070370.43,7913881.05,7872025.62,8866255.32,9039938.61,8743395.76,8238077.44,7629039.78,7041721.3,2017-09-16
990,6595248.74,6294785.6,6125002.11,5980922.4,5956881.86,5862046.81,5653273.45,5929671.95,6232208.69,6517048.06,6822358.92,6948299.04,6918558.53,6879855.98,6740870.87,6644928.31,6617679.13,6773951.23,7919837.86,8147775.45,8041317.99,7631439.27,7064616.97,6539088.01,2017-09-17
991,6201031.75,5956026.41,5841589.12,5826205.78,6100648.81,6698821.06,6907406.03,7312151.13,7911751.69,8356624.53,8650356.07,8902506.65,8710449.57,8736428.3,8877139.27,8878563.51,8750497.81,8663158.53,9378901.05,9498492.85,9235272.62,8684762.72,7845130.13,7049500.13,2017-09-18
992,6558887.77,6373205.78,6217880.46,6171647.75,6419015.08,6959346.67,7123704.53,7503638.49,8020371.0,8380172.89,8709669.52,8937707.12,8733913.07,8888946.6,9156246.81,9144015.72,8966142.28,8796849.49,9610161.66,9672049.5,9408225.13,8894944.5,8064914.52,7379030.81,2017-09-19
993,6901302.75,6619915.45,6481878.83,6400750.62,6674358.44,7274035.75,7377597.34,7740407.07,8229232.57,8532218.44,8837648.08,9028558.61,8817752.7,8927059.16,9091239.39,9076091.11,8958165.0,8871430.69,9603548.34,9698829.42,9419440.3,8805255.02,7954954.81,7268919.18,2017-09-20
994,6849009.67,6578926.6,6414868.77,6372399.93,6600124.07,7184109.56,7288631.67,7698801.42,8274238.48,8550688.76,8884815.3,9154592.12,8932660.86,9025816.03,9140584.87,9142706.94,8942685.52,8853832.35,9671992.45,9700969.96,9418875.78,8859197.07,7954005.93,7284201.59,2017-09-21
995,6811285.91,6605831.0,6447136.64,6410326.57,6607199.15,7160648.82,7326188.3,7815151.46,8302031.0,8640821.63,8982174.64,9113273.97,8893903.49,8958510.97,9168323.87,9147206.72,8940869.08,8771471.85,9497621.46,9487276.18,9116440.14,8630429.08,7942333.05,7303884.22,2017-09-22
996,6819933.14,6629195.81,6470079.96,6350637.91,6415228.64,6559063.4,6710370.99,7280662.06,7802081.08,8070997.81,8383450.36,8574745.89,8470577.84,8277739.05,8001478.49,7908684.8,7809961.26,7978620.12,8890919.24,8924096.7,8619043.51,8031426.11,7409622.26,6913443.83,2017-09-23
997,6501800.17,6217574.26,6075856.5,5977083.11,5953127.0,5921596.82,5756325.03,6114320.55,6529594.94,6789387.12,7041185.23,7243055.09,7311788.48,7269726.95,7078553.49,7001638.92,6906592.49,7157350.79,8261578.71,8409313.56,8274205.0,7848327.42,7278536.04,6724333.58,2017-09-24
998,6338940.64,6133950.17,6017425.24,5969954.6,6236861.46,6838178.43,6994396.09,7457793.71,7992050.05,8339564.96,8725286.92,8965128.62,8767875.97,8802726.69,8926582.47,8875650.35,8706332.35,8642916.27,9427510.33,9453564.36,9153986.68,8536212.63,7737481.7,7008579.55,2017-09-25
999,6576202.96,6339353.65,6219384.87,6168664.21,6423575.44,7056021.79,7214294.29,7628368.94,8066289.57,8265821.35,8589844.98,8820208.14,8631636.57,8746318.42,9014951.22,8982949.94,8823867.45,8688321.56,9491963.26,9568745.56,9251863.76,8678499.38,7801992.05,7074929.28,2017-09-26
1000,6687501.09,6465337.53,6321977.95,6296005.48,6518286.06,7085050.59,7223310.98,7666826.68,8180919.5,8518074.15,8836589.52,9013748.15,8866017.28,8983770.26,9257678.7,9179797.45,9032232.98,8810913.89,9600706.56,9687259.26,9387023.85,8726369.65,7944957.71,7247381.54,2017-09-27
1001,6803585.79,6564307.7,6408839.78,6360448.57,6585690.34,7160672.69,7299848.6,7678841.88,8191744.2,8466020.38,8746503.68,8927875.24,8746644.39,8731630.93,8888691.82,8891506.59,8777910.48,8738967.3,9487950.28,9479723.32,9087864.03,8556469.69,7758555.05,7142915.81,2017-09-28
1002,6635552.72,6408030.99,6266002.17,6244946.36,6521284.87,7002780.18,7157409.89,7546644.74,8007098.06,8312956.91,8625668.92,8854315.75,8637484.4,8644753.0,8854196.18,8863512.91,8766474.57,8739939.28,9345845.67,9295537.1,8989446.5,8425447.33,7729629.4,7115009.25,2017-09-29
1003,6690284.02,6449716.88,6282625.0,6166669.37,6279341.97,6417562.37,6528905.83,7094556.16,7585000.3,7875793.01,8145835.61,8262007.24,8139908.91,7932704.28,7756720.15,7634278.69,7587292.08,7779831.39,8724415.51,8742713.12,8445148.54,7918700.43,7280763.91,6681079.88,2017-09-30
1004,6291540.37,6109112.35,5920797.46,5800445.99,5762099.83,5702640.14,5604046.92,5962961.9,6321185.02,6626675.06,6855824.57,7049535.33,7123870.58,7050316.25,6917111.88,6823794.19,6740925.16,6988336.59,8047860.1,8220843.52,8025125.64,7572723.26,7005483.33,6483741.99,2017-10-01
1005,6135965.66,5971116.12,5852328.52,5805837.16,6047600.23,6653990.89,6857960.89,7232878.72,7745845.42,8108271.33,8466829.64,8725781.31,8567908.34,8634791.24,8770577.59,8777279.34,8627014.91,8676311.33,9348570.85,9301841.75,9013564.6,8443458.63,7616174.71,6930740.35,2017-10-02
1006,6474276.87,6240695.75,6096963.43,6095695.42,6352919.17,6949448.62,7120617.18,7519850.73,8009015.03,8313670.7,8639890.94,8815250.45,8587991.87,8644725.54,8820341.53,8740276.33,8665140.68,8708036.75,9407950.42,9393987.11,9099424.6,8529986.29,7669962.79,7028370.11,2017-10-03
1007,6557676.34,6346653.71,6212404.0,6181133.11,6423746.82,7022202.65,7156479.91,7483467.65,7903852.21,8161259.14,8464792.34,8660940.3,8449343.57,8465567.74,8582413.09,8551074.32,8404757.12,8444618.83,9196816.93,9203188.17,8943808.17,8353153.86,7544088.15,6851605.14,2017-10-04
1008,6407049.77,6179825.06,6076577.19,6045765.67,6292048.4,6900992.01,7117301.4,7482936.75,7895232.87,8159902.28,8445901.05,8600010.06,8458163.19,8484876.16,8645157.52,8616924.57,8515070.78,8497428.97,9252382.14,9197095.05,8822994.88,8254044.6,7470273.94,6811939.8,2017-10-05
1009,6394798.29,6151705.89,5993513.59,5945236.05,6177622.61,6764251.75,6976747.55,7424760.03,7896483.09,8103082.81,8441643.03,8691097.81,8491133.29,8486480.62,8652851.67,8639654.97,8497591.47,8413077.11,9217453.34,9173188.21,8920756.1,8352907.73,7605359.61,6967063.28,2017-10-06
1010,6512781.21,6300771.14,6116091.49,6053838.3,6153668.89,6269903.53,6454302.08,7009299.76,7626619.04,8018468.26,8313399.08,8472829.39,8404461.22,8228594.69,8069361.0,7977455.5,7881856.94,7961349.4,8916841.24,8939104.59,8703044.84,8115453.88,7552042.26,7020002.96,2017-10-07
1011,6576038.98,6331984.44,6120486.48,5997165.0,5955156.74,5876209.33,5768011.23,6088358.15,6486697.46,6837777.95,7089414.46,7294654.47,7368709.94,7286194.65,7177448.16,7086465.25,6993068.1,7205673.65,8194600.01,8355104.71,8225140.17,7849694.29,7296982.3,6801465.09,2017-10-08
1012,6456564.5,6208445.89,6090049.63,6025737.38,6242405.86,6648298.24,6923005.82,7438964.51,8035460.29,8394924.11,8730984.27,8965327.52,8761256.25,8759728.17,8901084.0,8893731.18,8726283.5,8724373.07,9404370.49,9363358.2,9066792.0,8457272.72,7605275.64,6955307.11,2017-10-09
1013,6533407.01,6288182.95,6147545.41,6113168.92,6333583.29,6743642.7,6983054.19,7517734.01,8074464.14,8403863.36,8783043.75,9041353.68,8854851.57,8939352.96,9134538.38,9108674.3,8949081.71,8830722.19,9572394.38,9538894.67,9169141.48,8676525.13,7912625.31,7217624.99,2017-10-10
1014,6738080.41,6501269.33,6309429.36,6283606.72,6473229.75,6897694.7,7107838.32,7629713.05,8111980.37,8404812.37,8702146.72,8916147.94,8697283.66,8678824.93,8785785.87,8797107.25,8703419.11,8679824.68,9407993.96,9400183.28,9096718.55,8527135.67,7769732.84,7086570.54,2017-10-11
1015,6604032.48,6423274.37,6236374.18,6145963.25,6380194.98,6782734.79,7090958.29,7655633.99,8258576.57,8618742.89,8937498.35,9162752.63,8950611.62,8967590.85,9147774.75,9117766.26,8933474.84,8882890.45,9659204.01,9596298.69,9312279.39,8783731.67,8050955.9,7373048.64,2017-10-12
1016,6869790.36,6611070.44,6452060.2,6394634.38,6599351.42,6973383.91,7169359.71,7730132.86,8281607.34,8646416.02,8958589.47,9175810.26,9004044.68,8993326.06,9133130.89,9087543.1,8919201.27,8872314.02,9622524.98,9536482.08,9211695.4,8680171.57,8033829.34,7390362.73,2017-10-13
1017,6914111.18,6621092.55,6422626.04,6334494.59,6387948.61,6478891.17,6625599.39,7152336.09,7762809.7,8171282.59,8478911.69,8617682.67,8519651.5,8341674.29,8133166.77,7986478.95,7831686.75,8013256.33,8957036.12,8974636.15,8677559.27,8170870.0,7587614.01,7077269.01,2017-10-14
1018,6652190.99,6307576.03,6133198.2,6028853.57,5991539.97,5917124.88,5758657.08,6082904.16,6457938.18,6760328.92,7010499.1,7171393.75,7192299.26,7096842.87,6993078.71,6876112.74,6812798.38,7042753.69,8133197.38,8232969.09,8065398.3,7709152.29,7263805.2,6810407.86,2017-10-15
1019,6479578.43,6258153.45,6048618.03,5946745.9,5947645.96,5937214.4,5885004.52,6273963.89,6709972.59,7109837.32,7418769.47,7693337.09,7774169.29,7684053.03,7524546.67,7368294.4,7245397.38,7545097.32,8607979.84,8814713.51,8639823.56,8167525.24,7557353.15,7021403.21,2017-10-16
1020,6648525.43,6399832.52,6276337.93,6244366.99,6496682.63,7022299.97,7182886.55,7660390.34,8297607.25,8650950.03,8994287.64,9266115.83,9067073.31,9193739.38,9355103.75,9366476.27,9183860.87,9152283.14,9885584.47,9827496.62,9541313.25,9022955.96,8147842.45,7412493.65,2017-10-17
1021,6965428.54,6727782.15,6572062.04,6519335.19,6780631.34,7315378.8,7466447.18,7892043.55,8397040.85,8718255.37,9082830.49,9328956.78,9109029.54,9196899.2,9375705.82,9337845.77,9148314.44,9148143.31,9808394.02,9788515.17,9462562.15,8936165.55,8127879.68,7425694.39,2017-10-18
1022,6907335.18,6635358.03,6465802.94,6449651.03,6699630.12,7266764.98,7413380.09,7821261.49,8312240.54,8593747.12,8891887.68,9133434.22,8954139.64,9013091.75,9198197.74,9165043.43,9077338.5,9088355.05,9891835.71,9816231.53,9558956.62,9006510.1,8206563.36,7444774.25,2017-10-19
1023,6990248.69,6751696.0,6610410.74,6556171.79,6741857.57,7226506.99,7411087.69,7859827.27,8391917.69,8742642.41,9052524.7,9266270.49,9053464.73,9072751.05,9287809.27,9263157.02,9065367.51,9091259.32,9767537.71,9672659.98,9350745.57,8835883.91,8137432.76,7566638.42,2017-10-20
1024,7093860.83,6800194.15,6657362.54,6561064.01,6612434.76,6727993.15,6874845.69,7423058.03,8015809.6,8428496.54,8711358.15,8868405.71,8722638.83,8479446.02,8278123.31,8177826.44,8049671.83,8329013.76,9103709.11,9087236.97,8839963.69,8340561.59,7703212.03,7159988.98,2017-10-21
1025,6698691.46,6429665.12,6221362.13,6037059.29,5990197.79,5929149.33,5850380.42,6124934.36,6481230.53,6825484.59,7060718.0,7248601.13,7310307.25,7265167.78,7122570.29,7016237.35,6952443.99,7302810.64,8298981.93,8403759.85,8210793.76,7799950.81,7286739.15,6707354.41,2017-10-22
1026,6355422.88,6146230.3,5986893.64,5939182.17,6197981.02,6778155.02,7003036.01,7391502.72,7955576.23,8263506.07,8560854.95,8767652.06,8586807.81,8652121.28,8808889.71,8775191.55,8634390.59,8777444.82,9405377.52,9382509.84,9110585.69,8553683.23,7707222.35,7051558.8,2017-10-23
1027,6581838.98,6379308.53,6245223.18,6217696.48,6481255.98,7036847.91,7189036.23,7589654.93,8023684.62,8265658.13,8572652.88,8751531.07,8553369.54,8514846.13,8679056.72,8666495.55,8568346.94,8725854.22,9379682.35,9272527.4,8930947.93,8314471.77,7463360.88,6809666.25,2017-10-24
1028,6384065.16,6132915.38,6027279.08,6023284.23,6278660.44,6894776.47,7050607.55,7380016.58,7830535.27,8147718.95,8403381.88,8687568.88,8453085.46,8522736.2,8744895.61,8760855.68,8613373.74,8734941.02,9483488.14,9404590.37,9093684.67,8521975.77,7724057.85,7020569.97,2017-10-25
1029,6583802.89,6360263.52,6229628.71,6198534.1,6429216.95,6997744.64,7151920.8,7529228.64,7952681.57,8224947.09,8504139.07,8761161.62,8583236.1,8607481.33,8754295.28,8725326.05,8587598.07,8619441.37,9443489.38,9375877.81,9010551.07,8450431.54,7632991.86,6974798.17,2017-10-26
1030,6519786.46,6225320.42,6123575.6,6064199.23,6317350.89,6879630.91,7074239.32,7456041.04,7982672.19,8283149.26,8624055.94,8850707.97,8628174.06,8647576.08,8839612.32,8758113.36,8617252.06,8708751.4,9322063.11,9257919.67,8923987.46,8368553.63,7643772.52,7067183.34,2017-10-27
1031,6628872.87,6340627.99,6194187.48,6092627.7,6185814.7,6317992.63,6501105.88,7039943.27,7615961.33,7921532.93,8159118.22,8340628.38,8237039.25,8022756.91,7865797.0,7707731.19,7613025.32,7922583.46,8729275.85,8643435.94,8314949.26,7829914.85,7091668.71,6500501.84,2017-10-28
1032,6157042.63,5920865.12,5734823.55,5645364.26,5624073.93,5603779.56,5485334.07,5769078.39,6348856.25,6445472.59,6669030.92,6850952.38,6920960.13,6869583.11,6696799.27,6600866.43,6577799.96,6931864.7,7950128.89,8065406.13,7870271.72,7609823.01,6847488.44,6287461.76,2017-10-29
1033,5975648.55,5757037.87,5697187.18,5681846.51,5931040.15,6547525.32,6712791.07,7144976.58,7601239.86,7954498.71,8270255.17,8472975.76,8259290.8,8317252.0,8482729.08,8491934.53,8415110.2,8578567.12,9253641.91,9290719.82,9131873.22,8362142.19,7552147.64,7683712.3,2017-10-30
1034,6363354.94,6166003.51,6025887.18,5958865.78,6238223.92,6819683.17,7033838.21,7434313.56,7926979.31,8200555.64,8529585.91,8671677.55,8483114.47,8519242.39,8672370.92,8678894.58,8507086.91,8691642.53,9080789.31,8817037.64,8608445.13,8307565.76,7348430.34,6964234.31,2017-10-31
1035,6496178.23,6260525.65,6122276.63,6102637.91,6352328.16,6824468.16,6969242.04,7174913.58,7857406.49,8134540.19,8485227.9,8713523.78,8506231.6,8586686.59,8865482.8,8846735.98,8723402.67,8755647.69,9513347.92,9478034.07,9165389.38,8494501.56,7655080.01,7061306.01,2017-11-01
1036,6575254.3,6338162.86,6199805.44,6153800.74,6416002.82,6774536.51,6962409.44,7373767.36,7944284.49,8196270.82,8526972.4,8765842.84,8599646.3,8655203.9,8817168.83,8818192.55,8629107.79,8766516.27,9617664.47,9562954.98,9288811.21,8566339.53,7674130.32,6950025.98,2017-11-02
1037,6533321.36,6273313.95,6113392.1,6086822.8,6315315.74,6827238.76,6994940.42,7405060.6,7911291.87,8257795.96,8566512.87,8816002.88,8628066.5,8643661.03,8803168.94,8752195.88,8597298.54,8677612.23,9512813.4,9396150.55,9006400.42,8209986.07,7596883.39,6998089.54,2017-11-03
1038,6786201.58,6494365.02,6144855.36,6178314.95,6292509.9,6492141.91,6637106.17,7082298.42,7580041.96,7980165.65,8266633.94,8429090.29,8362035.5,8201885.96,8055180.13,7952488.23,7845297.83,8122608.26,9001226.92,8958680.85,8645303.94,8043740.64,7340333.79,6865992.35,2017-11-04
1039,6473733.92,6198172.96,5977250.61,5860041.33,5848536.55,5741836.01,5651318.4,6000749.38,6298055.71,6620584.86,6882882.78,7044448.27,7104464.15,7023140.31,6860207.78,6698590.0,6671532.16,6951729.51,8026636.55,8040313.32,7876269.86,7433582.92,6811415.99,6303523.42,2017-11-05
1040,5993167.97,5789759.2,5684001.56,5609556.28,5648426.55,5720078.1,5609854.57,5953193.71,6419719.03,6849911.89,7199225.43,7461029.99,7508465.22,7395143.43,7209710.5,7071841.24,7014414.8,7359782.94,8440278.86,8562510.57,8320749.29,7865708.38,7242583.23,6635513.84,2017-11-06
1041,6330662.64,6108557.01,5982452.48,5957902.6,6228299.56,6824439.08,6999344.42,7444529.36,7972210.73,8307972.58,8664825.09,8937830.75,8749456.41,8788496.77,8852144.63,8813497.96,8634973.86,8899108.31,9509625.38,9434441.1,9159498.51,8578621.8,7740356.81,7061095.94,2017-11-07
1042,6585756.62,6383798.38,6211636.52,6176299.93,6430825.45,7051417.92,7197218.45,7608585.57,8058387.41,8293051.74,8604032.99,8879047.51,8686384.05,8722647.18,8913597.2,8903228.16,8710707.33,8884173.63,9593598.0,9535449.83,9156653.85,8515501.91,7700404.61,7036407.75,2017-11-08
1043,6586407.19,6352449.12,6217895.43,6215417.27,6424402.38,7049977.57,7254975.41,7622643.51,8078713.98,8345010.83,8683469.03,8874305.3,8644910.25,8623497.76,8834086.4,8863900.7,8749941.54,8833235.18,9551676.89,9476324.13,9142779.54,8552118.46,7745277.16,7077413.61,2017-11-09
1044,6549672.72,6348389.47,6242559.29,6234923.48,6474114.59,7077958.78,7289882.32,7750499.07,8162845.63,8399494.67,8724030.66,8928063.48,8703155.52,8719080.23,8868798.21,8883680.86,8733266.46,8760276.4,9524289.49,9393286.22,9043947.25,8471488.1,7771948.3,7154723.56,2017-11-10
1045,6652745.82,6371818.11,6261590.55,6204625.26,6281041.99,6486057.82,6632337.53,7179226.19,7710930.27,8077298.38,8366126.45,8472035.6,8426142.75,8225960.47,7986588.79,7940752.29,7833342.47,8093480.63,8927077.64,8882801.95,8638310.73,8135821.52,7518119.17,7009422.88,2017-11-11
1046,6543159.03,6269154.81,6053670.24,5914019.98,5895707.02,5790489.26,5680465.06,6027718.02,6424017.51,6741758.53,6836877.15,7043234.14,7100129.47,7007592.1,6864405.51,6808599.74,6662506.03,7011654.93,8171442.46,8219924.26,8042088.62,7445633.24,7097195.58,6704364.78,2017-11-12
1047,6368227.68,6114525.06,5957543.39,5872724.57,5885480.84,5937307.25,5873914.07,6217179.72,6615625.08,6955395.65,7262592.67,7505393.14,7567016.46,7527963.48,7393246.26,7253723.25,7176537.08,7608348.5,8593597.84,8663467.89,8452580.97,7971660.31,7387831.08,6820034.85,2017-11-13
1048,6452888.69,6248885.33,6129276.23,6115078.8,6345644.37,6981652.53,7185068.98,7615871.83,8071101.66,8312850.8,8627533.05,8780660.84,8568962.5,8510992.14,8600211.07,8599635.59,8573743.91,8731727.59,9331519.64,9247592.66,8927916.86,8275797.61,7460008.96,6873853.18,2017-11-14
1049,6429079.59,6151989.8,6039098.67,6043465.33,6302144.61,6944650.83,7082701.87,7455397.76,7881820.54,8139037.1,8430207.88,8741530.91,8522419.01,8468021.51,8604672.54,8680873.4,8574288.0,8716056.88,9373823.95,9332271.14,9025300.83,8468989.03,7739593.28,7023984.13,2017-11-15
1050,6530842.75,6281347.57,6163762.76,6135718.01,6375439.46,6980727.37,7157378.54,7539138.71,7995969.29,8240713.57,8542301.37,8779177.45,8602226.04,8608140.38,8814136.31,8805030.19,8718914.31,8829658.95,9552909.6,9446450.81,9113969.48,8569015.56,7803745.07,7141963.96,2017-11-16
1051,6709107.86,6439822.83,6279309.65,6243043.2,6474760.21,7038047.35,7246661.38,7648426.26,8116633.81,8413197.44,8750332.86,8884833.92,8672577.71,8605520.89,8746133.09,8735699.33,8576790.14,8710318.55,9431397.92,9312123.42,8903744.87,8367557.85,7611747.94,6936914.1,2017-11-17
1052,6467099.15,6216336.16,6050162.18,5988195.23,6115238.97,6319381.2,6482333.57,7062712.26,7629351.21,7949524.67,8229309.81,8422393.61,8306857.33,8122408.24,7932844.61,7833832.07,7827445.28,8051160.78,8892926.78,8838572.84,8503938.58,7963041.23,7302693.87,6756703.23,2017-11-18
1053,6306693.95,6030568.61,5819175.21,5706101.36,5724525.83,5708150.07,5633236.34,5976547.91,6413561.13,6700550.51,6903827.18,7106416.47,7245617.72,7157987.4,7003153.56,6891356.26,6834773.61,7199351.64,8157972.44,8252609.17,8017569.77,7655784.78,7080103.38,6530616.79,2017-11-19
1054,6130711.93,5921293.05,5827026.49,5822169.37,6103945.54,6652364.85,6924395.67,7367613.82,7905577.93,8254666.27,8620780.81,8892367.23,8662983.79,8639054.88,8771805.6,8762941.62,8683442.71,8837816.42,9488427.12,9404272.28,9100223.31,8566091.09,7742639.81,7078887.31,2017-11-20
1055,6598899.63,6335834.26,6197241.98,6172491.4,6393469.07,6954424.94,7152188.93,7602315.87,8087337.09,8384060.19,8725084.6,8923884.94,8747991.55,8786077.79,8981839.5,8976172.63,8803614.79,8866311.67,9611157.32,9540134.75,9207126.69,8574708.43,7796174.01,7102866.58,2017-11-21
1056,6625803.78,6408910.26,6269383.2,6232251.52,6466022.8,6985225.48,7212716.18,7662828.32,8160333.63,8444388.48,8733977.99,8989971.3,8773005.6,8765483.25,8922985.33,8952567.69,8834029.59,8847179.38,9663283.85,9613869.32,9254346.17,8668242.56,7863522.98,7193347.35,2017-11-22
1057,6707362.88,6475862.59,6337221.44,6299576.18,6516797.23,7018181.83,7246632.55,7698259.99,8205418.13,8468125.63,8813844.65,9042578.76,8853739.3,8847422.9,8983825.29,9041924.13,8893833.4,8995286.68,9694449.32,9614122.77,9282419.34,8689511.79,7884813.73,7148737.45,2017-11-23
1058,6708385.85,6473222.42,6321444.65,6287433.12,6515179.0,6945111.52,7150804.32,7676735.42,8159339.98,8475007.18,8802590.17,9037709.37,8816982.54,8798769.38,8890165.62,8897271.24,8754602.83,8826017.86,9574934.04,9378342.59,9054656.49,8548265.55,7841119.83,7282245.55,2017-11-24
1059,6757457.41,6500204.44,6323005.88,6245582.58,6343070.94,6527801.18,6641877.36,7146854.14,7724072.7,8088606.25,8404595.44,8584221.36,8483180.0,8260162.1,8133735.08,8001006.38,7891670.3,8064076.05,9031540.51,8981834.36,8714355.92,8202578.97,7582218.13,6999587.86,2017-11-25
1060,6587194.25,6288249.49,6114572.87,6007854.42,5989081.51,5813243.01,5725879.7,6073644.23,6497798.34,6762224.1,7054044.64,7214733.45,7306756.93,7244910.16,7111344.13,7054256.83,6923532.22,7221900.59,8295554.61,8453862.88,8310859.69,7987461.18,7522114.68,6935244.45,2017-11-26
1061,6526481.05,6225860.72,6161079.9,6154703.01,6353859.62,6836925.62,7115879.2,7731653.44,8279976.34,8604832.61,8922858.39,9181904.4,9001421.71,9011143.41,9085355.25,9044904.63,8905075.95,8979186.9,9638433.9,9598915.08,9336672.76,8820307.64,8036768.45,7327209.12,2017-11-27
1062,6839966.87,6573083.77,6437790.8,6358455.46,6578101.07,7002776.88,7248881.18,7753438.75,8289439.93,8591188.98,8872125.5,9090901.93,8876923.11,8941643.69,9165922.02,9172297.41,9007955.54,9016095.64,9787060.94,9740056.41,9410554.33,8867687.28,8105995.88,7377738.78,2017-11-28
1063,6904490.09,6619359.95,6463318.05,6430431.75,6629747.13,6972360.52,7252560.62,7799496.7,8357820.55,8636183.98,8929423.09,9192045.22,9072526.68,9088692.41,9225195.95,9186143.1,9052534.04,9121845.41,9801235.2,9698157.08,9386599.96,8840531.72,8046973.82,7408601.69,2017-11-29
1064,6888419.37,6606030.17,6437017.0,6370230.89,6559421.56,6959140.16,7243830.67,7811980.18,8342840.91,8620564.69,8956505.12,9206405.02,9050692.95,9043523.69,9223884.88,9218679.49,9061346.37,9111537.61,9731785.68,9720965.05,9411806.79,8856978.66,8112131.66,7397878.17,2017-11-30
1065,6859222.15,6620347.35,6464590.58,6391179.91,6569119.27,6892817.21,7171559.04,7725465.12,8279412.07,8570534.28,8731472.67,8991815.56,8817862.1,8753372.18,8941012.42,8903065.31,8782883.76,8849642.75,9458851.11,9342639.32,9048579.82,8498927.26,7844634.05,7284546.54,2017-12-01
1066,6805297.1,6628033.66,6390142.26,6296444.16,6390874.29,6526864.51,6701653.22,7223329.68,7762951.3,8091451.06,8359004.66,8579143.56,8445689.4,8281866.28,8135773.61,8015307.58,7922897.6,8119281.79,9022313.62,9001275.8,8741499.42,8238629.48,7627007.31,7038455.26,2017-12-02
1067,6551921.18,6235015.3,6086855.06,5995243.68,5956551.43,5922285.08,5770686.23,6112567.52,6490457.01,6834438.41,7116455.65,7283497.46,7353025.06,7315115.49,7217821.7,7163308.27,7044342.01,7277469.0,8398564.82,8489211.83,8315514.64,7994405.66,7464824.36,6899568.66,2017-12-03
1068,6478342.29,6258016.41,6111688.83,6065668.68,6267683.23,6708685.38,6971030.68,7521462.2,8156319.26,8442307.44,8694469.74,8920980.45,8786708.91,8819008.09,8964795.58,8953535.65,8877160.39,8922546.71,9639168.2,9622069.04,9335146.95,8785241.04,8035607.08,7319886.71,2017-12-04
1069,6825642.96,6558365.57,6416475.68,6366739.58,6562382.25,6938480.5,7180689.14,7714570.53,8218490.43,8545543.9,8856155.31,9077520.72,8963845.6,8969961.05,9165736.66,9178198.88,8998354.59,8933034.37,9709668.83,9666206.41,9424032.82,8880634.3,8114052.35,7380792.94,2017-12-05
1070,6880225.08,6565872.02,6424884.02,6334826.91,6517175.2,6885211.72,7101182.54,7652996.52,8224744.24,8558691.87,8871881.12,9096317.65,9003606.52,9034220.87,9207044.46,9204603.28,9018745.8,8987431.42,9766055.04,9736534.48,9460142.64,8928081.95,8158553.34,7424229.59,2017-12-06
1071,6907214.12,6650155.18,6480155.18,6420620.32,6594377.76,6979916.61,7211678.7,7798170.42,8333136.65,8643989.27,8940799.58,9147907.85,8986980.98,8993032.16,9105678.13,9070164.38,8890933.39,8761243.99,9512153.06,9274488.61,8859959.49,8409781.74,7824184.18,7311172.46,2017-12-07
1072,6895336.32,6597220.67,6423750.89,6285739.11,6300319.26,6320070.34,6145209.41,6482742.65,6896865.32,7238822.0,7515798.43,7755686.79,7768631.38,7665586.92,7510661.76,7373761.88,7277436.09,7530597.29,8467126.85,8542271.83,8312381.22,7932801.96,7410750.08,6918281.55,2017-12-08
1073,6519779.42,6272258.45,6085570.66,5999628.11,6059371.66,6208057.6,6343680.49,6865878.17,7450368.82,7838808.0,8124335.15,8340881.23,8305608.15,8137394.27,8013146.75,7926760.02,7789792.41,7960229.75,8878154.58,8887010.74,8675707.57,8204643.26,7612054.38,7066063.04,2017-12-09
1074,6615424.32,6336863.93,6118537.28,5996657.84,5956968.33,5952988.74,5795376.11,6110475.36,6547662.97,6860588.22,7108695.28,7315638.07,7371218.29,7317438.16,7156782.78,7053495.49,6940832.57,7194198.58,8335471.24,8484491.41,8341257.64,7964680.83,7408677.39,6854767.11,2017-12-10
1075,6433123.54,6213642.41,6063843.75,6039105.96,6215672.32,6568332.38,6830209.2,7436784.63,8021625.92,8368616.27,8695666.06,8908721.76,8783253.63,8769738.81,8883513.08,8859747.05,8737709.16,8759120.45,9550584.31,9542658.37,9260131.01,8706805.08,7900113.44,7221622.26,2017-12-11
1076,6707400.22,6441460.35,6289992.25,6253320.31,6404869.79,6739461.03,6970844.64,7558958.54,8094872.12,8390600.72,8684580.2,8896923.58,8772527.22,8748890.72,8919542.07,8867757.98,8752703.1,8797054.85,9613239.64,9571080.25,9273587.17,8709719.81,7889711.57,7117351.36,2017-12-12
1077,6625794.85,6312928.2,6167948.34,6137843.66,6304354.16,6603854.82,6817120.53,7430370.82,7957162.21,8283421.85,8595592.25,8861154.33,8670824.95,8706671.67,8921363.26,8889471.71,8733369.4,8620212.5,9482764.09,9500652.73,9237628.53,8675178.64,7832137.37,7182027.35,2017-12-13
1078,6630097.07,6441578.56,6275298.07,6244863.75,6390123.03,6671800.58,6901443.92,7498380.15,8074524.4,8373769.56,8729127.09,8927915.18,8879304.46,8856054.19,9017819.58,8999373.15,8861256.62,8627663.95,9489833.94,9569670.79,9334046.3,8762488.09,7969536.76,7291868.76,2017-12-14
1079,6805952.76,6539498.49,6355006.87,6288199.95,6441409.02,6765100.99,6993225.92,7558489.29,8187875.01,8513590.54,8775820.29,9031357.11,8843238.33,8794916.51,8965920.53,8952757.45,8783492.83,8683364.99,9549434.47,9522207.47,9236866.65,8731509.78,8049097.49,7411766.13,2017-12-15
1080,6919627.39,6611491.88,6416970.83,6314171.87,6415363.12,6525570.19,6572868.07,7087857.33,7670478.04,8026874.57,8282071.71,8407811.88,8332307.0,8163847.42,8007470.27,7918704.43,7756065.21,7855857.96,8876251.31,8932335.0,8721620.73,8291960.77,7731657.98,7160844.13,2017-12-16
1081,6732614.63,6408383.24,6188281.37,6083673.35,5981674.38,5955592.36,5763384.99,6064091.67,6464551.95,6827330.47,6989477.32,7204817.19,7298295.87,7261980.73,7142196.75,7015272.53,6875408.32,7013577.23,8219488.02,8382715.6,8308781.91,8014275.86,7511157.68,6967898.96,2017-12-17
1082,6463822.26,6181349.7,6068001.79,6040676.1,6180811.04,6441824.17,6643353.55,7282142.31,8145908.74,8577895.18,8755406.3,8938455.25,9027060.92,8966068.49,8966684.95,8982447.17,8834906.25,8654313.53,9526364.63,9507508.1,9266319.4,8846723.19,8313748.44,7420548.34,2017-12-18
1083,6829551.54,6553525.84,6373180.53,6302516.02,6444651.08,6715163.22,6875248.41,7619633.41,8278033.96,8639650.54,8806617.3,9214464.37,9138966.54,9163905.72,9326168.85,9282435.78,9170327.44,8845042.52,9696630.32,9734511.79,9476514.58,8965690.36,8336985.51,7658436.15,2017-12-19
1084,7004269.29,6610271.78,6449990.95,6479775.92,6510672.4,6918093.68,7016769.32,7548461.85,8324174.41,8696136.73,8843731.53,9027770.55,8889212.43,8916138.53,9056322.6,9020972.65,8826314.11,8633930.13,9490126.21,9490944.85,9208530.91,8804599.84,8088117.92,7454993.72,2017-12-20
1085,6928907.97,6664447.16,6455222.24,6374012.98,6555215.92,6959642.55,7171344.88,7771584.8,8360682.87,8650727.55,8965012.81,9228663.65,9097609.39,9099948.21,9250336.49,9242849.49,9031054.8,8826979.67,9526876.38,9485854.74,9237654.18,8798874.49,8123731.8,7390787.24,2017-12-21
1086,6872336.1,6578551.17,6367955.59,6330835.49,6459736.52,6752582.45,6885673.66,7465359.11,8131821.02,8541592.39,8883113.8,9131261.49,8969991.86,8967898.46,9084904.16,8778471.75,8603397.12,8464951.31,9297663.53,9418030.3,9094172.69,8703991.91,8070724.91,7464607.16,2017-12-22
1087,6933395.5,6618488.24,6428564.79,6345231.53,6394489.96,6506037.38,6476412.58,6994848.09,7525287.96,7847050.34,8110875.85,8220495.64,8142917.35,8000210.34,7858669.28,7734172.31,7584819.67,7613937.39,8677325.92,8799871.98,8585572.67,8291308.24,7789465.08,7243881.61,2017-12-23
1088,6682121.43,6347322.41,6121433.18,5959839.62,5954704.13,5935215.72,5701125.48,5994820.58,6384841.58,6720139.61,6909638.57,7056267.98,7072377.15,7020391.81,6981339.38,6934695.74,6858021.44,7016003.4,8129964.23,8170184.52,7791449.98,7314875.22,6878396.38,6506496.34,2017-12-24
1089,6238477.82,6074630.53,5884805.11,5714424.08,5606775.56,5535309.02,5167368.8,5242601.29,5478538.11,5775470.94,6058232.14,6302755.36,6450835.99,6427052.83,6297924.96,6214615.17,6185297.95,6373013.31,7380311.93,7577158.74,7417928.72,7138729.79,6686787.65,6297575.68,2017-12-25
1090,5945271.18,5758990.93,5625909.01,5601479.01,5713923.7,5980911.07,6194234.39,6753194.98,7550747.23,7840673.86,8186001.14,8468988.85,8431153.57,8435189.63,8502509.81,8445340.2,8292491.07,8270534.72,9052059.59,9105357.01,8805641.86,8334157.42,7528398.02,6913541.9,2017-12-26
1091,6422269.37,6198079.37,6042036.96,5980083.87,6100398.88,6371881.22,6484656.15,7007034.44,7585971.03,7900694.6,8261343.63,8503423.05,8402446.5,8326408.57,8467432.9,8457817.96,8312753.75,8229428.79,9086844.64,9170097.69,8867723.19,8413122.74,7702928.17,7099606.38,2017-12-27
1092,6591773.5,6237485.76,6057189.28,6073867.93,6212453.91,6407092.35,6538684.05,7082071.45,7569135.79,7877456.48,8172132.45,8394454.87,8346801.63,8357750.42,8438174.06,8405286.06,8274261.79,8195798.59,9044866.67,9127606.14,8874582.73,8356875.58,7690057.28,7030387.74,2017-12-28
1093,6593248.45,6312192.35,6113375.59,6070301.29,6136111.34,6379724.61,6441402.56,6910071.22,7455341.38,7800571.03,8118840.21,8349746.64,8257377.31,8209181.66,8189878.89,8110385.98,7917287.4,7938502.36,8817862.73,8909186.7,8615334.58,8148916.92,7529640.41,6969584.44,2017-12-29
1094,6485964.16,6166650.29,5978074.08,5854823.03,5873687.65,5991249.71,5872932.02,6338084.05,6797000.56,7244837.92,7453720.74,7606494.01,7622609.89,7501363.88,7360453.49,7136802.92,6954367.98,7188761.17,8161337.25,8296400.22,8114735.28,7751141.73,7258556.11,6673989.27,2017-12-30
1095,6121977.77,5807574.76,5552709.44,5443853.43,5357914.46,5406090.93,5288464.45,5476770.3,5818398.31,6095198.05,6396276.29,6500863.52,6569512.39,6573462.84,6476722.84,6406146.93,6345954.73,6525575.16,7661480.04,7815734.89,7462549.86,6989025.77,6564667.35,6419449.17,2017-12-31
1096,6049290.93,5809653.18,5631568.83,5453660.41,5337292.87,5209503.38,4934867.82,4943553.61,5016936.55,5152905.45,5399424.92,5564892.75,5675170.8,5664559.17,5538026.04,5474731.49,5458207.69,5726857.76,6802841.04,7022498.01,6879827.08,6488885.51,5973708.63,5617434.89,2018-01-01
1097,5282693.16,5114862.72,5000834.98,4991760.06,5083001.68,5300411.84,5378372.09,6019122.07,6559408.03,6892877.8,7243479.37,7503218.8,7536203.69,7525671.69,7588540.76,7573835.58,7481328.96,7450908.71,8297860.63,8443986.35,8194120.13,7780710.86,7024192.1,6449340.74,2018-01-02
1098,5953556.26,5692627.54,5565957.13,5486022.13,5589983.67,5819558.09,5898361.9,6315721.36,6834430.71,7214710.1,7550801.94,7741632.73,7711098.22,7747676.36,7958713.75,7897086.48,7663711.02,7614808.13,8442832.79,8557612.3,8309604.82,7837082.32,7175442.06,6556204.64,2018-01-03
1099,6132316.34,5894758.53,5726265.12,5670801.5,5778502.88,6019051.1,6078023.9,6561449.17,7123302.55,7375630.84,7741003.53,7957875.9,7962424.99,7960875.46,8061641.08,8042422.51,7858905.2,7743172.92,8589114.69,8719589.15,8446597.06,7985317.33,7166796.18,6677958.2,2018-01-04
1100,6281959.9,6012131.12,5864228.23,5801471.77,5866623.3,6107760.15,6206258.41,6786238.61,7388800.58,7718724.91,8057981.25,8331071.6,8266306.3,8275071.86,8368288.32,8336662.41,8204788.69,8054515.05,8826981.98,8985958.12,8736710.76,8254804.37,7434786.12,6856896.66,2018-01-05
1101,6415177.57,6146907.1,5969006.76,5859878.49,5913551.06,6027283.62,6009229.9,6396973.38,6857493.09,7212522.23,7538871.94,7721168.06,7704275.93,7546372.75,7433410.62,7326364.18,7175642.49,7160722.69,8322062.98,8515896.87,8226444.83,7719794.87,7091779.86,6657701.69,2018-01-06
1102,6269444.46,5968951.84,5779647.03,5617895.24,5592475.87,5558112.41,5334254.17,5581092.28,6062367.55,6380136.59,6663662.06,6881339.0,6912717.2,6882268.13,6759986.42,6677957.03,6574830.38,6645916.47,7657085.84,7922292.75,7763320.76,7454027.66,7024336.37,6486490.46,2018-01-07
1103,5974998.16,5720420.42,5598076.82,5503453.61,5436008.78,5517880.72,5332407.43,5545722.81,5992995.36,6381143.25,6670247.69,6964814.31,7108074.17,7041281.96,6990018.65,6925144.45,6802630.28,6886945.39,7963424.66,8321621.83,8124359.0,7645182.24,7046300.64,6550774.3,2018-01-08
1104,6342913.94,6119171.61,5969812.75,5907098.35,6017327.69,6199630.38,6344053.79,6825429.4,7373640.27,7717195.05,8060350.82,8291263.26,8200091.25,8194438.63,8342567.58,8329278.18,8213898.09,8131280.6,8894369.32,8970081.34,8612085.83,8124284.93,7422923.21,6734217.91,2018-01-09
1105,6200419.2,5978692.44,5817007.21,5763795.08,5927954.25,6299608.41,6488830.63,6964331.02,7528296.49,7830740.07,8088936.74,8400794.52,8273248.35,8288108.63,8464147.9,8445581.4,8323580.19,8114286.69,8910311.61,9149561.7,8869226.88,8378270.5,7596351.15,6967740.81,2018-01-10
1106,6581962.67,6317981.6,6180841.53,6150941.8,6277352.53,6629599.91,6804111.45,7307092.06,7885585.79,8228322.55,8511497.6,8775900.58,8663154.8,8668565.11,8788816.68,8759816.81,8602755.45,8337091.34,9087418.33,9254263.92,8986060.52,8504081.09,7830596.9,7118256.78,2018-01-11
1107,6651550.42,6371254.35,6227420.68,6114640.94,6248434.02,6591656.63,6792139.82,7394075.86,7987334.1,8289031.78,8595022.23,8799154.44,8676727.3,8651675.27,8751880.17,8660188.97,8480228.63,8347205.39,9070866.0,9177122.16,8883817.77,8439981.03,7835472.27,7150510.61,2018-01-12
1108,6656152.96,6424795.38,6247475.41,6163368.7,6249175.78,6387030.18,6442882.97,6878873.14,7439531.51,7818575.64,8130780.22,8321345.1,8246392.8,8074435.37,7926283.69,7792013.95,7666463.33,7688754.71,8592539.76,8720996.0,8462931.33,8049044.26,7410154.93,6937396.75,2018-01-13
1109,6527178.91,6249935.14,6043462.66,5945630.44,5928083.34,5947286.18,5765075.02,6000946.95,6391487.02,6697054.01,6953420.54,7133347.28,7219626.47,7197160.25,7081244.73,6902475.59,6830296.95,6927151.7,7831402.45,8154272.99,8049997.41,7735210.21,7271665.85,6700382.13,2018-01-14
1110,6321330.17,6128405.45,5981325.16,5955754.83,6149537.12,6540580.6,6816742.75,7299743.92,7899510.28,8255691.2,8519168.41,8758935.99,8659212.86,8644132.23,8802477.84,8762366.68,8586694.37,8382786.44,9095134.71,9266095.9,9005766.18,8506421.26,7821458.35,7171978.15,2018-01-15
1111,6344917.29,6344806.96,6260842.97,6200193.73,6364698.27,6599452.87,6825142.48,7232695.19,7771888.81,8126438.33,8396340.79,8714764.63,8452994.65,8457117.27,8692246.89,8608726.21,8479124.62,8200559.41,9064469.66,9324116.57,9025988.36,8503643.53,7613533.16,6902898.69,2018-01-16
1112,6600222.91,6423854.61,6276543.62,6226664.23,6404625.34,6611490.99,6827761.8,7224240.17,7723707.2,7996194.7,8270533.92,8503105.49,8328727.78,8320303.19,8486890.15,8475813.53,8280554.02,8011223.34,8787648.82,8956676.78,8663118.46,8114522.18,7478532.11,6839140.59,2018-01-17
1113,6343264.25,6115517.87,5962594.07,5900483.75,6056987.04,6478098.26,6745995.96,7171247.78,7661324.44,7934137.82,8198413.79,8430817.9,8321000.71,8294951.68,8447580.96,8408060.77,8274763.62,8054594.59,8773260.49,8963766.38,8676111.69,8115852.67,7398447.74,6730321.6,2018-01-18
1114,6309916.45,6107104.89,5968596.82,5941812.95,6092224.73,6532784.4,6790716.5,7216335.24,7997660.21,8356517.27,8682822.21,8920554.14,8734180.44,8719491.74,8862999.32,8691714.89,8404149.64,8134825.82,8835068.26,9023355.3,8743139.99,8263364.14,7645521.67,6977017.81,2018-01-19
1115,6511520.69,6270668.05,6107725.87,6029687.82,6088876.87,6259748.49,6290166.9,6744849.67,7347630.98,7736083.42,8056788.99,8235663.48,8161354.48,7976627.08,7774592.07,7640914.45,7499348.9,7447030.99,8312648.69,8673279.51,8407443.7,7890154.27,7308690.61,6757664.0,2018-01-20
1116,6372677.03,6095251.93,5900132.3,5757262.95,5715254.79,5847669.29,5746672.42,6022947.99,6343899.59,6477417.23,6752643.24,6992917.86,7065571.2,7057251.5,6950102.98,7057938.37,6942897.66,6938088.16,7782779.42,8183287.36,8080369.42,7655015.09,7185050.17,6643482.87,2018-01-21
1117,6224803.53,5968256.0,5813093.44,5796070.22,5983010.09,6477653.48,6679234.05,7112988.57,7688054.52,8044448.75,8422089.99,8682052.88,8494490.44,8532489.96,8708276.07,8669940.64,8490161.42,8233502.66,8914327.91,9183532.14,8932237.56,8419623.0,7670201.57,6967082.57,2018-01-22
1118,6479430.06,6241997.05,6094119.66,6037344.03,6204243.28,6731327.42,6908051.79,7272626.26,7767463.72,8113054.83,8465689.11,8697819.71,8547153.45,8580684.83,8725916.79,8725539.69,8529715.32,8311162.4,9006073.3,9298177.2,9001798.36,8459767.81,7629420.71,6964413.19,2018-01-23
1119,6560106.53,6247931.2,6069753.4,6049298.77,6187542.35,6703702.15,6868851.36,7228608.04,7751176.96,8101747.22,8454959.0,8695760.23,8488712.61,8518014.4,8713251.79,8692218.17,8543399.97,8226165.07,8885710.99,9203039.45,8935056.64,8432475.39,7693352.2,6985244.83,2018-01-24
1120,6686555.48,6476993.63,6302996.87,6236613.07,6502104.85,6846499.87,6925785.05,7300655.47,7856620.89,8110178.06,8522111.27,8746623.38,8618468.46,8673768.76,8875939.53,8862793.88,8687007.23,8373175.33,9307261.99,9382308.55,9324943.22,8521967.94,7762234.55,7211838.15,2018-01-25
1121,6580669.97,6469964.4,6458509.67,6414913.59,6530072.82,6957952.91,6975652.24,7395127.75,7901702.3,8178905.2,8554327.45,8810082.34,8598469.11,8640116.51,8780963.1,8791137.02,8607479.98,8286881.77,8867245.7,9193939.75,8879604.3,8392952.42,7775269.26,7183533.31,2018-01-26
1122,6667442.31,6342075.91,6173169.96,6096171.55,6151702.59,6379219.51,6475502.22,6925394.51,7496598.86,7838864.83,8153546.87,8343508.3,8248313.59,8091187.94,7925682.56,7817138.88,7656556.75,7578939.36,8421396.23,8796312.06,8549355.56,8082520.76,7459358.95,6833485.84,2018-01-27
1123,6408545.39,6131143.62,5894522.56,5781483.33,5741987.98,5732325.9,5527883.99,5791081.38,6178235.64,6508075.99,6745578.85,6965696.34,7067047.48,6991235.63,6868039.67,6811994.17,6692077.92,6680887.33,7616233.57,8141947.73,8044404.49,7722659.44,7140669.21,6576619.56,2018-01-28
1124,6181051.17,5953382.7,5839584.31,5840047.57,6126657.35,6708291.89,6919279.08,7283072.33,7843877.95,8228467.26,8592489.51,8814111.72,8590624.27,8661452.67,8901816.18,8903831.04,8700208.48,8369057.28,9030124.69,9398174.32,9178443.53,8838377.75,8060145.57,7317214.71,2018-01-29
1125,6852862.74,6609243.46,6459578.84,6410440.91,6632484.55,7154321.11,7284638.58,7646428.65,8172926.27,8504963.44,8817915.61,9048475.57,8823133.14,8787032.89,9032677.81,9082506.76,8894134.67,8593936.94,9154540.83,9558253.76,9253594.76,8764123.69,8030705.63,7393810.0,2018-01-30
1126,6894319.18,6610662.55,6447218.34,6402552.38,6640330.85,7228996.65,7379688.9,7717116.22,8250888.89,8583795.08,8904945.6,9118662.37,8957116.1,9002702.73,9192210.45,9181069.76,9008318.34,8658446.08,9307818.26,9651629.58,9434910.04,8954782.34,8186062.71,7396628.16,2018-01-31
1127,6857230.23,6612880.53,6474338.6,6430304.96,6637405.28,7213504.77,7331377.02,7625299.96,8080611.32,8328629.41,8671658.42,8944943.37,8756041.99,8827274.08,9014690.65,9062447.84,8875161.12,8546106.79,9280219.56,9609655.78,9193348.64,8674572.54,7964873.31,7320841.47,2018-02-01
1128,6809796.43,6561833.98,6408630.07,6355495.35,6581823.37,7099875.19,7264266.11,7602500.54,8092717.43,8410445.43,8772606.47,8974825.23,8773399.23,8809054.63,9011915.4,8963728.69,8763212.89,8448942.6,9070207.4,9309867.4,8989728.35,8510922.3,7889621.59,7332346.97,2018-02-02
1129,6863629.25,6601575.05,6426106.92,6369244.8,6446266.49,6651649.34,6734378.03,7198073.07,7769086.59,8096116.97,8379644.0,8536181.54,8393514.19,8246445.64,8104755.76,7979723.66,7829689.39,7785830.56,8636280.28,8946609.26,8707269.05,8209412.38,7608863.32,7044526.53,2018-02-03
1130,6596779.08,6316360.63,6133423.62,5962324.59,5935717.59,5947584.07,5778474.01,6014990.99,6423263.41,6747323.82,7025760.41,7219185.6,7275609.82,7243682.53,7146936.99,7048711.84,6902572.0,6954854.33,7885176.06,8415630.51,8288148.91,7980391.59,7418189.59,6798528.16,2018-02-04
1131,6311010.6,6049212.07,5897529.09,5876989.78,6136403.14,6815524.56,6999214.14,7315294.53,7847481.68,8131614.18,8472822.87,8666670.88,8433680.23,8495017.25,8675840.05,8632708.26,8538421.49,8252641.05,9000479.98,9348581.85,8981118.81,8497811.25,7748319.82,6986470.01,2018-02-05
1132,6545368.38,6369456.01,6262681.31,6210730.32,6401559.9,7103981.28,7231477.07,7517275.12,7882623.83,8135016.42,8495954.41,8718545.22,8525802.81,8613138.71,8839470.22,8834709.14,8659470.53,8365452.35,9072127.39,9451221.61,9100534.96,8590155.65,7803634.11,7104337.03,2018-02-06
1133,6645488.39,6376042.52,6207361.42,6163308.46,6425002.63,7113580.99,7298585.33,7538736.51,7971376.86,8232511.72,8547733.01,8754114.14,8539887.61,8612020.64,8855491.43,8881306.26,8733030.4,8435953.59,9075367.54,9504753.44,9215306.42,8672763.44,7883102.94,7121379.88,2018-02-07
1134,6666501.17,6439959.41,6329824.57,6274002.84,6469996.18,7192890.18,7373957.41,7626835.64,8006605.34,8308863.86,8493978.41,8855973.77,8677307.69,8811833.91,9064659.78,9100975.66,8939215.45,8613285.21,9253956.23,9558659.0,9220448.15,8665149.87,7931034.04,7175981.61,2018-02-08
1135,6786888.65,6525591.95,6384781.44,6361389.48,6590442.46,7244719.79,7334166.82,7685445.35,8151540.31,8445610.77,8796831.56,9037264.79,8842076.7,8911414.44,9136611.22,9114263.29,8930708.45,8576064.57,9090085.43,9558640.07,9211443.74,8697724.59,7996643.66,7293924.28,2018-02-09
1136,6783805.94,6490476.04,6306788.98,6285068.32,6367730.69,6565521.02,6692201.72,7142691.74,7709999.65,8053372.18,8376458.81,8621194.92,8543201.15,8391445.74,8230955.18,8098501.32,7901368.17,7784235.83,8597481.84,9040997.81,8777897.67,8277069.36,7636723.72,6955748.27,2018-02-10
1137,6596713.28,6219766.98,6029924.62,5946344.0,5885351.97,5903109.8,5750068.11,6096509.88,6498032.26,6812320.35,7086156.41,7351545.74,7436167.93,7383541.03,7246904.54,7157539.34,7046144.59,7061379.08,7969104.39,8484581.07,8306389.94,7928244.8,7309362.04,6687027.8,2018-02-11
1138,6242388.35,6087372.1,6011660.45,6017673.5,6249229.31,6974845.42,7048692.42,7392848.3,7917686.72,8185663.69,8504385.26,8719269.15,8573186.43,8648745.1,8832631.41,8790895.79,8669134.87,8413017.21,9006747.92,9367992.11,9095336.5,8547673.94,7778429.1,7052038.27,2018-02-12
1139,6621014.04,6359475.37,6185011.74,6174809.23,6393174.77,7164196.79,7274689.74,7563853.9,8016640.47,8213373.23,8506725.0,8710851.04,8543583.8,8565561.07,8772742.91,8770941.5,8624251.14,8352013.86,9010768.16,9361346.52,9027443.94,8493087.59,7682938.24,6939301.2,2018-02-13
1140,6443922.06,6249974.24,6151161.09,6144635.72,6408537.26,7174736.49,7333716.46,7597980.1,8053725.36,8325495.58,8650762.32,8855768.87,8644529.38,8686701.45,8906614.27,8926675.16,8862233.11,8594818.49,9150605.9,9428860.61,9158733.93,8612185.25,7812023.95,7085522.21,2018-02-14
1141,6637230.1,6403862.96,6242166.91,6203492.53,6476813.26,7156228.85,7285751.46,7581870.25,7999388.06,8251781.31,8580246.24,8793831.3,8604602.55,8643946.27,8851266.09,8942218.29,8818889.88,8534319.07,9156321.55,9435369.04,9170047.29,8652661.35,7892543.71,7156332.75,2018-02-15
1142,6644438.9,6437291.54,6274172.37,6226035.12,6485495.36,7213017.35,7365449.59,7641007.17,8094783.53,8374708.46,8704709.17,8942626.28,8756115.29,8872093.8,9119406.89,9089006.34,8947884.92,8661864.51,9228810.69,9538923.4,9180644.0,8724552.6,8046569.61,7364342.73,2018-02-16
1143,6913370.9,6634632.94,6469022.22,6383233.27,6441247.72,6692236.05,6857070.29,7230271.72,7745422.06,8128972.8,8418179.35,8595332.9,8466931.7,8288531.14,8141850.23,8020227.01,7896494.94,7866054.31,8673569.3,9010399.17,8744166.81,8268670.95,7634755.49,7092906.36,2018-02-17
1144,6626359.08,6351542.7,6158435.5,6025953.31,6012857.77,6020808.82,5845220.83,5995752.66,6373937.34,6690341.25,6973123.53,7155550.29,7245797.93,7207416.15,7098739.77,7003682.51,6934765.8,7011630.85,7963083.82,8468282.2,8358037.54,7985108.35,7359112.9,6778253.33,2018-02-18
1145,6344671.52,6165075.62,6034471.41,6000546.38,6297273.84,7000553.47,7148500.02,7448858.74,7939647.49,8255108.87,8598446.4,8832064.12,8657633.42,8734002.59,8903922.65,8870342.21,8744879.2,8489484.86,9073918.23,9439681.05,9178975.31,8688068.33,7843529.06,7125390.67,2018-02-19
1146,6637728.06,6432785.19,6264387.14,6241435.41,6518101.35,7248703.76,7334675.58,7621186.78,8062450.53,8328970.51,8671596.17,8939543.28,8705798.14,8710309.17,8906628.1,8940405.68,8861996.4,8550346.76,9169417.16,9511095.01,9229835.09,8646833.19,7864895.86,7128772.2,2018-02-20
1147,6693764.49,6468896.96,6328262.15,6294413.86,6522959.09,7147787.07,7317143.61,7654672.15,8123861.05,8405413.24,8734885.66,8962697.67,8774052.21,8814401.05,9012036.68,9044785.8,8843719.0,8511346.14,9135453.14,9568114.87,9270796.59,8720215.65,7911313.11,7153816.59,2018-02-21
1148,6724307.57,6452937.9,6291234.4,6241941.44,6512359.38,7225250.01,7376231.59,7651721.68,8079004.35,8308821.51,8612092.41,8815414.52,8595242.89,8646243.57,8865984.38,8891234.54,8775003.07,8485845.05,9087795.03,9452198.92,9142897.7,8613531.9,7812175.65,7102629.61,2018-02-22
1149,6568389.24,6257471.06,6138890.38,6094950.41,6345119.3,7018964.97,7173076.53,7535305.12,8014131.22,8308697.02,8640804.93,8824288.85,8621457.67,8676732.98,8910924.55,8910673.06,8761163.59,8458703.72,9049265.32,9349623.7,9090601.87,8584655.55,7825540.13,7168317.16,2018-02-23
1150,6705768.29,6409353.89,6259216.24,6182253.39,6286080.67,6470630.2,6570618.84,6942900.54,7484667.19,7874219.71,8207565.21,8358007.65,8273005.48,8092962.88,7950376.21,7856990.52,7667845.09,7604105.49,8443011.38,8790068.68,8587668.08,7974098.28,7359714.47,6821259.12,2018-02-24
1151,6399537.52,6114176.78,5917052.17,5798601.0,5788390.46,5821337.11,5639298.73,5906662.25,6225131.44,6551163.34,6812820.21,7064339.06,7149664.13,7140498.38,7013600.61,6932442.9,6791696.55,6783089.9,7658062.5,8175191.63,8065296.71,7660000.84,7075528.13,6487473.93,2018-02-25
1152,6169116.72,5991381.07,5849049.68,5773774.3,6030059.66,6798958.2,6973881.99,7388159.63,7886466.35,8222808.2,8590323.16,8827274.24,8682306.15,8728215.8,8951004.58,8931147.95,8814708.03,8490414.64,9060454.4,9496033.58,9212146.51,8594860.04,7823723.29,7110877.24,2018-02-26
1153,6598137.46,6359017.49,6213704.27,6194084.56,6481239.82,7217252.45,7319967.65,7571478.66,7971445.78,8342981.43,8658144.2,8921447.49,8732617.71,8743866.08,8993821.63,8983450.52,8799656.94,8493753.18,9082831.26,9473869.13,9119713.42,8489377.76,7729916.25,6938166.47,2018-02-27
1154,6465883.89,6258390.84,6150012.28,6145116.24,6420388.7,7168077.15,7288261.5,7555124.24,7987596.74,8241732.94,8573040.81,8781961.87,8574849.43,8659227.3,8823276.71,8848850.21,8706477.52,8424910.76,9010602.52,9403280.64,9139927.8,8629454.61,7830897.61,7084908.78,2018-02-28
1155,6602965.21,6373693.94,6246910.51,6220821.36,6478230.27,7191858.62,7241870.48,7493146.37,7919476.62,8198734.67,8585546.46,8794366.32,8620145.67,8743218.28,8967653.08,8960126.51,8810856.55,8532958.14,9088445.67,9468297.84,9207731.21,8682794.85,7929066.47,7131375.9,2018-03-01
1156,6672736.68,6430029.3,6288767.4,6246633.79,6521908.66,7203143.95,7345610.64,7651403.85,8047196.92,8336916.27,8685610.42,8875463.03,8678868.85,8730142.41,8905505.8,8906075.67,8735465.81,8510427.04,9085871.93,9396713.25,9120045.49,8604805.2,7905275.76,7267351.18,2018-03-02
1157,6773832.74,6514251.31,6350470.2,6289593.39,6361871.51,6552705.3,6696461.58,7135863.63,7704282.84,8076383.97,8384985.17,8560918.65,8464248.54,8295979.8,8124036.56,8026242.66,7863651.59,7810709.62,8590047.81,8951029.93,8697682.49,8163264.61,7575435.11,7030411.24,2018-03-03
1158,6531995.2,6255254.12,6053418.48,5949245.2,5923666.81,5955397.17,5793609.18,6053764.03,6421991.01,6723691.33,6961770.23,7184283.56,7298329.39,7197089.61,7101774.51,7060096.3,6970106.54,6979825.19,7884571.96,8377977.88,8220216.3,7863705.14,7277691.11,6699136.22,2018-03-04
1159,6279417.78,6056989.07,5911162.33,5915257.89,6177653.34,6947697.62,7110115.86,7398655.56,7889137.76,8179130.81,8565428.63,8746211.4,8538021.81,8572382.95,8712323.04,8777327.88,8657562.2,8471812.82,9029707.55,9342215.62,9060721.91,8473563.07,7664497.61,6935958.0,2018-03-05
1160,6512767.77,6297604.91,6150660.43,6127912.12,6396173.38,7161165.68,7303316.91,7568231.69,7983194.66,8195823.39,8504604.23,8731116.88,8531691.3,8612558.68,8837716.17,8868083.21,8716304.19,8428644.31,9058845.2,9448880.02,9130180.44,8605437.76,7820484.71,7062490.97,2018-03-06
1161,6621960.01,6365204.53,6218415.53,6181809.41,6477710.87,7242561.16,7410150.16,7671028.19,8151078.5,8428848.97,8793010.42,9039391.54,8832647.06,8926604.49,9078082.56,9100206.58,8953929.85,8646484.75,9251285.58,9670356.97,9379461.99,8846324.75,7996168.8,7287338.51,2018-03-07
1162,6820826.39,6574118.32,6429488.28,6376591.31,6634788.88,7353793.15,7488295.0,7797063.58,8266330.66,8536399.28,8763840.89,9031183.78,8797283.07,8904010.91,9081541.54,9077174.04,8955602.83,8704626.54,9159052.39,9484917.46,9267446.2,8771185.89,7994506.97,7305179.92,2018-03-08
1163,6831098.84,6588267.36,6388970.07,6348595.35,6600680.16,7320211.23,7434468.13,7759944.95,8242462.22,8557945.51,8928149.77,9167728.67,8975662.89,9044646.52,9230050.32,9270710.53,9052198.27,8759666.27,9312564.62,9663546.57,9312394.84,8833312.97,8167579.88,7454714.45,2018-03-09
1164,6999714.81,6720050.7,6565305.83,6456205.4,6568632.09,6773036.38,6843531.04,7385242.27,7955965.08,8376473.94,8663910.63,8906987.66,8814084.87,8633146.09,8492019.99,8370137.86,8182189.06,8002740.45,8739019.02,9154356.45,8917629.96,8454487.91,7820841.35,7244717.85,2018-03-10
1165,6654500.1,6334979.17,6150657.58,6017645.66,5979954.61,6023579.18,5861575.59,6086999.14,6446163.18,6759599.19,6975078.3,7142923.43,7198387.3,7160329.35,7065315.83,7007445.98,6998845.45,7042510.65,7929168.6,8502189.42,8417672.51,8046530.21,7479456.45,6869282.51,2018-03-11
1166,6616997.62,6401065.84,6269806.77,6235879.74,6486284.23,7131570.16,7294999.24,7684402.48,8227068.33,8597147.94,8939097.77,9228719.1,9039249.87,9160846.8,9361846.14,9395241.82,9216165.46,8896634.36,9475511.47,9829837.81,9552228.29,9035864.9,8236993.97,7529875.38,2018-03-12
1167,7055148.81,6791946.57,6649054.46,6612738.2,6852386.86,7541443.83,7593504.6,7962006.87,8434431.31,8642862.01,8978522.29,9281965.4,9139309.59,9225640.96,9400800.23,9390828.54,9244768.8,8965584.5,9548868.5,9868022.27,9579926.92,9065125.99,8257569.09,7531073.45,2018-03-13
1168,7039950.89,6798934.04,6620839.85,6597711.22,6877234.5,7538846.03,7602271.51,7968574.09,8416918.65,8685213.93,9043417.94,9278451.12,9076456.99,9197756.33,9461481.99,9506696.49,9320920.47,8949697.4,9522492.39,9887766.66,9702776.34,9159578.13,8319268.71,7551528.68,2018-03-14
1169,7104719.17,6862635.85,6707405.61,6639110.78,6859843.18,7493912.16,7578710.61,7928401.97,8396722.31,8668305.99,8995916.5,9197384.72,9003077.4,9129772.79,9362220.13,9325009.68,9128349.18,8875103.32,9488247.61,9772082.34,9526906.41,9000474.43,8174220.86,7440300.46,2018-03-15
1170,6975324.45,6729111.8,6602739.09,6543498.7,6789801.02,7438036.41,7528267.9,7881102.15,8350474.62,8617227.5,8983664.31,9238978.96,9087499.11,9179550.4,9385568.39,9395057.59,9205021.24,8888182.16,9425098.01,9803010.28,9502603.14,9021549.52,8319582.49,7632757.67,2018-03-16
1171,7189619.42,6901391.16,6699638.2,6623974.37,6683490.65,6845902.35,6937979.6,7471932.09,8056409.25,8432549.11,8723661.55,8914918.44,8797402.58,8651739.84,8516970.15,8348023.34,8158552.72,8013050.24,8845238.68,9153680.14,8944172.48,8493315.66,7887505.99,7359989.57,2018-03-17
1172,6867478.2,6599324.39,6400885.38,6269186.92,6249230.56,6257386.47,6061546.14,6332315.98,6700822.97,6986565.83,7262043.84,7484006.16,7563914.05,7501176.72,7400601.64,7319713.55,7191905.94,7178933.31,8044251.03,8385410.76,8260983.6,7911090.47,7456534.76,6953398.02,2018-03-18
1173,6562719.5,6291271.09,6155041.28,6062994.52,6055531.47,6134652.56,5981885.44,6331152.77,6768901.8,7160208.81,7535871.95,7770206.02,7829689.19,7726980.74,7593606.55,7483871.63,7384378.18,7417280.49,8347577.78,8786398.05,8598839.48,8158843.9,7519934.59,6961116.63,2018-03-19
1174,6535552.62,6361175.8,6235804.24,6209570.99,6484285.63,7199201.23,7280300.44,7610079.95,8104216.43,8367165.36,8746757.07,9012760.73,8864156.79,8948905.39,9150106.12,9136608.39,8978637.98,8693490.48,9388116.89,9704963.39,9399245.08,8825036.21,7989616.4,7237111.14,2018-03-20
1175,6799823.56,6568472.64,6435205.34,6396564.44,6677119.65,7319270.92,7424689.92,7770566.13,8233681.42,8550311.05,8891516.83,9130462.34,8913719.56,8929650.16,9134554.61,9139570.32,9006019.41,8732865.1,9387224.19,9703260.87,9454114.83,8920637.62,8084203.97,7370579.61,2018-03-21
1176,6881202.74,6665679.26,6522606.17,6495483.92,6776805.74,7482912.31,7578813.94,7902093.01,8315241.93,8567366.37,8849317.09,9092372.89,8873262.31,8863533.06,9153253.05,9199885.84,8988909.37,8803311.28,9452582.77,9782325.46,9420930.68,8865131.19,8102062.79,7386712.93,2018-03-22
1177,6952090.25,6727301.41,6572282.89,6515797.18,6772031.5,7385525.6,7501020.99,7848085.64,8322967.4,8593130.71,8954031.22,9215724.97,9067535.71,9131645.73,9287916.11,9251815.83,9071622.84,8780662.22,9345160.07,9462312.34,9255213.92,8707207.59,7967980.25,7393177.0,2018-03-23
1178,6916822.34,6649026.58,6475303.67,6423089.62,6507287.14,6644743.08,6691969.8,7158948.43,7709098.14,8064293.69,8389707.64,8584710.96,8535931.49,8367915.48,8212479.66,8115244.82,7972190.24,7880095.53,8694270.44,9041817.9,8794116.11,8329999.69,7700750.21,7154931.51,2018-03-24
1179,6740144.94,6448249.79,6287512.64,6170275.75,6147239.91,6126503.26,5979320.95,6295528.23,6724779.82,7016958.61,7278040.98,7433357.14,7539402.44,7481291.47,7399453.17,7312850.83,7192496.02,7156587.71,8008493.63,8462839.98,8318451.56,7951800.15,7499862.68,6946525.42,2018-03-25
1180,6576137.89,6354337.33,6210636.73,6145007.9,6333800.02,6637510.24,6847449.79,7463182.85,8116776.22,8470862.19,8821604.5,9115302.06,9021069.13,9004544.18,9173663.29,9137844.08,8931702.5,8643796.73,9195690.97,9525745.43,9235118.05,8735621.51,8019553.89,7329958.4,2018-03-26
1181,6855893.51,6588849.54,6461120.09,6378858.94,6526644.88,6853647.9,7045137.7,7633208.35,8183452.8,8497627.16,8814858.06,9063305.8,8943958.65,8985486.01,9146565.56,9077445.33,8814194.41,8527076.05,9084310.24,9384171.86,9088790.8,8581915.14,7923897.64,7258796.87,2018-03-27
1182,6809055.04,6572448.57,6425211.81,6351872.6,6521177.61,6805713.93,6944331.73,7485089.95,8024234.19,8269772.38,8558726.84,8756134.3,8635232.97,8538756.32,8557617.27,8489092.23,8295931.31,8142083.58,8779526.14,9014990.84,8727063.83,8268528.2,7636109.76,6983568.78,2018-03-28
1183,6577996.52,6292987.68,6132772.72,6055605.88,6038191.85,6012815.62,5768227.43,6021604.61,6361552.19,6644672.7,6885649.4,7125018.49,7206959.16,7130812.47,6992439.03,6863721.97,6739319.31,6754818.17,7605737.89,7936892.53,7753588.13,7440465.52,6976868.3,6517916.22,2018-03-29
1184,6114159.54,5855059.99,5699846.31,5580047.08,5576833.94,5582196.0,5371672.11,5634081.79,5979074.75,6202572.43,6383022.16,6604477.01,6671673.11,6612936.9,6486237.03,6327883.1,6190842.86,6276951.93,7159737.82,7453179.75,7285341.74,7052948.55,6711772.47,6293550.19,2018-03-30
1185,5958242.7,5699460.12,5584531.14,5538482.36,5544734.67,5660948.01,5637671.24,6092542.32,6558221.58,6974605.82,7265612.94,7446693.7,7486619.72,7368681.57,7277109.48,7228462.13,7191768.72,7241637.61,7982076.16,8152193.42,7891400.97,7456805.93,6963005.4,6531577.38,2018-03-31
1186,6139491.06,5874728.77,5727156.78,5645873.32,5582953.28,5620361.24,5409731.09,5678927.31,6034516.03,6344249.78,6617647.03,6770031.55,6833214.59,6811675.06,6715147.45,6657320.28,6597634.69,6716702.63,7710478.52,8137129.15,7984628.46,7567814.45,7045059.29,6532439.12,2018-04-01
1187,6169345.77,5976044.48,5858482.8,5846269.18,6146745.03,6735741.88,6924300.27,7333837.34,7856495.54,8110962.52,8462664.97,8693186.12,8538915.13,8523670.64,8666678.04,8681671.78,8568725.51,8392000.61,8992873.38,9284137.02,8984720.17,8389136.49,7601618.31,6925939.6,2018-04-02
1188,6484745.37,6269643.97,6127921.96,6109814.44,6377121.62,7101797.13,7173256.51,7492493.11,7902407.92,8191276.8,8502416.98,8700609.3,8537719.81,8607569.65,8824681.72,8764804.56,8497538.49,8354190.52,9081632.83,9373323.5,9110190.34,8547398.02,7744141.48,6998764.29,2018-04-03
1189,6561076.07,6319067.39,6201785.83,6182293.48,6457625.81,7136881.67,7240269.1,7587033.43,8013171.19,8295613.04,8640307.14,8812006.42,8657878.17,8712486.69,8893732.38,8876678.57,8779895.16,8555289.64,9225328.1,9447925.21,9171419.99,8543865.64,7783154.76,7043072.66,2018-04-04
1190,6611028.9,6365100.56,6250836.36,6204790.21,6526199.63,7037529.28,7133698.95,7611018.06,8033834.27,8255861.58,8582355.85,8854818.1,8683157.52,8722779.84,8882213.37,8858719.82,8690172.1,8445487.18,9117183.63,9338595.35,9086382.11,8544285.67,7752920.06,7069565.07,2018-04-05
1191,6594152.85,6346345.05,6230590.03,6176930.75,6347822.56,6923521.1,7040415.25,7384135.03,7810250.16,8027537.75,8360278.21,8594226.51,8399414.35,8393469.73,8525608.19,8470510.17,8364715.94,8242931.28,8947058.16,9191793.08,8859964.06,8333754.49,7574081.61,6930627.28,2018-04-06
1192,6366562.67,6207274.16,6051115.47,5920095.36,6027236.32,6243499.97,6359288.12,6989403.38,7515163.61,7870066.58,8117151.29,8262719.34,8225227.28,8073362.55,7986236.62,7874958.52,7770581.97,7607609.74,8351833.1,8581724.75,8342935.21,8026989.81,7448519.62,6919975.3,2018-04-07
1193,6572303.75,6292252.95,6106663.98,5995106.64,5936029.54,5844467.64,5689625.33,6000411.07,6378060.64,6700920.65,7021578.2,7227787.02,7321353.97,7279836.23,7212073.27,7113494.03,7060110.1,7052701.28,7834436.69,8297839.08,8209355.56,7894736.98,7335152.83,6891849.96,2018-04-08
1194,6470894.57,6256698.8,6095525.38,6083996.51,6355145.54,6990218.2,7056369.85,7458789.45,8022973.69,8338154.75,8697883.2,8882807.14,8701415.76,8765257.02,8972463.91,8951000.69,8827937.66,8645717.97,9205888.8,9396372.95,9180762.11,8615545.1,7807931.33,7159204.72,2018-04-09
1195,6714111.37,6485519.7,6337098.87,6291739.67,6546572.3,7110209.07,7174208.51,7555098.15,7998335.95,8192415.31,8559927.4,8793231.09,8578814.19,8612539.57,8759881.68,8743233.97,8584698.7,8398188.69,9229453.97,9409049.78,9157826.1,8539595.7,7730570.61,7044762.55,2018-04-10
1196,6689819.13,6394848.7,6321163.05,6291583.89,6567612.86,7213709.8,7338066.6,7695243.62,8087539.15,8323873.14,8642656.72,8810188.65,8582335.01,8504638.68,8748843.11,8807344.63,8661977.97,8441028.7,8993729.23,9320245.19,9054602.96,8454253.11,7652842.69,7002138.5,2018-04-11
1197,6557432.19,6338784.99,6153579.36,6143496.87,6463715.16,7149284.35,7257409.6,7627621.46,8058851.77,8324569.51,8629781.3,8831278.44,8638950.56,8724316.97,8887676.82,8932434.9,8830763.3,8605913.22,9236834.62,9471394.19,9196038.5,8641741.38,7835045.56,7114072.29,2018-04-12
1198,6674096.91,6433317.98,6284567.09,6277268.92,6518447.35,7146153.48,7288522.35,7691288.73,8146209.65,8406969.88,8777407.62,9012120.07,8805957.14,8869220.82,9040947.77,9002875.04,8854961.94,8618081.22,9267026.88,9407563.39,9066596.3,8604445.47,7892261.12,7201307.98,2018-04-13
1199,6748197.02,6558639.04,6369193.09,6305884.27,6436795.98,6591402.96,6691882.1,7210963.39,7767720.99,8151974.76,8462533.18,8642355.49,8556220.46,8336214.99,8252062.3,8121296.82,7968176.15,7905205.06,8808235.91,8973797.17,8701683.64,8263607.3,7626278.26,7057539.33,2018-04-14
1200,6626152.04,6345179.0,6182504.19,6053453.22,5992213.02,5865713.76,5677243.26,6022009.19,6388146.09,6759079.78,7028014.06,7216408.45,7292363.6,7274841.23,7168154.79,7053219.43,6978543.36,7057992.34,8109740.15,8500316.1,8368075.64,8017918.98,7451604.56,6879856.83,2018-04-15
1201,6459752.86,6261590.84,6147984.8,6116476.42,6384013.88,6996838.67,7193397.84,7635599.63,8183960.86,8506378.05,8842034.73,9065695.8,8869285.1,8890961.55,9113202.73,9083213.28,8865551.62,8656424.63,9321172.97,9575715.03,9283447.65,8671771.95,7881981.22,7191672.8,2018-04-16
1202,6579560.76,6357403.16,6209817.46,6191571.56,6505896.28,7105452.19,7193122.23,7604647.81,8074678.02,8353527.12,8711530.08,8858911.07,8668557.96,8743976.48,8917350.48,8812022.75,8634037.14,8462014.04,9249245.12,9451082.85,9124004.59,8577068.41,7795945.77,7143456.21,2018-04-17
1203,6687288.15,6475548.49,6328110.35,6324177.89,6602463.25,7131282.72,7272957.4,7718255.91,8132204.43,8398741.15,8696619.41,8900695.53,8722779.85,8765343.25,8924422.69,8992083.95,8837801.41,8568200.32,9386657.47,9581460.33,9254272.18,8755411.82,7886511.63,7185761.06,2018-04-18
1204,6768512.27,6538144.19,6382630.19,6299407.18,6612392.07,7205128.49,7333240.4,7690684.19,8142728.93,8470338.26,8859874.24,9037862.86,8834491.22,8870228.3,9061562.66,9097141.78,8913658.5,8721099.47,9360321.13,9589279.57,9284585.93,8732501.48,7910755.03,7204207.4,2018-04-19
1205,6695941.37,6394381.07,6279331.56,6307807.88,6522738.62,7050297.36,7201405.13,7630859.04,8098206.65,8368852.77,8682144.02,8886117.54,8672277.68,8770529.98,8969780.3,8944962.39,8764009.16,8502442.74,9208384.55,9430052.97,9150047.98,8634656.6,7980519.52,7285988.93,2018-04-20
1206,6887926.43,6431906.29,6373963.8,6342931.34,6474093.32,6566862.43,6677089.52,7225932.43,7811966.77,8177835.58,8484310.85,8702603.49,8600775.36,8443636.77,8267215.77,8143974.62,7995495.48,7904136.77,8693517.44,8958369.03,8740405.25,8264826.95,7588904.23,7053574.12,2018-04-21
1207,6668293.29,6361591.75,6168098.22,6083760.08,6032034.03,5980515.6,5851006.65,6157650.99,6536275.74,6801569.46,7063634.54,7282178.15,7340492.18,7277271.24,7169474.66,7076298.2,6986109.15,7136203.98,8083626.34,8485926.72,8323038.7,7954508.29,7383225.4,6788066.62,2018-04-22
1208,6381578.64,6127967.94,5957182.12,5940183.88,6227478.6,6894341.31,7057427.79,7472142.77,8044303.13,8369957.42,8764203.7,9028348.19,8851833.47,8957511.12,9143244.69,9119924.82,8939547.95,8730991.73,9427645.85,9650797.18,9357458.91,8798650.43,7963840.05,7122862.44,2018-04-23
1209,6805930.54,6598011.35,6444487.7,6416529.59,6666787.95,7255919.27,7385330.47,7758544.21,8252584.79,8558412.8,8887014.92,9124429.57,8920709.5,8984592.71,9185979.65,9159465.14,8974741.45,8766034.61,9465885.74,9683360.47,9369712.4,8773287.45,7928176.0,7268857.09,2018-04-24
1210,6785980.93,6558605.21,6442021.03,6407633.77,6685278.88,7299401.41,7458333.48,7824773.86,8244660.72,8382198.67,8844898.12,9093134.68,8891837.93,8974906.91,9149503.83,9206296.86,9025963.55,8777505.49,9471606.84,9731419.04,9472118.82,8904051.64,8061812.76,7340953.08,2018-04-25
1211,6880788.98,6653178.14,6505475.61,6443207.99,6740946.51,7351576.13,7483745.28,7889307.0,8322085.96,8524441.64,8971238.79,9202537.58,9011879.23,9007960.91,9217360.19,9205535.63,9009590.87,8854797.57,9457370.12,9676680.69,9360368.8,8794098.88,7986715.57,7207208.95,2018-04-26
1212,6836224.93,6602547.78,6441437.33,6403075.36,6655458.89,7228775.0,7380966.02,7753734.82,8147754.75,8349598.38,8563187.55,8701136.98,8585848.61,8651918.29,8821652.0,8836643.12,8698003.17,8555065.67,9153603.2,9275946.26,8973779.0,8572199.87,7924657.41,7286178.3,2018-04-27
1213,6802847.85,6583201.73,6429636.1,6354007.91,6485781.02,6633408.36,6831774.99,7367342.34,7934851.04,8262301.2,8558691.41,8714433.52,8609897.09,8372072.68,8170993.96,8091308.15,7930432.39,7878208.43,8732025.86,8944252.71,8683229.73,8180031.12,7557668.41,7053129.02,2018-04-28
1214,6558598.11,6280547.66,6123555.54,6025119.68,6002313.04,5952599.22,5741934.58,6059363.32,6405810.33,6711512.32,6964885.14,7185152.11,7307263.59,7278334.3,7183864.37,7077362.23,6982079.93,7040957.4,8022446.6,8376177.01,8200860.61,7817972.88,7163219.72,6676618.01,2018-04-29
1215,6350759.74,6111573.37,5989480.95,5977299.98,6235462.69,6731537.6,6938846.24,7414286.83,7918942.27,8234296.64,8614011.88,8860875.3,8712687.43,8736234.25,8872346.64,8861712.47,8715150.05,8505201.04,9129125.93,9322648.79,9019600.36,8498808.69,7817975.86,7124631.43,2018-04-30
1216,6583981.56,6317295.36,6173771.37,6072233.77,6117854.61,6091065.33,5944212.83,6260092.04,6681360.01,7029547.43,7271864.92,7536977.15,7607251.02,7685990.2,7546374.52,7431057.59,7297584.45,7180451.47,8221283.48,8617538.21,8475507.28,8070680.81,7492327.42,6903726.89,2018-05-01
1217,6456158.43,6273804.15,6123432.73,6080264.91,6362674.99,6939864.87,7136375.21,7548002.97,7988305.2,8309404.87,8606576.17,8840739.2,8712775.88,8804018.65,9019260.87,9065209.85,8908505.38,8713098.39,9433911.27,9654380.05,9400593.77,8761916.41,7978981.41,7348612.53,2018-05-02
1218,6927079.42,6673634.88,6512810.55,6466187.25,6715733.17,7247203.96,7360082.25,7790667.81,8328359.39,8508638.17,8867942.39,9091111.65,8914291.1,8957185.82,9044856.08,8931798.76,8838938.83,8689924.35,9343852.37,9464945.54,9223372.98,8689368.96,7931702.82,7284906.36,2018-05-03
1219,6782155.57,6490954.76,6389593.61,6344979.36,6615954.2,7194859.99,7274056.5,7691783.11,8098822.26,8354950.84,8674230.39,8706941.99,8443963.39,8515504.17,8716593.24,8711383.67,8557209.22,8495942.51,9240628.59,9432213.3,9115305.18,8632428.8,7950970.34,7329526.42,2018-05-04
1220,6829709.02,6600443.71,6435320.04,6362659.12,6451542.43,6569820.43,6769720.22,7312711.86,7910487.34,8278874.54,8532953.52,8651464.34,8453228.97,8247648.35,8121744.0,8010826.43,7891962.18,7889584.64,8747423.19,8954208.64,8685188.76,8218780.08,7559854.28,6958909.86,2018-05-05
1221,6597623.27,6320675.23,6102484.38,5986667.83,5946758.28,5897891.29,5840157.58,6159269.49,6562164.6,6843001.81,7090205.99,7328490.61,7396467.16,7343722.78,7232401.36,7075811.28,7016129.32,7139611.82,8153512.95,8354295.45,8146275.23,7887745.66,7280915.69,6763425.23,2018-05-06
1222,6369585.11,6176758.31,6079845.09,6075004.36,6340061.79,6974093.25,7128200.12,7564047.62,8090719.38,8259790.24,8494262.88,8709900.21,8453848.21,8538483.23,8745169.99,8716956.2,8636431.04,8486580.95,9236952.98,9495103.12,9161386.77,8548753.47,7783715.52,7157983.83,2018-05-07
1223,6673546.04,6422355.03,6273006.25,6247925.98,6493301.7,7151640.59,7172734.67,7490518.12,7853001.83,8128150.03,8435331.18,8590146.15,8357915.48,8331616.87,8427457.06,8477006.44,8310165.44,8225650.64,9054724.88,9228807.68,8919457.79,8295978.9,7565765.15,6971763.2,2018-05-08
1224,6510100.38,6289558.65,6161033.45,6133530.51,6386581.0,6918840.34,7165623.43,7542798.89,7932474.48,8277601.75,8624732.77,8867065.19,8728481.98,8637310.33,8814093.45,8811260.69,8697627.11,8505130.7,9252115.59,9465478.38,9136634.66,8547688.62,7744784.33,7044077.47,2018-05-09
1225,6540510.95,6314252.49,6217552.69,6214773.65,6405851.28,6910421.76,7178837.04,7672075.42,8140394.62,8270460.87,8534301.84,8732133.62,8630717.6,8761892.87,8948320.29,8934116.32,8881315.16,8729815.11,9245555.89,9441932.31,9307809.37,8640909.18,7974580.82,7196054.48,2018-05-10
1226,6660811.0,6461858.8,6358461.87,6308853.4,6574595.51,7104524.97,7293238.97,7719488.52,8187377.92,8432509.9,8736612.98,8961762.69,8746566.39,8795881.75,8932818.33,8964724.44,8864059.47,8640655.33,9231433.15,9338653.11,9087183.7,8692719.49,8043003.13,7365689.43,2018-05-11
1227,6896285.44,6590520.84,6411241.55,6357725.18,6475202.28,6550249.17,6793736.42,7347103.02,7900454.19,8304545.17,8591665.37,8717164.57,8601828.08,8416798.77,8259992.64,8159559.73,8015100.0,7954871.37,8766813.83,9021226.8,8795149.77,8355681.02,7699331.08,7126292.6,2018-05-12
1228,6706076.59,6396478.89,6205385.23,6056160.73,5996538.79,5895439.12,5735909.21,6037067.74,6411748.57,6723089.74,6932860.04,7124909.53,7116750.25,6992588.94,6805777.14,6692317.02,6603998.9,6766735.84,7638307.32,7909574.67,7761771.12,7460187.73,7047287.4,6596801.37,2018-05-13
1229,6278485.04,6056237.56,5881102.33,5753658.81,5742002.7,5698995.83,5635044.23,5988119.95,6391424.71,6790297.54,7119519.87,7306922.02,7352904.22,7272132.05,7104613.61,6918945.41,6937907.55,7110166.32,7998715.46,8385684.47,8194569.32,7739468.09,7075228.11,6588625.9,2018-05-14
1230,6186168.71,5985067.61,5880377.98,5845307.78,6143266.79,6760503.29,6947642.25,7413317.89,7949648.11,8249009.3,8578556.23,8784058.75,8665624.7,8672899.31,8837037.65,8794689.2,8694591.81,8621964.57,9253777.51,9509430.99,9185564.93,8655816.9,7872698.71,7179946.95,2018-05-15
1231,6686902.76,6453002.77,6306225.72,6267406.39,6502697.32,6868937.07,7152975.01,7684677.56,8249765.93,8496215.41,8846895.72,9109727.46,8981269.5,9008241.72,9101485.87,9036576.71,8856659.81,8690183.0,9252575.39,9559721.76,9326516.9,8853468.89,8069883.37,7310115.94,2018-05-16
1232,6778723.28,6543483.52,6391133.01,6356014.1,6633166.22,7186503.18,7346680.2,7775470.81,8266462.64,8605850.4,8928701.62,9119418.05,8962278.31,9036101.98,9188112.34,9141605.59,9018554.12,8757033.49,9408428.76,9712150.06,9466061.31,8926185.77,8162406.67,7422938.72,2018-05-17
1233,6878224.36,6638879.1,6490580.34,6435984.63,6661106.45,7108495.92,7314899.05,7777527.9,8310322.47,8613557.81,8894278.88,9131298.08,8928849.94,8915386.34,9018453.88,8906745.47,8722816.38,8567411.19,9248754.17,9408628.26,9180523.03,8678837.27,7989843.63,7360138.38,2018-05-18
1234,6927802.89,6637482.7,6468881.29,6408871.81,6503549.56,6621134.73,6786350.41,7304941.47,7792466.95,8110382.9,8408828.01,8553156.6,8431444.6,8297269.06,8133329.68,8018977.76,7885103.85,7961765.43,8746594.08,8969665.83,8674297.74,8177072.44,7564361.53,6990098.56,2018-05-19
1235,6567164.57,6285318.97,6084989.41,5979705.4,5958018.73,5853326.48,5736958.54,6087684.41,6489158.82,6821568.9,7031826.09,7259144.74,7376040.86,7338214.04,7219354.59,7093499.29,7027162.94,7111523.11,8091035.38,8499317.79,8397917.22,8020030.58,7432597.41,6804002.15,2018-05-20
1236,6394788.31,6192474.96,6000337.27,5968221.72,6260600.11,6949695.49,7117529.37,7536206.17,7983177.2,8228648.98,8501379.76,8712587.97,8502667.42,8514390.32,8675586.2,8692776.6,8590669.24,8440211.14,9068957.78,9354895.48,9054524.02,8566961.5,7779890.44,7062216.06,2018-05-21
1237,6617345.75,6370371.31,6228727.21,6184260.63,6488145.57,7098713.49,7281944.93,7679245.41,8184486.83,8423099.13,8739795.21,8952552.1,8739108.98,8827240.53,8993999.91,8993787.33,8845201.78,8626841.04,9214338.16,9505216.28,9217080.87,8749297.55,7904638.96,7177744.83,2018-05-22
1238,6739543.06,6476918.53,6349220.25,6296514.18,6570396.96,7157763.96,7356897.91,7715584.19,8180874.75,8477390.74,8780307.81,9022598.79,8829561.13,8861268.46,8923749.25,8892922.2,8787179.88,8542981.89,9279559.68,9596394.7,9329809.07,8764631.78,7949102.7,7233064.48,2018-05-23
1239,6805890.79,6532390.66,6392577.48,6345344.44,6589015.13,7154028.43,7310260.41,7704440.37,8158359.51,8457817.5,8781115.88,9014830.25,8755592.11,8813175.9,8946694.92,8900219.61,8780199.39,8600356.84,9267928.68,9455897.9,9304390.83,8737954.58,7947370.18,7210948.82,2018-05-24
1240,6764200.49,6541099.41,6387877.55,6344169.49,6565756.27,7076514.7,7255636.3,7746587.59,8306313.01,8608908.63,8956708.88,9178712.73,9006400.32,9058029.89,9215136.42,9166579.36,9018797.82,8735546.7,9344382.72,9552015.47,9283644.14,8798152.7,8089666.79,7487063.03,2018-05-25
1241,7004091.61,6743430.33,6562952.04,6447720.93,6507678.69,6602108.29,6783755.05,7334111.05,7794795.42,8148709.33,8425110.92,8592018.85,8503456.17,8308124.33,8088414.65,7966808.88,7777158.4,7719945.08,8475456.04,8740604.55,8486443.11,8015237.8,7460942.02,6889260.72,2018-05-26
1242,6440388.06,6161168.31,5985268.85,5873007.58,5868899.38,5839721.74,5781986.32,6103638.23,6525063.76,6758332.05,7006034.14,7158975.93,7237550.14,7119138.29,6979940.27,6912517.81,6968281.51,7136900.41,7887518.05,8276395.93,8130816.25,7699045.66,7227227.47,6691665.15,2018-05-27
1243,6353134.9,6132237.52,6009787.5,5964444.98,6239051.63,6790572.23,7015531.45,7479176.38,7999988.63,8307385.94,8671806.88,8861557.33,8696710.42,8713221.91,8866315.64,8889580.51,8744282.01,8511465.36,9115500.94,9304537.78,9203910.79,8631573.64,7773836.02,7028204.15,2018-05-28
1244,6645423.93,6421696.82,6314795.7,6263948.67,6483359.5,7082076.39,7181349.34,7654823.33,8163762.09,8475475.72,8767059.76,9016656.57,8842127.56,8895448.57,9104167.62,9065025.31,8926778.51,8755525.12,9387970.5,9701976.24,9453190.9,8898044.74,8080294.92,7368364.8,2018-05-29
1245,6856889.95,6622840.2,6477341.57,6435463.53,6685936.57,7189850.73,7339708.87,7761856.69,8272821.49,8556997.22,8897796.41,9108704.75,8902271.89,8962814.48,9113344.04,9082475.95,8976597.7,8705082.74,9311128.38,9631313.46,9368696.17,8825294.32,7988340.88,7258817.35,2018-05-30
1246,6824512.77,6602963.5,6431328.74,6394228.35,6672333.33,7181718.21,7324238.19,7770436.92,8290881.29,8400066.79,8829394.05,8983202.2,8873909.94,8968071.95,9204385.12,9253123.81,8976322.75,8711557.1,9285982.86,9586342.99,9387911.19,8977153.52,8190529.88,7458847.5,2018-05-31
1247,6976064.97,6742867.26,6566733.39,6512315.35,6741152.86,7185290.07,7337236.58,7834379.44,8251785.33,8465077.12,8791453.56,8980540.16,8783941.04,8891243.38,9085489.16,8963713.3,8779573.38,8551010.47,8998890.61,9199199.53,8920516.89,8474237.65,7858428.63,7233576.3,2018-06-01
1248,6783034.27,6507894.39,6342729.41,6291490.24,6399332.95,6488852.83,6668917.49,7233719.7,7811575.92,8160577.58,8449799.55,8616620.57,8550552.25,8412075.32,8249503.26,8147729.6,7999861.18,7965507.89,8750592.36,9122783.49,8880882.39,8374953.16,7734854.65,7199813.89,2018-06-02
1249,6781038.11,6495445.42,6291937.44,6153762.57,6104802.54,5979423.16,5802675.49,6082167.21,6441456.58,6759689.31,7040745.89,7238110.09,7304911.12,7251804.36,7183615.47,7125760.93,7039610.46,7078019.12,7995576.01,8431844.97,8290796.96,7978922.41,7436152.39,6928836.21,2018-06-03
1250,6537736.03,6284367.34,6134615.14,6031441.33,6009856.62,5877832.05,5821674.36,6181738.51,6623520.89,6992908.61,7397292.69,7663602.83,7791018.55,7721587.52,7575737.97,7478010.44,7365438.41,7418857.25,8376410.79,8854515.32,8700312.86,8259976.93,7631133.66,7030611.63,2018-06-04
1251,6650915.92,6390924.95,6259825.74,6186885.77,6496176.73,7069921.64,7235987.2,7710302.92,8230348.41,8503371.77,8918217.91,8952676.42,8931239.29,9008899.3,9021216.09,8977124.5,8939926.99,8784995.63,9283937.52,9527570.93,9281869.34,8895195.02,8121558.11,7404344.29,2018-06-05
1252,6924600.12,6640481.8,6530042.88,6465154.62,6704627.1,7203843.69,7373503.34,7782297.05,8383083.87,8718753.37,9064926.21,9265241.03,9105286.97,9175803.14,9333532.44,9191448.65,9092488.55,8850835.79,9498318.91,9843621.23,9559493.48,9054829.03,8244334.81,7451546.21,2018-06-06
1253,6916856.12,6694914.44,6575290.47,6592323.0,6835747.38,7377089.46,7504716.34,7923784.2,8422178.49,8646668.01,8983836.15,9252913.81,9066172.74,9165923.63,9323609.88,9286812.93,9138452.47,8919944.51,9511626.68,9913380.17,9673477.61,9102472.15,8373031.55,7671542.46,2018-06-07
1254,7157585.54,6850249.12,6699435.48,6662065.5,6878691.41,7314665.75,7506725.34,8005508.51,8562176.2,8808157.56,9122059.6,9365352.44,9159236.65,9219049.78,9449756.8,9454256.91,9251859.6,8966436.92,9546036.01,9847950.83,9605555.55,9075491.56,8469153.56,7764083.05,2018-06-08
1255,7246083.89,6956492.71,6783893.65,6669797.67,6751268.27,6833672.95,6946922.6,7536440.09,8111841.32,8497258.94,8821691.42,8969775.08,8855209.82,8693617.23,8525952.56,8389652.01,8204490.51,8112483.95,8936495.52,9194892.53,8952460.62,8530142.38,7909171.9,7364572.76,2018-06-09
1256,6870019.09,6581557.84,6412560.58,6273383.22,6202993.19,6106769.19,5987122.84,6292355.54,6635425.16,6922341.22,7180181.68,7326405.64,7465219.01,7406974.08,7279990.03,7171653.2,7063901.15,7083244.86,7945474.24,8295278.88,8133958.97,7825135.08,7455241.85,6983108.76,2018-06-10
1257,6592361.13,6340435.83,6176204.99,6066172.38,6059222.07,5987638.49,5884798.62,6213199.27,6655843.66,6989630.06,7272822.19,7507034.68,7584371.97,7525316.58,7359565.43,7261566.69,7152775.22,7289978.91,8140371.19,8558493.28,8373741.08,7997298.07,7371113.75,6779933.88,2018-06-11
1258,6476739.39,6219191.32,6074411.66,6022072.42,6316574.05,6843963.33,7072357.49,7584627.15,8135585.76,8425322.3,8756095.04,9054104.88,8961157.14,9046100.83,9199067.28,9208945.57,9087823.73,8789679.8,9338535.92,9731542.3,9547995.45,8998649.75,8219571.88,7484391.12,2018-06-12
1259,7017669.56,6741220.97,6569407.36,6558721.46,6749818.69,7182625.66,7364757.46,7880532.92,8415723.85,8655502.71,8965718.07,9218284.78,9071064.75,9133990.8,9311668.84,9312591.31,9181406.92,8965203.98,9502883.03,9739014.95,9485600.73,8930161.22,8194849.29,7457317.43,2018-06-13
1260,6987886.97,6718572.19,6556189.72,6513186.29,6734540.55,7200406.57,7457245.62,7935063.35,8498251.04,8777193.79,9105896.93,9316735.18,9092688.69,9049681.49,9076525.15,9024283.08,8877190.0,8687574.83,9226382.74,9540370.84,9313478.09,8717428.94,8022589.37,7277342.91,2018-06-14
1261,6787073.44,6494522.62,6381898.39,6411335.31,6593354.19,7017878.21,7289131.43,7843214.39,8355833.5,8656189.75,9001859.53,9209797.18,9074032.45,9139312.89,9298674.63,9203087.29,8978785.19,8716529.73,9241504.38,9364532.9,9147829.98,8811503.82,8189706.51,7532565.81,2018-06-15
1262,6986153.49,6721309.35,6556154.42,6456665.74,6527626.0,6613402.16,6781727.68,7412572.62,8065965.25,8461436.55,8787097.53,9004176.71,8902914.23,8711666.53,8540552.05,8360359.87,8090228.22,8018413.67,8700437.63,9100904.59,8865138.38,8386606.66,7840849.65,7231060.32,2018-06-16
1263,6789941.56,6526119.39,6322690.52,6192161.47,6155736.76,6103008.24,6056029.05,6392482.3,6744443.78,7093728.62,7396236.31,7589351.22,7599849.14,7497766.0,7393973.96,7240378.22,7235410.89,7275955.12,8017121.47,8499727.58,8388631.11,8028114.53,7525037.74,6991092.79,2018-06-17
1264,6523977.35,6273149.21,6151135.63,6137592.32,6333102.04,6660625.57,7016526.42,7680175.01,8253446.56,8642422.08,9006946.71,9326029.26,9183139.13,9180964.11,9257057.3,9157035.84,8962537.2,8741546.57,9260508.2,9539935.51,9328002.36,8805903.41,8104302.51,7429355.97,2018-06-18
1265,6903278.06,6664339.74,6527398.5,6492460.61,6666616.79,7006885.15,7371804.06,7732941.08,8044162.86,8594670.99,8943091.18,9177246.52,8995713.52,8962163.92,9044946.38,9073499.06,8919576.77,8660501.32,9162968.28,9470213.92,9261340.46,8667178.39,7917283.67,7185215.45,2018-06-19
1266,6722697.4,6507534.65,6374975.77,6332740.96,6489017.55,6795877.3,7092968.38,7692587.71,8212634.35,8542870.95,8879265.77,9124707.0,8965212.83,8908884.83,9068942.22,9066310.73,8924999.63,8655788.96,9183928.22,9521299.85,9299221.59,8797786.34,8136223.41,7418784.09,2018-06-20
1267,6665491.45,6424121.47,6292956.6,6236192.05,6424002.18,6715193.58,6999251.01,7591819.13,8311186.74,8569253.94,8925818.73,9143225.24,8961621.84,8955085.42,9183887.95,9153855.75,8973906.09,8663301.72,9175888.14,9518548.88,9277765.27,8823356.99,8135248.93,7412772.21,2018-06-21
1268,6956356.47,6694579.61,6505931.84,6470650.78,6652161.54,6905664.85,7177890.01,7873135.68,8446406.18,8751230.31,9046805.0,9277470.47,9135371.62,9132706.32,9282885.42,9262542.42,9036523.65,8721039.96,9158392.4,9493862.9,9255389.25,8712687.21,8115100.98,7491853.38,2018-06-22
1269,6996484.78,6733553.13,6549910.54,6465842.08,6535763.15,6593300.74,6717205.99,7321286.92,7934217.68,8320292.06,8615225.48,8816075.6,8709748.58,8588576.09,8479883.64,8314086.12,8128311.67,8015581.01,8716288.22,9133027.18,8908258.22,8388666.1,7853599.32,7350233.18,2018-06-23
1270,6900898.93,6650985.77,6421555.74,6308498.16,6262056.6,6152099.35,6008163.7,6358587.3,6765336.55,7119011.33,7445575.25,7689344.34,7681052.04,7304779.23,7159466.97,7017520.15,6913301.43,6922073.99,7634333.66,8183785.83,8101423.02,7782897.95,7295619.87,6806614.91,2018-06-24
1271,6482191.47,6272816.89,6164405.9,6123140.8,6311053.59,6600995.7,6907226.22,7516064.37,8079706.81,8360745.72,8704749.61,8898874.07,8755950.17,8753887.24,8890638.52,8889011.57,8711050.55,8404641.13,9013490.35,9411970.29,9122090.57,8592665.74,8002171.63,7381489.54,2018-06-25
1272,6868593.17,6641037.87,6490067.95,6447219.93,6594303.42,6852894.65,7157090.81,7796246.95,8363585.32,8696756.05,9024305.07,9205168.4,9043347.73,9106262.93,9195302.24,9098937.62,8938924.75,8684724.03,9208870.65,9570866.4,9307831.61,8740461.52,8081282.46,7371807.09,2018-06-26
1273,6880902.25,6630423.02,6462837.68,6407837.24,6576988.79,6897765.95,7212527.24,7811377.45,8350149.42,8723309.64,9029623.48,9218896.16,9089877.14,9127043.61,9184443.43,9133404.04,8885473.97,8644443.55,9183984.22,9535219.4,9240376.26,8755151.51,8034099.55,7333274.87,2018-06-27
1274,6775100.55,6537710.15,6394839.0,6349945.75,6546561.04,6853780.27,7174975.53,7911420.06,8510595.89,8360382.98,8503187.12,9178388.62,9022036.6,8959483.65,9069795.72,9017625.55,8831888.82,8579075.95,9139476.59,9502788.51,9250212.16,8745776.59,8029164.23,7350062.5,2018-06-28
1275,6911498.87,6631604.52,6492116.82,6456608.36,6580737.22,6814520.85,7051443.48,7613688.25,8204847.22,8544882.3,8888763.28,9104713.96,8982816.79,8948039.44,9020019.14,9002606.37,8833465.21,8583623.25,9050019.45,9353182.32,9090422.59,8697286.5,7989582.44,7386531.61,2018-06-29
1276,6952796.3,6676134.19,6527298.3,6448451.23,6506788.62,6594211.51,6682990.85,7199633.31,7805934.79,8211866.06,8487744.12,8620304.94,8501781.54,8364094.64,8250314.18,8093673.79,7853109.81,7759009.05,8349147.14,8740255.97,8562112.98,8094096.19,7514247.22,7009139.09,2018-06-30
1277,6573714.2,6310199.52,6181419.53,6025600.87,5970351.15,5908432.95,5779913.44,6077031.34,6465099.98,6815651.77,7010914.97,7166523.19,7216329.2,7133187.24,6934871.02,6809893.01,6758711.61,6823688.22,7591351.82,8074840.68,7941606.73,7606255.99,7142428.03,6657355.77,2018-07-01
1278,6271014.11,6034832.0,5874615.74,5759444.48,5775905.58,5711578.97,5642593.38,6043656.15,6504855.0,7021864.82,7304428.68,7535093.33,7590306.34,7524571.14,7328509.75,7210649.03,7053738.97,7104027.21,7827847.19,8362388.94,8192937.44,7803356.82,7208434.72,6674385.07,2018-07-02
1279,6346269.12,6104301.63,5902306.72,5895154.22,6122687.97,6555485.44,6817294.89,7420763.03,8025217.75,8331456.8,8642886.73,8909567.49,8742786.6,8334885.8,8322251.88,8223871.94,8531693.71,8395297.54,8806460.54,9335618.71,9130982.83,8638195.67,7872869.9,7229368.6,2018-07-03
1280,6790421.15,6523964.5,6355215.24,6341299.96,6504227.27,6828194.11,7000422.3,7563595.17,8113485.45,8457523.88,8769687.86,8982863.24,8834044.93,8860436.96,9012771.12,9000747.51,8842991.39,8566296.67,8997815.41,9476210.01,9255690.97,8815198.01,8089841.59,7412780.97,2018-07-04
1281,6909654.59,6641795.25,6485513.19,6465805.02,6670226.28,7014251.47,7210302.3,7775838.62,8330780.03,8665880.88,8964120.54,9207669.7,9049291.98,9106878.41,9232383.72,9197329.7,8951799.96,8633366.43,9120060.3,9580020.05,9334642.2,8856558.73,8138060.32,7469253.92,2018-07-05
1282,6976475.46,6706261.19,6551252.17,6505858.07,6693205.31,7056485.57,7239091.01,7816137.2,8413702.61,8773422.06,9085725.87,9294666.08,9100243.48,9205278.76,9374860.67,9210567.27,8975664.93,8696300.43,9171173.53,9502065.84,9282574.18,8859077.99,8167740.87,7554426.31,2018-07-06
1283,7073527.83,6799297.0,6599523.64,6463491.03,6578421.18,6696287.42,6832967.42,7422874.29,7979957.69,8380220.05,8720745.97,8902032.78,8746578.15,8584216.84,8438777.12,8331403.8,8123084.09,8058877.17,8724850.8,9088861.15,8880839.56,8400113.29,7837051.93,7286103.94,2018-07-07
1284,6865703.17,6583179.26,6415963.83,6249403.35,6225095.23,6131347.99,5956781.81,6266046.79,6660261.79,6984506.38,7320823.93,7498675.58,7530935.27,7495725.17,7411945.4,7292708.08,7182276.48,7162011.82,7906989.72,8588265.89,8520358.16,8201416.89,7695139.21,7120273.9,2018-07-08
1285,6713072.15,6491592.42,6331987.65,6264517.31,6497807.35,6944601.83,7137417.06,7684453.16,8291488.06,8610022.21,9009328.66,9179422.36,9048216.71,9133332.17,9273623.58,9252158.15,9077191.7,8762336.43,9186129.01,9609172.14,9381221.44,8936122.48,8196781.89,7485550.75,2018-07-09
1286,7040150.8,6773649.21,6601436.64,6538180.73,6752332.72,7263794.81,7466286.25,7930385.89,8477849.12,8720153.53,9047761.51,9302959.96,9124388.22,9208806.95,9427530.64,9314346.16,9069209.81,8786346.77,9220866.09,9641521.46,9382347.28,8929725.5,8161914.11,7455446.62,2018-07-10
1287,7019624.01,6796695.27,6611737.04,6547924.94,6762855.91,7232306.1,7417269.65,7852668.2,8324735.9,8618578.06,8961683.58,9188064.12,9021176.82,9181761.24,9356920.82,9397879.91,9205531.18,8847673.1,9227906.29,9715242.45,9569487.46,9062629.86,8299474.73,7591064.4,2018-07-11
1288,7130296.45,6860973.03,6712820.86,6617909.32,6826722.45,7310446.01,7477473.78,7973308.1,8501120.21,8811997.03,9124019.89,9335383.36,9170419.55,9191672.38,9371587.82,9420500.91,9249748.29,8951921.89,9381321.74,9803273.96,9606191.02,9136026.35,8414780.36,7749311.48,2018-07-12
1289,7289663.31,7011688.05,6857490.16,6789371.74,6973577.16,7397044.1,7570673.76,8071429.44,8587662.62,8892937.36,9163209.23,9436252.3,9237392.86,9299514.55,9433707.16,9419734.76,9266627.38,8926179.76,9347915.71,9798720.3,9534628.82,9062258.4,8407997.33,7734262.07,2018-07-13
1290,7218814.33,6924745.21,6775114.64,6630412.71,6749166.95,6841354.68,6969898.92,7555412.3,8179639.93,8616988.44,8861075.04,9036623.91,8916447.25,8755766.22,8605717.98,8480448.53,8297687.58,8179560.25,8786355.12,9273068.18,9063763.36,8620878.35,8057518.8,7541194.13,2018-07-14
1291,7093891.01,6759495.13,6517285.75,6406368.48,6364432.51,6270374.61,6116318.73,6489391.03,6931013.44,7339331.21,7623127.94,7834140.04,7862149.77,7742850.23,7540328.0,7382801.13,7258212.8,7230180.99,7953074.31,8603618.32,8540644.64,8198917.96,7659494.64,7114417.65,2018-07-15
1292,6693354.2,6494713.81,6358379.29,6351950.45,6558869.02,7008837.81,7180504.6,7654275.31,8266100.24,8589531.74,8957429.57,9189459.46,9037531.24,9134987.5,9300259.8,9303987.79,9117231.77,8841179.16,9228788.32,9629755.28,9425470.66,8998490.23,8258268.37,7603627.38,2018-07-16
1293,7140418.42,6833695.08,6687534.07,6638779.76,6803885.78,7310784.38,7460957.71,7880082.13,8362758.82,8676991.45,9023052.7,9282291.73,9099063.05,9170955.43,9280852.31,9238248.56,9091637.17,8804874.75,9227785.64,9717673.83,9481568.87,8988559.1,8186402.7,7433434.05,2018-07-17
1294,6982159.53,6742047.42,6607625.32,6572579.48,6798219.46,7284614.8,7406132.04,7859833.57,8384236.82,8720182.28,9085837.52,9255641.74,9034960.51,9106884.32,9341406.88,9341042.1,9211788.92,8904748.91,9337020.93,9759502.69,9533934.23,9091873.39,8348502.55,7635495.6,2018-07-18
1295,7146512.93,6921410.65,6792666.93,6727349.31,6957905.62,7433513.13,7565629.12,7972398.6,8466822.15,8834139.37,9214922.39,9378267.06,9185328.8,9230024.79,9399104.52,9384927.9,9158016.49,8851540.64,9235978.0,9683929.45,9467610.44,8956934.25,8259358.77,7676105.21,2018-07-19
1296,7153921.35,6848876.51,6673715.92,6592133.61,6604775.61,6581200.02,6466892.3,6853871.65,7276219.81,7676406.72,8028910.86,8268355.92,8322588.34,8240301.25,8093078.03,8005335.56,7878496.35,7781875.36,8515171.29,9039818.33,8882769.73,8522481.5,8011339.52,7489009.76,2018-07-20
1297,7064211.01,6777695.64,6607743.89,6516424.7,6568253.32,6637484.39,6702305.34,7241547.77,7794162.28,8216162.04,8508534.94,8665127.72,8564167.13,8449828.9,8322566.61,8207458.25,8015423.93,8001711.14,8668389.58,9106684.52,8888082.82,8450895.89,7846572.15,7298169.76,2018-07-21
1298,6884897.9,6625285.97,6417062.03,6306681.45,6263146.07,6176323.96,5983156.78,6293473.43,6681220.77,6987051.29,7259385.23,7424427.44,7472001.53,7429684.62,7337433.13,7232843.02,7133299.98,7161703.81,7901316.38,8547882.47,8457134.09,8138095.89,7569463.97,7079467.47,2018-07-22
1299,6655884.3,6405809.65,6296796.61,6212772.49,6496190.66,7045686.12,7219609.79,7675319.11,8244060.4,8641554.48,8947577.75,9243984.85,9098012.52,9130388.43,9245927.65,9203911.41,9037370.9,8780574.7,9241939.8,9641987.17,9420329.68,8897402.39,8131926.47,7403007.75,2018-07-23
1300,6975724.19,6714143.6,6564894.84,6551371.67,6773047.56,7319792.91,7450363.8,7854405.41,8330186.75,8600583.98,8892885.58,9099791.62,8895113.93,8928020.25,9098714.48,9074937.45,8918136.38,8696021.86,9178686.59,9572765.19,9376731.51,8791514.4,7987761.57,7306217.92,2018-07-24
1301,6869730.96,6593339.25,6458462.43,6418823.71,6651292.59,7123120.6,7322691.39,7819916.0,8349019.66,8606724.61,8920319.22,9181083.57,8945670.26,8982437.68,9188445.17,9198597.47,9047906.3,8836435.47,9334126.67,9787428.56,9568743.93,9037615.52,8259085.81,7537822.81,2018-07-25
1302,7053279.54,6774337.67,6606130.22,6607777.6,6835944.28,7347507.9,7455248.25,7931214.1,8437033.79,8808201.09,9219902.6,9397195.34,9175159.5,9145473.13,9213958.92,9224965.04,9070052.89,8808636.76,9333684.59,9745338.42,9497921.65,8982299.02,8197532.47,7486742.62,2018-07-26
1303,7032554.37,6796574.83,6600883.19,6562569.39,6747603.73,7271590.31,7410994.96,7860137.67,8353109.45,8666030.47,8964398.76,9114173.62,8936366.63,8966068.12,9112362.82,9093125.89,8922930.26,8682214.69,9164771.11,9535910.44,9278099.78,8843552.05,8180132.98,7526807.3,2018-07-27
1304,7066093.55,6775078.76,6644170.86,6572087.62,6681672.86,6823416.24,6937763.44,7476095.14,7981002.3,8380471.2,8665240.28,8866731.17,8762964.19,8553887.18,8407344.24,8277218.65,8184035.21,8098851.46,8805158.71,9235959.61,9041437.26,8575605.79,7960158.94,7406871.11,2018-07-28
1305,6937032.68,6646348.19,6453251.33,6320515.92,6312869.88,6237279.75,6020365.34,6364685.06,6756573.29,7036516.51,7328635.85,7547192.8,7613551.65,7530269.36,7374526.76,7203475.89,7129582.98,7163168.62,7995711.32,8575614.01,8471323.0,8117593.76,7594703.03,7062382.61,2018-07-29
1306,6701613.51,6434936.36,6303144.62,6308645.63,6548043.8,7126378.51,7310429.57,7723269.06,8282895.66,8595737.32,8968431.91,9162168.96,8962422.16,8954849.6,9081489.55,9117096.08,8952337.52,8743327.04,9272467.24,9591986.3,9367071.15,8848723.07,8005204.19,7329865.45,2018-07-30
1307,6860103.59,6665972.72,6469103.2,6458920.16,6701153.93,7279423.82,7331326.27,7718302.64,8142418.49,8376489.87,8729641.79,8832846.71,8588242.15,8568313.15,8714462.8,8727881.96,8609109.38,8440654.94,9009740.09,9394354.51,9171300.01,8661240.37,7840035.33,7156066.09,2018-07-31
1308,6704099.64,6494102.22,6364696.15,6325869.4,6562802.82,7183396.81,7302048.47,7691826.83,8147201.17,8406295.1,8721600.03,8957596.52,8759813.27,8883073.04,9082418.44,9061403.37,8959401.43,8729994.66,9300742.5,9665094.04,9440128.46,8913329.3,8127346.14,7389477.57,2018-08-01
1309,6902894.15,6680101.55,6576571.56,6525636.35,6665843.38,7260675.73,7417733.63,7841251.22,8292397.61,8549224.04,8909699.26,9135767.75,8962030.22,9030701.02,9182436.51,9225672.69,9086760.07,8803328.23,9127539.91,9512024.3,9394389.32,9018002.3,8205729.87,7492893.35,2018-08-02
1310,7020981.29,6740229.99,6589822.79,6561180.6,6814593.66,7285185.73,7452392.17,7855952.05,8296289.75,8610011.78,8961407.86,9211597.86,9041356.14,9096061.79,9187586.17,9126352.7,8962775.74,8691871.71,9166252.92,9490832.7,9293870.76,8806302.59,8100126.54,7489168.81,2018-08-03
1311,7035255.51,6745109.6,6591361.49,6519770.96,6566456.02,6696403.11,6812007.36,7338308.45,7930037.07,8275298.53,8555373.39,8678226.2,8587067.3,8526096.21,8419608.97,8330298.26,8167388.9,8032257.5,8698322.27,9101652.36,8857813.95,8429685.44,7839826.96,7308055.98,2018-08-04
1312,6879157.64,6585858.68,6399884.44,6260579.56,6197405.7,6140080.77,5925400.74,6215195.39,6577540.82,6876188.6,7110742.34,7299198.03,7373178.98,7335362.98,7190977.32,7098399.13,7010866.54,7003126.98,7875069.9,8463360.07,8366719.94,8030131.6,7450284.41,6921156.04,2018-08-05
1313,6550026.92,6292025.42,6155476.26,6094210.45,6291950.2,6707774.69,6906792.46,7436101.27,8044597.43,8412378.27,8754648.12,8989852.1,8877432.55,8968107.55,9162183.71,9101086.54,8938258.05,8539934.79,9008737.21,9476559.48,9255982.82,8796038.27,8094051.42,7415699.91,2018-08-06
1314,6940995.98,6670904.7,6492371.47,6377966.71,6381863.85,6388594.56,6265253.5,6629287.75,7092641.2,7493282.05,7881836.69,8149179.05,8208341.87,8149042.94,8006914.13,7871971.2,7747327.55,7676526.8,8502643.26,9029461.57,8894311.98,8468705.74,7831630.01,7289304.05,2018-08-07
1315,6907431.35,6676250.2,6513316.13,6481697.15,6717409.98,7272576.28,7430466.28,7896289.18,8470873.31,8791773.04,9152964.08,9372976.25,9210954.88,9281147.61,9444234.51,9481387.07,9310671.74,9018537.4,9501338.91,9892369.93,9653524.07,9170141.87,8347717.83,7659413.29,2018-08-08
1316,7172383.32,6941543.64,6794989.92,6723389.32,6963682.88,7438037.85,7589113.19,8029739.29,8570106.68,8871121.44,9117658.91,9269356.84,9119229.05,9171537.03,9308142.85,9361809.99,9281216.67,8992884.14,9508166.43,9870301.22,9708739.53,9196199.21,8400270.59,7670549.93,2018-08-09
1317,7224741.15,6972777.34,6817553.75,6719901.28,6924586.34,7378288.34,7512506.26,7971440.05,8504324.92,8791194.59,9147615.99,9389675.25,9232031.85,9300800.12,9475498.88,9469290.12,9256561.29,8891035.93,9366823.9,9813866.66,9568798.4,9125041.75,8427574.08,7760001.29,2018-08-10
1318,7288355.83,7022181.65,6826991.61,6735623.65,6781066.82,6848211.68,6974065.42,7482756.41,8074065.3,8479904.64,8849077.12,9020877.99,8922235.93,8774663.68,8638575.27,8532503.81,8360841.46,8237951.76,8877493.63,9259258.6,9040644.21,8676894.08,8086929.67,7528899.42,2018-08-11
1319,7066914.83,6779280.76,6575421.97,6438977.44,6421773.97,6430762.96,6223095.4,6439473.16,6856755.4,7201594.8,7467467.75,7682447.69,7770207.11,7748095.52,7629906.63,7540909.8,7394537.76,7421459.13,8199822.97,8795763.62,8739833.54,8400280.22,7863797.68,7315810.21,2018-08-12
1320,6927142.35,6698898.28,6533226.08,6494945.21,6728113.92,7251093.44,7397663.04,7874213.64,8498408.72,8858196.01,9223314.72,9439686.35,9294923.15,9349506.67,9484002.01,9458849.64,9289840.11,8970941.39,9431364.35,9721002.43,9487085.48,8964132.27,8137484.5,7567691.14,2018-08-13
1321,7124170.98,6875090.51,6720431.53,6648010.51,6877274.05,7436150.64,7518738.68,7831562.44,8280223.91,8524520.26,8820263.61,8979533.1,8747910.67,8764115.7,8981924.36,8983709.04,8841410.15,8661624.02,9210649.09,9522491.84,9260810.64,8716581.05,7971916.37,7337432.39,2018-08-14
1322,6840597.65,6579389.5,6432764.09,6252147.64,6377235.71,6970031.34,7107314.77,7369269.1,7780200.85,8078675.78,8400478.13,8660840.3,8480831.11,8529524.89,8740145.55,8802960.03,8676966.82,8457743.64,9149811.91,9573764.18,9354714.49,8839526.65,7950168.15,7280431.46,2018-08-15
1323,6804322.02,6583839.74,6442568.49,6392437.83,6632183.8,7214358.21,7352926.36,7827113.79,8271923.06,8561239.21,8922146.59,9134556.19,8972689.67,9101978.52,9374012.94,9386901.89,9209873.62,8875274.76,9460800.36,9900286.14,9648975.99,9141041.36,8345152.12,7625112.95,2018-08-16
1324,7148522.02,6873554.27,6680853.7,6634742.95,6873455.85,7401154.82,7487614.79,7948181.91,8494275.71,8794306.58,9021252.41,9125294.99,9123893.78,9185771.76,9388085.21,9440288.83,9265251.98,8997065.04,9533130.45,9870776.74,9616318.96,9156262.99,8460772.66,7817514.03,2018-08-17
1325,7323552.71,7035139.23,6843751.3,6753587.77,6820114.43,6937390.03,7040356.65,7574824.56,8124277.1,8506663.37,8794158.77,8979255.1,8884119.26,8722706.52,8554706.0,8428409.95,8271211.93,8188221.0,8953355.15,9255459.91,8983691.57,8502005.61,7900147.32,7301144.39,2018-08-18
1326,6857412.72,6536353.3,6362908.04,6220746.64,6173064.72,6060004.92,5888962.53,6220283.07,6590255.14,6937222.66,7202521.97,7408439.3,7494640.1,7421545.18,7337308.2,7212213.4,7121540.1,7132643.86,7927240.73,8377830.36,8261801.85,7931228.66,7479058.14,6997561.64,2018-08-19
1327,6652377.81,6375618.57,6197661.31,6090118.63,6083599.4,6063878.84,5946264.41,6347079.99,6843787.69,7281520.74,7638913.4,7921192.14,8018844.58,7967481.58,7806570.9,7648481.72,7543984.17,7507501.31,8372168.34,8913532.83,8762816.82,8350071.07,7760565.04,7217242.73,2018-08-20
1328,6854887.37,6597738.24,6455168.14,6475636.46,6732635.42,7245231.67,7373506.36,7842412.64,8426708.05,8783849.25,9157660.99,9400366.65,9170163.5,9252168.29,9433761.77,9443728.72,9265361.78,8946682.92,9544855.68,9903029.14,9613243.84,9147853.38,8343922.19,7617370.95,2018-08-21
1329,7155178.58,6876611.58,6684409.81,6644775.54,6860492.6,7395569.23,7530758.13,8012460.47,8523892.26,8803337.97,9156753.59,9437814.81,9266856.45,9324665.18,9520297.02,9490795.78,9322445.71,9018407.36,9598336.54,9925595.4,9665446.65,9149172.2,8315584.07,7594740.84,2018-08-22
1330,7119338.98,6844963.61,6678136.35,6628945.03,6903698.92,7485243.12,7589216.26,8047493.62,8601267.15,8930139.31,9231537.28,9458130.74,9256718.58,9286037.72,9476441.45,9406541.89,9192228.19,8878625.95,9341785.38,9598260.3,9373723.46,8897879.45,8114221.02,7451273.21,2018-08-23
1331,6986609.67,6738575.67,6543411.47,6485931.87,6726565.97,7235983.0,7420425.15,7842868.8,8387434.97,8698661.23,8948942.89,9140505.43,9048638.92,9211236.38,9492663.24,9468730.55,9303694.21,8986397.43,9553886.39,9840912.86,9596953.1,9179402.91,8465787.23,7819056.9,2018-08-24
1332,7315727.04,7009660.11,6812078.13,6740178.73,6825447.25,6903867.73,7089087.57,7671047.6,8256906.42,8573719.35,8870767.52,9066006.69,8995389.9,8753728.66,8617123.46,8496129.82,8277398.34,8145574.26,8828307.9,9091529.66,8993844.27,8569106.69,7985289.11,7431108.37,2018-08-25
1333,6972927.83,6636089.8,6470035.74,6339462.59,6232818.32,6200140.73,6084550.43,6409337.68,6804175.69,7105419.79,7362844.52,7566359.21,7591363.44,7477208.14,7359130.32,7238471.24,7156850.54,7229609.68,8201913.1,8625694.42,8536332.63,8182514.31,7627585.6,7062127.29,2018-08-26
1334,6692111.75,6452713.75,6344421.02,6328716.0,6587390.17,7141089.06,7328397.99,7781726.37,8344129.65,8663004.36,9051359.01,9271227.7,9115269.71,9161170.32,9305169.04,9174179.74,9026755.89,8784512.12,9433758.13,9752152.85,9521678.87,9045937.06,8202559.05,7452177.39,2018-08-27
1335,7002422.33,6746898.36,6593629.56,6586342.72,6831714.51,7386371.39,7532309.36,7989069.25,8519232.04,8849443.91,9217213.84,9417718.97,9196535.66,9291987.34,9456817.15,9425868.84,9223387.46,8976786.99,9637636.73,9910182.84,9668399.86,9129894.56,8305809.88,7594077.5,2018-08-28
1336,7103401.35,6847196.0,6696641.73,6650508.23,6920816.0,7473320.46,7618705.64,7997404.03,8504612.82,8832892.53,9171506.28,9308729.02,9176630.14,9254932.17,9431567.26,9412682.52,9272284.45,9026890.77,9652888.77,9898003.57,9650677.22,9128934.95,8304046.23,7599353.3,2018-08-29
1337,7121346.68,6866828.66,6713824.25,6654167.01,6885998.73,7459877.82,7584791.89,7958267.39,8386825.58,8639670.26,9014477.58,9283353.82,9049513.17,9161415.7,9393409.4,9405903.62,9225284.72,9009887.0,9632453.08,9873485.02,9597714.53,9071911.42,8268598.16,7568739.49,2018-08-30
1338,7080660.02,6844027.07,6694699.9,6652188.8,6863761.01,7392251.85,7525073.82,7969926.99,8547618.58,8887159.34,9219150.96,9487778.16,9299993.36,9340492.25,9533711.78,9530689.41,9367900.13,9053621.66,9611051.73,9746167.85,9461362.66,9069527.59,8458894.46,7771474.25,2018-08-31
1339,7292356.5,7031834.36,6817996.63,6755988.59,6745938.93,6866208.84,7011339.19,7570493.52,8158837.95,8539347.25,8728570.33,8795333.79,8692345.05,8543379.5,8487703.57,8382013.32,8276818.92,8240656.81,9006916.05,9281830.98,9142557.49,8656875.75,8048159.97,7483566.95,2018-09-01
1340,7020063.57,6794187.09,6572500.56,6443426.4,6350214.75,6293225.48,6160563.49,6417173.59,6779207.12,7158128.15,7387505.25,7597992.78,7665725.96,7595390.24,7377514.25,7368425.92,7261569.34,7335494.28,8282180.41,8663799.7,8557849.6,8216228.77,7634620.7,7078780.47,2018-09-02
1341,6718333.29,6521891.04,6401250.35,6330758.4,6590211.65,7115820.2,7291301.14,7780133.6,8353586.85,8723320.14,9126976.85,9383824.76,9189452.93,9282491.24,9443416.45,9431706.12,9256080.89,8927911.55,9568418.29,9844296.35,9549793.25,9102815.54,8296456.31,7584537.22,2018-09-03
1342,7129580.24,6878947.4,6712376.79,6657337.18,6873256.47,7446013.33,7567041.5,7947158.15,8413369.39,8656716.23,8972820.32,9184971.5,8976600.84,9004554.06,9140209.55,9080457.72,9000641.44,8829915.54,9531349.23,9776185.39,9473480.52,8996677.15,8154796.3,7433836.7,2018-09-04
1343,6976742.4,6725765.07,6620196.35,6578243.18,6819946.96,7404326.56,7556185.42,7805563.94,8293874.23,8586898.21,8901621.26,9093953.66,8892379.72,8802062.23,8920336.18,9021013.82,8932835.7,8729461.36,9443552.08,9571633.22,9318868.11,8706988.32,8011823.29,7316800.3,2018-09-05
1344,6817950.7,6516705.3,6456147.6,6419587.07,6678604.05,7291381.27,7417179.87,7782702.5,8275848.03,8534711.67,8825252.71,9064606.66,8863431.38,8930618.94,9061267.22,9009574.92,8931336.64,8763696.61,9451801.87,9688326.31,9441207.53,8935755.39,8070809.2,7353576.48,2018-09-06
1345,6856365.46,6661746.88,6489085.51,6452286.99,6636716.55,7229403.34,7449095.84,7881220.26,8399648.39,8636889.64,9009484.95,9217330.08,8983280.42,8943348.94,9080913.45,9059210.96,8841337.56,8744784.01,9466737.68,9651868.09,9390496.6,8847170.67,8084360.57,7348909.72,2018-09-07
1346,6892362.26,6651437.9,6532358.82,6443632.16,6529354.52,6671239.97,6821042.88,7394751.4,7952257.75,8382038.53,8680344.99,8862620.65,8819962.73,8656400.96,8537651.83,8450864.37,8282887.74,8213753.12,9153169.06,9330889.15,9025012.14,8541679.6,7903760.93,7349505.1,2018-09-08
1347,6920213.75,6581758.14,6369486.4,6263807.15,6209769.47,6150692.97,5970793.56,6280401.56,6700475.49,7081132.37,7366517.52,7531059.13,7630558.5,7584687.84,7474116.12,7356415.44,7262566.58,7332285.73,8352966.47,8703412.53,8597265.09,8245099.39,7685737.65,7074742.31,2018-09-09
1348,6647362.44,6415839.29,6271617.52,6257026.97,6515765.62,7067439.77,7250786.61,7702714.81,8321806.77,8702758.91,9070058.98,9300234.85,9151708.48,9200051.41,9408505.32,9336957.47,9178439.22,8963755.88,9710691.46,9927954.65,9671996.67,9106759.5,8307724.01,7592698.74,2018-09-10
1349,7085145.51,6802247.36,6630282.87,6595053.18,6861411.96,7436577.96,7560114.97,7974096.01,8497319.39,8816093.28,9146387.79,9342058.24,9145779.39,9190217.66,9405932.02,9346784.12,9160987.17,8917531.51,9711338.53,9889451.25,9553321.98,9023539.92,8165411.26,7453957.94,2018-09-11
1350,6996190.23,6759233.14,6630557.07,6591400.16,6818267.99,7390801.79,7565384.32,8016696.44,8512542.45,8783071.68,9121903.27,9353947.5,9165564.12,9252926.82,9477122.57,9431725.4,9251180.49,9059883.69,9690992.88,9827824.05,9576868.38,9134650.79,8288414.98,7569237.36,2018-09-12
1351,7082557.98,6829444.71,6662512.45,6604392.66,6842646.08,7374641.62,7537573.27,7976136.48,8455344.29,8751529.51,9076099.03,9332357.5,9158493.87,9185206.01,9346885.89,9338367.9,9192341.79,9031478.12,9687047.88,9744631.36,9515324.62,8968596.93,8142472.55,7468668.39,2018-09-13
1352,6951915.02,6717824.27,6570234.88,6543230.11,6784304.41,7316546.24,7485454.64,7912465.86,8429360.69,8698498.12,9050803.88,9256823.09,9020110.33,8844933.57,9142872.84,9181153.66,9038231.59,8876537.06,9576696.48,9658092.23,9368038.97,8900089.98,8173900.52,7541176.91,2018-09-14
1353,7026289.03,6778571.5,6613965.83,6542636.85,6588700.21,6757229.67,6853697.52,7452219.23,8037663.55,8352723.78,8680904.45,8830819.69,8678281.23,8470410.35,8232607.61,8081439.01,7988170.17,8109759.51,8994620.36,9022560.19,8736703.22,8204940.28,7505017.24,6975827.08,2018-09-15
1354,6598048.16,6326909.8,6137250.89,5997057.47,5971297.54,5859370.5,5679191.34,5995957.92,6416161.07,6708699.67,6978133.46,7177779.9,7271096.26,7236747.26,7087529.21,6989715.19,6907728.17,6996778.87,8064272.7,8353702.45,8232958.47,7836740.14,7261469.49,6740206.23,2018-09-16
1355,6356998.03,6119591.43,6002411.28,5994301.12,6252069.6,6820552.86,6997180.4,7489232.26,8033551.68,8395711.59,8807274.16,9084157.75,8897372.68,8850217.35,9089818.85,9094218.65,8983595.8,8843685.47,9594542.13,9712351.25,9465152.59,8915419.95,8048709.0,7359412.13,2018-09-17
1356,6875561.65,6654382.58,6496173.3,6509380.84,6756574.39,7292544.03,7462532.63,7907965.2,8473938.02,8796408.75,9154514.17,9349359.36,9178907.57,9255206.24,9421409.77,9397132.98,9261107.35,9118576.55,9795476.42,9868656.71,9578848.04,9046489.32,8212314.8,7531120.83,2018-09-18
1357,7045754.51,6788111.42,6636846.44,6571198.56,6810017.25,7343937.74,7466679.49,7899157.17,8409255.77,8715670.63,9070933.54,9298729.9,9139920.74,9219434.93,9433895.92,9423539.83,9257607.33,9043043.67,9837090.83,9953496.84,9657823.26,9137381.71,8265710.11,7608000.07,2018-09-19
1358,7081412.2,6832937.05,6657764.75,6525691.3,6715674.95,7286897.7,7455279.34,7877800.75,8365931.74,8711814.98,9110863.74,9373844.55,9180065.92,9303362.52,9531908.24,9553117.87,9354831.45,9030795.23,9861518.45,9991461.74,9755763.47,9207127.87,8403451.05,7670932.02,2018-09-20
1359,7192495.11,6937323.1,6755890.58,6682756.21,6918510.55,7396046.19,7538044.8,8069607.84,8666266.13,8994000.63,9347045.01,9583350.89,9418279.48,9471380.89,9617580.11,9582544.53,9410209.57,9150341.14,9914491.97,9964150.82,9693792.33,9212750.44,8482803.14,7858149.11,2018-09-21
1360,7358426.85,7035920.22,6806268.05,6681467.98,6764594.9,6877633.35,6987179.29,7571082.49,8097735.27,8457992.8,8764046.77,8972342.36,8883822.97,8680817.86,8519864.73,8387983.32,8278855.16,8333315.97,9274138.56,9336449.46,9029303.25,8545357.07,7888790.01,7341797.25,2018-09-22
1361,6927272.48,6670204.9,6472517.06,6339945.43,6318653.14,6209904.61,6106874.64,6400594.3,6789734.13,7140877.62,7389756.18,7601224.07,7702056.55,7661773.55,7527781.18,7429751.57,7275491.87,7394396.69,8544172.48,8763219.56,8625939.24,8238005.33,7675406.0,7124404.52,2018-09-23
1362,6749227.33,6500568.07,6379960.5,6339498.05,6599837.88,7057100.32,7206976.3,7707490.85,8272888.35,8562057.2,8925545.31,9155506.53,8963981.95,9026009.89,9201983.49,9215778.36,9088177.35,8921159.49,9713624.17,9784594.25,9526044.62,9007252.79,8152648.61,7465348.67,2018-09-24
1363,6990874.2,6750341.59,6597215.01,6549828.15,6769612.08,7307828.21,7395924.69,7883004.6,8423235.38,8735866.94,9092646.46,9301752.0,9131185.22,9225742.94,9401350.3,9388027.19,9194012.52,9039171.89,9835147.56,9903327.57,9612301.82,9046355.37,8233496.87,7546700.89,2018-09-25
1364,7029762.59,6783289.99,6582266.87,6533028.07,6780143.84,7336846.84,7441504.71,7870147.13,8352347.05,8648682.69,9011213.61,9247918.38,9031076.5,9046234.77,9242157.44,9265134.64,9105774.86,9013487.56,9821854.13,9799504.91,9519573.09,9004203.92,8228589.84,7442054.0,2018-09-26
1365,6935712.62,6686852.32,6552356.04,6518902.35,6764907.67,7338302.51,7507001.88,7894663.28,8398425.7,8698942.51,8990216.68,9179758.42,8935305.32,8864510.09,9022016.81,9050986.61,8918723.24,8886874.93,9646678.02,9636276.05,9376016.65,8845153.09,8031051.74,7335273.74,2018-09-27
1366,6862786.45,6636828.94,6488009.73,6459140.85,6698525.5,7221394.67,7363267.6,7838584.02,8385812.38,8659112.81,9011745.41,9253080.6,9034270.01,9071809.6,9144212.92,9126025.94,8995890.08,8825505.12,9563877.76,9576559.41,9326950.84,8842774.98,8170914.47,7517337.87,2018-09-28
1367,7037784.51,6762091.86,6592721.72,6530734.99,6622304.17,6703684.68,6872954.34,7438735.53,8011045.11,8431368.18,8745295.35,8878743.47,8812912.64,8717472.56,8596567.7,8407720.13,8248757.09,8273380.65,9162701.46,9149854.72,8880260.99,8451752.12,7808603.27,7276801.87,2018-09-29
1368,6773983.64,6459155.55,6301993.27,6190113.86,6167928.57,6102006.0,5958236.08,6249253.52,6662084.9,6994503.19,7276323.05,7508897.28,7585542.27,7538749.54,7435707.67,7378693.79,7285016.87,7374444.14,8457160.47,8708307.56,8625592.97,8271678.75,7727003.66,7122851.8,2018-09-30
1369,6720777.76,6503936.01,6333161.19,6320029.37,6550954.01,7105214.02,7264110.97,7693630.98,8358203.59,8719906.64,9036834.35,9232612.58,9003228.1,9038288.59,9187754.04,9103670.63,9069472.88,8958070.22,9658192.85,9720946.05,9340675.63,8829153.82,8043010.56,7307529.88,2018-10-01
1370,6853540.73,6645863.14,6536844.98,6499031.49,6723180.91,7260652.5,7443458.27,7907857.92,8400463.08,8716656.85,9073009.21,9267835.5,9127909.77,9206242.8,9360697.96,9404897.92,9234651.73,9052149.39,9845776.18,9864856.78,9560199.09,9026453.09,8189370.51,7431287.82,2018-10-02
1371,6949393.51,6714563.81,6561475.68,6535525.35,6772430.57,7270472.05,7474565.04,7957894.78,8417441.14,8715022.71,9089680.42,9297869.44,9125121.57,9019590.88,9191185.74,9153559.85,8992167.16,8952851.07,9720437.28,9726403.16,9466632.17,8834541.29,8012833.6,7273581.08,2018-10-03
1372,6772212.56,6525769.25,6424296.3,6400610.21,6676483.07,7214176.29,7412445.53,7850445.04,8318592.23,8524181.14,8947021.99,9166588.83,8970709.07,8982216.88,9228250.56,9226264.95,9126800.34,9049794.05,9792366.43,9769770.63,9485422.83,8858928.35,8086494.47,7384879.48,2018-10-04
1373,6938212.1,6711273.0,6541731.72,6461110.02,6665163.89,7170079.16,7335648.05,7769967.48,8284342.68,8641577.21,8990581.19,9154297.97,9012918.5,9033767.47,9253532.56,9273899.02,9076259.9,8889608.16,9699465.49,9559504.22,9386239.74,8885425.39,8124021.62,7434537.63,2018-10-05
1374,6978012.44,6691378.89,6554996.59,6461763.27,6566936.3,6723673.74,6806780.18,7317576.61,7853318.59,8211392.98,8527146.85,8694549.57,8562233.89,8304592.34,8171670.15,8089888.16,7954622.85,8055800.04,9015676.77,9031513.7,8743984.16,8213730.38,7602677.77,7087047.05,2018-10-06
1375,6628190.59,6382624.79,6219908.0,6090517.82,6039009.76,6012519.82,5898801.69,6263865.36,6671281.28,7034830.41,7332725.05,7581637.78,7631785.38,7528767.04,7397718.35,7293015.3,7247689.4,7402448.03,8411294.65,8571415.74,8433584.73,8096601.73,7557273.29,7028145.5,2018-10-07
1376,6687590.2,6441951.14,6307914.11,6296176.92,6454080.36,6746656.31,6969493.17,7699980.14,8321588.88,8701361.67,8992644.21,9253512.65,9131325.46,9102823.44,9248702.47,9232157.97,9095554.29,9002070.79,9683797.81,9640444.73,9348347.94,8850809.64,8055175.81,7458615.97,2018-10-08
1377,6955571.56,6727277.75,6556048.27,6492404.51,6678766.45,7008426.13,7294519.99,7794440.35,8233617.73,8416388.88,8700791.89,8962887.1,8813873.18,8815343.98,8949849.18,8970286.23,8851726.86,8922653.39,9654312.81,9616614.29,9302979.77,8785269.36,7999755.3,7323459.29,2018-10-09
1378,6823539.02,6577741.9,6468632.21,6416467.84,6609304.2,6913284.81,7173590.13,7767193.82,8310169.72,8587402.33,8980797.23,9275006.25,9102620.76,9042190.14,9143555.56,9128281.57,8959768.28,8961675.05,9685529.91,9637634.96,9281059.27,8693457.48,7953733.27,7295636.39,2018-10-10
1379,6857411.38,6542276.59,6406311.77,6353061.15,6553309.14,6883945.63,7142112.55,7723631.6,8178872.04,8490034.82,8813833.46,9074237.73,8930198.03,8898969.42,9000255.5,8970164.98,8817836.42,8863757.68,9633995.17,9593165.76,9265803.12,8680984.44,7919014.32,7242195.1,2018-10-11
1380,6793462.72,6527661.88,6401532.92,6384971.98,6586148.5,6880505.4,7180663.84,7786227.11,8316481.4,8629829.87,8945598.39,9149817.59,9033931.24,8931936.86,9072114.28,9064207.28,8886576.48,8912230.43,9651347.59,9550377.17,9241585.33,8720438.94,8032291.89,7445212.56,2018-10-12
1381,6851954.83,6608223.23,6433084.08,6347865.64,6460830.34,6561843.74,6695934.31,7226485.03,7807235.76,8148681.61,8465636.82,8656698.18,8558321.28,8376273.14,8201629.22,8094732.74,7991339.75,8137455.64,9094015.28,9060235.49,8799140.14,8326784.84,7649576.51,7153339.88,2018-10-13
1382,6720357.87,6443750.97,6240844.47,6101922.25,6131842.46,6023698.58,5849029.19,6156049.39,6524671.76,6863771.88,7111226.42,7295802.66,7376979.01,7305071.22,7212865.63,7100694.82,6978628.43,7160978.01,8123257.38,8271364.95,8100392.78,7771499.3,7260567.54,6801267.92,2018-10-14
1383,6455652.43,6203573.62,6017522.85,5893865.4,5923982.64,5883025.02,5759540.18,6144804.45,6659426.39,7070154.92,7460198.26,7726991.78,7799685.0,7725935.59,7595882.15,7506009.25,7415774.65,7681343.02,8697105.07,8818382.06,8604529.59,8170616.22,7577423.59,7011941.63,2018-10-15
1384,6604781.9,6352348.34,6192681.99,6169475.96,6430613.42,6999361.53,7177802.74,7648749.2,8195278.24,8513232.35,8885572.84,9087906.89,8891338.16,8949092.03,9145953.95,9156593.36,9012657.01,9073840.91,9790485.54,9743567.79,9467935.96,8907193.94,8091298.01,7367720.41,2018-10-16
1385,6882611.64,6640108.17,6497900.28,6444709.31,6700223.38,7238814.38,7401438.26,7846827.56,8381989.27,8737468.79,9083792.79,9257854.89,8980027.27,9039283.7,9213881.63,9234549.05,9145208.83,9224126.31,9875695.84,9850883.41,9537575.14,8945093.83,8172503.48,7439689.25,2018-10-17
1386,7061496.28,6859623.75,6697446.79,6643520.53,6901449.01,7510451.54,7663532.68,8050994.46,8574611.44,8855683.84,9163875.75,9379508.23,9166965.74,9217683.67,9457496.5,9436204.66,9144680.08,9234966.02,9896610.42,9822138.41,9492844.88,9016590.57,8201294.38,7505798.24,2018-10-18
1387,7034258.3,6762947.5,6619478.28,6590130.66,6782604.2,7336732.0,7530111.96,7982505.14,8499628.13,8726880.51,8997981.15,9305582.32,9156606.25,9167378.94,9281446.37,9344258.48,9210877.09,9177543.66,9760387.12,9644847.12,9348051.13,8856890.68,8214033.56,7553679.26,2018-10-19
1388,7083893.0,6863095.06,6663611.04,6601626.56,6672071.18,6798425.47,6981103.66,7557996.95,8088211.35,8530681.54,8841239.67,9009854.65,8955369.94,8675295.19,8490182.18,8404779.22,8264419.32,8485882.15,9315083.81,9303518.49,9020651.49,8513171.67,7900446.28,7336514.59,2018-10-20
1389,6892539.94,6612297.41,6430662.46,6293234.84,6241100.8,6193555.6,6049349.59,6376895.32,6761178.65,7092191.02,7331963.2,7527752.37,7575113.08,7476747.02,7237738.1,7187226.8,7201012.66,7532171.67,8525924.81,8673221.49,8454738.9,8030822.23,7421755.88,6856004.19,2018-10-21
1390,6503374.01,6275602.59,6138690.34,6169779.3,6443104.64,7022154.2,7222201.5,7660197.63,8172782.7,8492843.46,8838393.73,9094534.42,8911294.22,8937554.11,9046907.45,8979567.04,8841785.07,8956911.7,9563711.68,9562826.43,9245649.04,8741701.63,7941140.56,7274198.23,2018-10-22
1391,6788273.68,6541930.38,6401308.78,6361446.08,6613651.96,7111066.68,7339933.6,7810731.45,8303725.69,8590784.92,8887884.83,9143298.05,8996501.41,8990922.76,9146290.93,9151101.7,9035745.18,9114015.12,9675547.29,9607292.94,9427330.49,8806172.59,7962401.94,7291021.11,2018-10-23
1392,6814803.29,6584628.28,6432142.82,6365082.83,6643994.58,7245385.04,7485451.28,7850563.04,8340227.14,8582664.2,8938285.89,9194626.43,9012824.15,9089928.24,9126448.5,9169586.68,9091587.48,9105566.34,9674886.32,9600819.68,9355636.54,8746623.78,7976257.69,7358018.82,2018-10-24
1393,6948676.36,6702167.73,6621441.13,6616487.93,6868132.9,7377352.85,7533985.69,7942954.51,8423650.14,8727528.36,9086078.45,9315823.26,9149144.48,9164960.78,9351470.26,9358767.99,9241244.52,9354604.81,9911652.06,9813866.99,9504652.78,9006875.29,8236568.96,7589345.87,2018-10-25
1394,7078600.28,6831551.04,6634336.39,6608081.39,6898061.81,7422445.65,7619646.98,8047347.64,8483703.18,8783682.5,9083031.3,9321406.08,9149896.75,9196657.52,9378530.09,9364409.99,9203690.2,9248300.71,9985480.38,9838047.56,9558055.33,8949582.8,8278380.69,7704449.57,2018-10-26
1395,7230967.09,6953601.2,6791392.48,6712917.42,6821149.72,6970238.68,7093285.15,7628158.95,8188125.39,8535581.3,8877943.43,9060103.42,8933380.83,8746795.48,8592877.84,8431930.43,8287979.87,8540059.46,9459450.48,9421864.78,9145959.46,8621937.83,7965515.41,7395217.89,2018-10-27
1396,6944909.34,6655296.06,6494421.73,6377784.05,6367676.52,6231671.71,6165422.83,6515155.47,6907796.68,7237745.89,7491357.95,7744229.04,7790108.65,7687414.79,7557424.03,7463314.32,7375960.08,7693027.67,8746090.5,8806757.56,8654616.66,8266970.95,7708618.21,7147517.21,2018-10-28
1397,6769646.0,6546588.05,6435282.59,6383884.92,6652073.61,7193591.11,7360502.86,7836494.45,8359123.74,8708750.87,9013076.51,9293628.8,9098441.2,9121509.79,9301835.32,9237207.85,9108116.76,9161044.4,9808812.06,9748333.41,9588037.83,8999129.02,8151768.41,7476104.89,2018-10-29
1398,7022613.74,6775245.93,6637719.41,6624454.4,6896833.42,7460651.38,7607891.88,8013382.7,8463275.65,8799038.39,9179992.19,9365016.97,9122131.9,9231398.46,9391451.39,9353451.55,9240190.42,9320189.06,9963038.78,9826350.81,9529256.67,9066207.74,8266156.78,7543960.66,2018-10-30
1399,7045693.82,6804792.87,6653455.75,6590577.84,6925742.6,7446635.86,7609130.39,8006209.5,8534168.38,8839185.36,9202747.0,9443946.56,9268343.89,9352800.06,9517443.05,9435123.37,9181572.17,9145581.74,9580604.74,9393306.8,9245394.22,8876049.23,8247316.1,7647031.11,2018-10-31
1400,7152257.6,6866753.16,6722447.27,6704894.58,6957157.81,7436116.23,7583633.97,8013101.44,8450130.57,8829639.2,9182285.46,9439694.24,9243181.54,9274322.32,9370491.7,9349813.28,9278192.84,9415007.63,9923778.38,9811929.42,9648261.69,9102647.62,8308065.82,7589780.06,2018-11-01
1401,7064493.24,6797370.6,6635108.87,6601198.53,6820496.75,7386444.99,7506613.43,7988867.13,8439210.9,8700840.78,8967846.49,9144604.73,8946163.33,8930752.7,9077453.73,9060441.74,8964358.0,9140549.73,9744405.07,9639542.18,9303564.67,8763800.04,8028004.09,7438555.92,2018-11-02
1402,7011681.57,6733904.3,6521324.15,6432213.47,6560676.45,6696003.89,6869235.41,7485988.68,8019038.17,8333272.38,8691958.93,8849487.55,8744479.6,8564509.64,8381066.83,8219806.01,8144312.57,8426586.12,9280592.64,9214086.79,8895577.71,8387743.37,7756197.37,7206907.75,2018-11-03
1403,6768576.23,6500890.17,6323314.73,6227163.0,6185172.75,6111103.38,6021949.33,6350241.41,6728126.85,7073741.04,7341974.29,7524702.37,7561278.62,7506847.55,7338268.64,7211893.37,7139317.41,7387664.79,8288837.51,8318059.96,8144067.05,7800373.21,7327976.23,6888462.88,2018-11-04
1404,6485781.86,6235123.2,6077637.13,5990308.0,6006340.74,6013431.91,5945937.94,6293444.11,6727254.22,7133920.71,7497323.36,7734848.21,7768256.75,7656601.33,7495121.42,7404973.29,7342804.45,7640440.94,8600517.23,8718528.66,8485165.12,8029640.0,7391363.78,6871991.42,2018-11-05
1405,6469712.03,6269799.95,6158831.24,6150230.89,6397934.84,6976227.22,7201365.61,7662387.71,8217544.19,8580958.44,8943418.46,9183691.81,8985956.59,9039484.61,9210902.25,9230870.99,9114548.91,9151849.4,9772700.32,9812976.46,9494838.99,8881635.27,8079436.05,7380111.25,2018-11-06
1406,6913991.86,6686552.94,6539436.57,6503403.02,6780916.22,7333732.9,7509325.81,7923178.94,8385320.51,8674957.64,8939815.66,9218114.05,9047667.27,9091617.39,9320638.2,9348822.01,9216069.24,9190243.22,9979562.2,9913021.39,9600493.34,9038504.62,8242603.69,7553377.42,2018-11-07
1407,7089964.92,6855768.96,6724353.48,6701296.62,6931114.89,7468620.65,7661944.31,8081696.22,8598595.65,8903414.56,9246381.21,9408449.83,9253669.69,9337022.08,9481112.8,9411065.83,9235039.88,9347073.35,9905867.37,9952614.18,9659949.11,9080324.77,8299170.79,7651351.06,2018-11-08
1408,7157172.26,6932844.71,6762446.28,6708130.57,6955698.79,7468800.13,7639781.09,8038889.49,8505849.61,8790156.55,9043905.1,9314010.72,9164875.24,9175088.64,9307844.87,9261367.18,9069913.45,9191414.99,9632443.23,9570697.29,9331657.96,8866844.23,8207632.23,7590677.91,2018-11-09
1409,7139298.84,6895512.22,6746152.63,6666028.39,6763413.24,6900550.37,7050101.96,7616559.65,8193389.25,8561755.48,8851774.77,9009394.17,8909162.39,8735837.6,8590973.48,8413059.67,8285321.38,8608142.59,9316075.35,9235041.67,9091224.38,8590192.33,8004316.59,7426065.75,2018-11-10
1410,6956093.11,6699226.33,6510578.42,6408418.72,6379247.44,6292302.91,6189422.9,6496929.83,6888993.95,7228213.65,7462477.02,7710944.1,7782423.83,7747849.42,7592881.06,7478375.69,7328531.9,7664735.06,8511095.27,8496078.29,8297655.43,7953384.36,7558831.8,7076972.06,2018-11-11
1411,6678431.87,6398056.65,6286614.78,6227313.78,6242486.97,6159493.78,6100816.96,6524078.58,6998618.21,7421131.89,7787754.18,8071708.43,8111861.25,8026925.85,7830247.98,7717349.96,7600966.69,8013748.02,8905414.69,8963916.89,8750315.49,8416036.2,7820523.67,7238162.46,2018-11-12
1412,6852737.56,6627537.6,6485976.87,6426698.15,6717809.52,7216087.43,7451625.67,7935984.72,8485977.02,8822435.35,9164926.9,9383052.53,9218666.5,9273111.21,9422487.08,9331925.05,9197285.77,9435849.34,9848452.39,9743551.0,9444492.68,8913772.02,8148621.98,7469764.07,2018-11-13
1413,7026673.21,6777311.63,6673861.08,6630161.79,6867868.49,7384738.9,7559562.76,7981864.73,8443183.81,8679380.31,9017819.95,9257841.24,9057680.28,9154909.04,9361154.88,9303175.47,9179453.76,9242319.57,9773754.98,9757551.27,9510899.96,9066083.14,8249423.5,7534945.27,2018-11-14
1414,7076821.08,6768686.31,6681046.86,6651671.46,6876913.04,7372680.74,7581076.65,8059321.13,8597792.81,8922636.29,9264926.58,9454742.77,9236154.99,9345489.93,9576358.68,9452792.61,9299648.92,9369953.16,10017180.34,9935162.7,9658183.66,9110964.61,8326838.23,7612027.34,2018-11-15
1415,7116566.8,6839819.42,6682711.23,6706525.02,6975529.09,7444485.21,7682144.21,8163658.6,8722868.01,9032681.8,9341607.83,9589508.22,9419476.66,9456208.37,9602278.4,9576930.58,9433299.46,9469870.7,10017782.0,9901954.43,9593821.04,9081635.39,8522473.24,7859077.15,2018-11-16
1416,7323099.29,7033281.03,6829463.8,6756022.68,6871065.3,6982470.06,7097826.43,7658010.92,8209676.36,8604922.01,8949927.5,9231562.68,9122137.11,8894710.11,8731124.87,8613150.43,8446586.63,8726883.41,9433014.76,9419223.0,9168042.2,8749888.02,8138793.62,7573289.0,2018-11-17
1417,7110037.17,6811411.51,6580147.67,6395005.35,6363310.3,6312386.83,6183356.43,6496462.04,6952625.49,7385645.49,7679367.42,7908924.63,7911334.71,7829546.02,7726883.01,7635817.06,7530570.94,7930498.47,8752994.28,8807953.74,8643460.35,8236647.63,7694377.18,7164159.27,2018-11-18
1418,6838873.22,6628644.77,6492251.14,6481179.49,6702937.14,7167532.29,7437668.21,7869588.31,8422968.1,8753780.87,9108281.95,9407642.06,9168499.16,9236847.17,9386446.84,9388114.72,9275107.63,9337673.6,10018688.34,9968064.81,9719042.95,9138137.34,8333425.12,7615844.19,2018-11-19
1419,7044720.92,6870994.59,6664580.34,6598677.81,6816051.99,7346554.53,7605500.39,8067671.18,8597716.95,8954572.05,9287879.02,9517447.5,9378779.79,9375587.56,9500544.53,9471071.64,9315463.86,9341056.56,10067082.4,9957107.49,9653232.6,9065694.54,8346988.35,7639986.99,2018-11-20
1420,7071265.61,6812700.39,6678350.34,6572580.79,6834390.15,7379763.15,7647459.8,8070611.73,8623641.22,8910320.71,9224138.64,9437472.03,9239047.53,9248995.06,9402494.26,9357150.95,9232399.16,9352313.12,10040167.01,9947466.7,9645210.94,9074462.42,8247426.8,7602227.66,2018-11-21
1421,7176392.84,6909239.91,6752713.08,6596419.62,6880022.3,7341430.53,7630822.75,8118368.75,8635482.98,8941332.16,9240071.13,9478129.65,9317260.34,9360748.83,9546291.39,9493031.4,9378183.08,9426956.87,10064011.84,9947286.0,9676494.92,9116484.81,8392481.82,7679597.04,2018-11-22
1422,7086356.45,6766457.92,6596551.05,6596783.24,6805488.84,7185850.14,7487846.83,8044793.29,8560291.5,8877325.74,9195479.55,9406475.63,9238550.04,9324456.39,9472316.69,9446646.57,9233338.6,9296884.54,9947255.53,9833036.61,9535378.68,8997574.11,8334104.13,7673460.02,2018-11-23
1423,7200388.39,6867237.79,6701523.63,6629967.4,6732824.01,6862042.66,6996073.19,7612711.83,8167960.43,8504838.55,8866996.48,9059735.22,8897842.06,8677794.21,8544586.97,8455554.51,8360714.41,8595014.56,9420876.11,9368450.49,9099315.16,8612475.23,8002633.8,7467877.71,2018-11-24
1424,7012848.93,6711659.51,6557030.51,6406769.82,6365821.45,6277411.82,6015646.41,6289797.84,6734837.83,7089331.24,7346725.96,7525286.85,7575291.07,7570450.83,7479692.0,7377516.97,7285416.41,7737965.45,8711153.52,8740280.85,8682126.89,8306845.93,7740745.77,7233479.45,2018-11-25
1425,6884853.97,6632461.36,6450346.6,6401887.8,6608931.72,7008924.4,7316751.97,7917448.72,8484368.71,8843865.23,9154092.8,9379700.4,9296523.38,9291951.16,9438937.24,9317524.66,9164561.17,9266323.29,9931332.06,9853539.85,9566234.06,8966867.62,8247186.28,7559476.14,2018-11-26
1426,7052139.62,6823376.1,6621617.19,6604662.59,6798998.35,7178190.0,7422375.51,7940811.61,8462801.75,8778084.98,9080858.99,9251206.7,9087433.58,9090968.2,9205557.47,9154226.68,8997410.32,9118493.86,9785266.92,9665688.26,9353862.5,8799120.99,8054396.17,7345760.7,2018-11-27
1427,6850302.47,6659376.38,6501513.83,6470029.82,6689273.93,7057581.28,7343794.44,7986743.81,8461902.52,8717098.36,8994227.48,9301410.17,9176174.39,9161480.86,9305536.06,9246472.42,9058519.23,9063291.73,9826762.62,9771186.07,9432567.01,8841342.24,8097010.89,7431062.83,2018-11-28
1428,6986871.09,6657208.1,6499598.85,6487344.56,6674071.55,7105455.21,7401860.62,7959519.17,8499902.93,8805378.16,9110772.71,9286315.69,9148097.7,9163470.42,9264933.96,9239786.02,9129157.96,9222864.09,9886275.69,9784891.47,9486062.0,8964155.86,8225146.18,7538467.02,2018-11-29
1429,7033642.31,6819503.06,6652523.61,6579098.35,6798068.31,7144933.43,7383463.35,8003779.7,8521335.46,8752259.65,9120574.68,9378572.58,9183359.46,9216340.99,9281345.8,9262211.02,9100281.72,9128754.85,9796758.12,9656863.34,9387592.43,8864761.85,8206652.93,7630182.38,2018-11-30
1430,7135414.62,6875494.52,6696727.22,6602084.18,6681206.85,6805227.97,6884642.35,7403561.79,7892591.55,8285012.67,8590804.12,8763160.8,8651970.12,8489183.58,8387365.26,8270321.25,8134335.99,8326365.26,9245171.06,9193337.38,8912313.52,8481572.72,7929676.81,7370059.69,2018-12-01
1431,6915104.95,6616520.75,6397614.47,6254171.4,6242056.92,6162705.8,5965524.04,6264566.01,6669928.17,7022538.42,7305537.29,7491202.61,7554672.14,7508383.25,7386703.18,7301698.92,7191518.35,7460230.27,8519201.64,8636214.59,8512333.67,8202425.81,7711627.96,7174874.62,2018-12-02
1432,6768503.29,6530782.99,6350299.61,6286770.42,6481458.75,6834837.2,7145434.24,7752565.3,8365311.5,8726906.35,9066728.96,9312436.03,9186097.81,9198351.3,9325599.34,9274793.32,9109946.46,9156297.93,9880992.93,9833370.33,9556209.72,9052250.7,8300619.24,7605845.49,2018-12-03
1433,7088122.03,6799165.23,6629226.89,6581876.14,6759411.91,7096392.7,7350513.01,7938633.86,8504891.44,8767444.86,9055305.28,9240638.92,9171315.91,9186757.97,9374301.94,9335230.2,9130644.43,9099084.86,9884442.73,9818386.13,9539092.19,9002555.43,8242765.14,7567788.55,2018-12-04
1434,7054349.97,6792097.05,6611720.69,6549366.62,6732056.31,7063076.53,7283618.65,7888739.02,8431329.71,8754401.75,9013494.03,9232911.47,9083527.61,9104414.89,9275541.53,9262531.94,9043584.72,9084331.52,9786963.85,9747767.52,9443528.2,8902418.71,8141034.05,7483310.59,2018-12-05
1435,6932018.76,6742083.52,6562999.1,6493922.08,6639335.1,7020292.38,7241936.19,7827242.09,8348511.89,8679931.21,8998653.77,9239300.67,9112768.89,9037726.37,9267353.45,9225977.33,9063635.98,9088020.92,9807212.2,9744501.11,9457812.83,8945081.32,8182966.36,7523746.87,2018-12-06
1436,7089075.45,6794784.33,6627721.89,6565571.24,6753213.17,7122826.35,7334928.96,7893449.39,8456479.91,8778920.2,9076747.06,9287812.01,9197868.92,9159781.32,9234738.18,9196578.8,8932515.21,8826514.18,9571880.1,9325363.17,8888891.37,8395102.04,7887672.18,7405663.91,2018-12-07
1437,6982415.43,6686849.79,6511111.66,6432924.17,6427289.59,6308373.63,6245155.34,6703045.47,7168433.79,7521728.39,7858656.7,8067336.81,8139785.0,8043962.32,7942994.95,7828398.81,7661265.28,7835874.06,8813306.84,8816124.26,8609732.76,8209698.85,7751731.08,7316200.1,2018-12-08
1438,6862337.31,6584301.87,6391983.85,6258475.0,6206182.12,6175301.6,5993974.57,6304177.5,6765904.64,7136288.72,7437877.84,7621276.07,7725467.72,7677310.58,7653204.31,7594378.85,7499643.18,7607813.58,8638409.51,8779882.18,8592878.74,8271137.15,7777663.94,7248616.38,2018-12-09
1439,6815740.27,6549725.81,6408916.23,6383724.43,6543080.28,6857208.77,7096643.58,7715590.07,8359838.23,8730706.06,9123645.9,9370415.6,9240604.65,9278024.07,9437320.72,9423696.25,9248195.47,9164261.93,9982975.7,9984527.72,9708116.48,9140282.81,8386879.96,7675654.92,2018-12-10
1440,7225746.47,6898137.73,6735476.44,6714004.93,6870827.8,7191668.21,7403586.54,7980745.16,8588647.75,8899314.23,9222083.82,9482501.28,9308319.33,9319179.06,9504837.25,9467424.81,9268960.78,9217912.34,10005049.73,9963295.97,9694898.11,9177690.82,8412468.72,7708104.86,2018-12-11
1441,7205152.73,6903381.5,6768050.76,6642084.61,6860936.02,7211988.94,7456482.43,7983709.15,8518870.91,8816577.78,9128870.01,9370460.14,9245846.01,9296769.6,9413213.25,9388425.55,9253125.15,9162200.76,10005817.68,10022028.45,9752329.54,9214301.23,8481030.33,7808832.58,2018-12-12
1442,7270303.86,7001837.27,6815813.65,6745112.57,6903944.77,7219579.19,7420965.69,8021287.43,8575455.73,8920430.59,9270364.83,9495307.73,9371184.1,9339321.64,9453888.65,9434824.83,9265472.99,9241390.75,9987005.0,9906969.26,9619228.03,9127929.52,8387076.55,7753132.12,2018-12-13
1443,7167879.9,6985099.2,6714752.87,6727247.58,6801851.46,7230437.81,7330493.45,7995426.11,8584899.02,8887898.98,9173013.54,9412844.38,9286059.28,9284874.49,9377656.01,9296126.31,9108690.62,9017223.78,9813915.62,9700882.86,9480290.47,8970503.94,8194481.98,7564210.26,2018-12-14
1444,7114692.78,6835631.15,6598597.89,6508242.09,6602440.52,6743768.53,6772793.26,7393797.16,7945567.14,8319389.62,8602282.79,8795969.7,8723473.58,8580219.05,8438638.84,8309021.8,8154722.68,8210061.5,9193591.41,9243971.72,9009636.49,8636774.82,8070731.82,7484575.75,2018-12-15
1445,6907045.49,6606969.04,6381088.97,6237768.94,6196190.0,6136951.53,6058493.25,6346116.12,6773079.37,7141054.95,7429021.08,7602108.33,7674700.86,7643285.57,7519648.33,7458423.91,7406781.38,7550566.96,8434145.5,8484024.03,8419471.01,8196728.48,7738809.4,7264256.51,2018-12-16
1446,6848330.7,6564151.64,6393804.03,6328270.11,6488456.48,6790275.59,6994930.12,7644561.66,8272567.03,8681164.96,8973550.46,9255570.38,9153738.48,9120663.23,9234052.47,9205595.81,8955905.41,8798140.58,9701097.0,9625709.13,9390484.61,8875824.75,8153440.14,7467065.93,2018-12-17
1447,6996155.12,6723237.77,6545952.48,6476972.82,6648293.5,7017936.43,7117680.12,7685283.9,8355822.6,8807851.32,9130999.61,9366436.06,9260655.54,9277161.81,9428179.79,9348046.25,9108582.78,8978778.31,9781309.63,9725555.58,9494735.07,8954323.81,8280409.15,7570007.45,2018-12-18
1448,7054788.02,6748008.92,6591217.76,6486738.3,6645878.48,6940094.08,7124835.62,7747576.72,8336630.11,8639372.39,9064893.72,9321866.36,9248290.1,9232575.34,9377256.54,9339035.15,9114373.68,8946571.8,9749146.57,9715868.41,9472598.24,8938690.02,8220780.7,7555610.28,2018-12-19
1449,7039915.3,6764796.27,6673597.48,6571762.45,6705062.03,6977131.98,7102582.35,7709985.33,8268877.84,8596134.82,8868780.08,9131254.63,9010475.51,8968752.78,9116767.16,9153964.62,8949896.13,8840752.93,9617690.36,9541167.85,9318177.47,8912026.81,8232118.14,7588691.43,2018-12-20
1450,7077736.44,6784542.07,6577458.2,6524002.72,6653176.63,6910706.97,7130801.22,7757081.34,8366712.15,8673711.58,8982931.51,9194831.04,9026630.21,8958373.95,9063127.76,8991162.57,8784854.21,8729300.3,9514705.36,9478003.08,9220525.85,8703089.94,8105048.84,7502757.7,2018-12-21
1451,7035047.19,6742742.54,6562322.31,6479991.17,6554009.69,6649372.65,6647583.4,7198008.92,7786106.09,8102703.83,8368273.66,8500272.41,8396922.3,8272962.3,8136542.74,8048491.82,7918861.01,7940975.38,8797634.3,8895742.73,8642023.47,8352846.13,7902961.03,7321719.12,2018-12-22
1452,6815107.62,6464768.25,6210466.37,6076105.4,6052610.79,6032168.15,5851701.65,6137919.16,6545290.77,6941304.72,7209069.48,7367495.82,7420865.15,7412252.7,7312693.32,7225216.32,7103986.34,7201080.6,8232429.23,8385384.69,8271325.74,8032669.28,7618657.77,7058909.39,2018-12-23
1453,6615112.93,6278053.98,6082249.73,5948596.54,6039847.02,6178941.38,6213502.89,6649976.07,7174711.79,7570819.06,7790074.16,7898132.2,7822611.23,7625919.52,7475365.82,7361663.66,7210414.0,7262581.85,8383452.4,8406540.52,7967451.0,7431220.92,6999912.53,6659100.96,2018-12-24
1454,6496397.64,6311031.9,6095763.8,5944415.83,5807523.45,5684353.53,5282511.12,5416591.91,5683521.9,5992419.7,6303757.48,6505487.64,6556219.2,6518227.63,6476054.45,6383598.84,6338131.59,6458308.46,7386455.62,7645308.56,7503643.97,7226015.35,6878399.17,6559153.04,2018-12-25
1455,6094820.31,5862107.36,5787482.64,5683905.99,5749892.67,6040572.39,6261893.64,6839639.15,7495428.84,7922882.17,8265278.67,8578189.89,8533290.09,8525311.0,8624043.56,8590406.25,8476473.05,8330771.14,9240545.51,9356975.22,9082130.43,8627171.15,7826534.91,7179485.3,2018-12-26
1456,6708831.0,6399024.92,6214829.13,6155084.98,6267440.36,6539081.89,6650591.86,7123133.94,7738473.05,8113965.66,8435995.69,8842872.14,8761084.26,8697982.56,8873979.25,8832981.36,8662755.35,8541743.15,9380104.43,9458584.71,9180369.0,8706253.71,8028466.82,7418628.55,2018-12-27
1457,6898204.99,6632246.58,6400148.83,6330635.35,6432976.07,6662866.17,6776464.11,7283243.12,7852273.09,8215940.28,8545314.33,8780864.53,8671959.74,8648903.16,8764522.49,8720551.32,8565272.35,8434789.72,9284642.75,9377177.7,9112117.92,8684056.4,8052249.48,7458761.1,2018-12-28
1458,6844141.95,6544468.9,6308740.67,6232956.95,6287298.37,6416897.76,6357613.64,6745163.44,7267840.23,7644728.88,7982869.31,8180351.85,8146147.56,8066494.83,7936637.0,7842410.43,7665550.18,7679524.06,8655276.14,8833691.05,8626702.34,8161119.95,7699133.05,7157646.66,2018-12-29
1459,6687857.35,6371617.73,6179603.28,6013056.17,5995688.92,6008735.05,5824289.87,6030479.92,6373472.05,6707525.13,6990135.41,7213108.86,7189606.76,7172590.37,7136061.62,7064306.82,6981624.29,7010759.24,7989457.77,8214338.93,8051755.68,7764215.82,7334313.99,6855918.59,2018-12-30
1460,6428859.71,6142684.42,5925859.61,5835252.19,5839091.75,5955448.9,5871938.69,6192285.76,6684683.1,7014285.47,7239856.64,7348881.14,7330584.79,7261015.89,7165573.83,7089672.41,6972166.99,7030937.77,8061441.43,8220995.77,7842133.43,7319601.3,6913804.35,6548775.37,2018-12-31
1461,6235333.96,6059405.81,5870845.72,5699176.25,5665101.75,5434810.39,4970665.48,5129561.5,5362085.93,5512746.38,5745732.55,5934289.9,6030383.65,6039480.77,5970030.62,5917377.57,5848176.51,5921028.09,6928221.06,7291895.55,7171193.56,6905081.96,6555007.33,6169805.1,2019-01-01
1462,5925533.34,5773632.12,5641394.85,5582147.76,5639618.09,5800234.26,5880512.3,6420810.08,7060730.31,7461405.71,7840076.27,8126707.53,8145619.3,8152404.57,8204111.83,8202768.81,8051990.27,7869161.63,8660802.76,8865703.13,8660655.04,8267621.53,7677771.07,7075342.06,2019-01-02
1463,6595188.08,6334277.05,6145048.46,6103792.02,6200395.7,6408399.6,6460478.31,6953993.22,7541136.42,7914042.98,8260464.71,8548429.78,8526709.54,8560190.65,8653907.24,8638817.73,8394322.05,8251759.73,9048144.5,9213768.66,8973344.31,8550449.87,7910610.93,7311246.86,2019-01-03
1464,6812299.77,6526706.67,6359974.45,6266674.87,6348121.5,6569384.77,6621183.81,7110967.52,7706762.4,8102375.46,8473655.72,8754522.27,8712552.67,8741167.25,8849031.08,8818018.65,8639005.05,8392419.31,9156263.12,9359527.35,9087809.51,8647913.18,8086770.79,7487978.27,2019-01-04
1465,6913570.71,6612233.68,6420919.28,6309445.39,6331671.08,6415575.39,6357552.88,6760259.87,7324722.74,7728319.58,8096617.42,8318878.41,8306225.66,8180744.39,8025907.45,7959281.45,7819603.56,7789232.61,8803808.3,9032714.28,8801925.98,8256034.7,7720309.17,7208935.96,2019-01-05
1466,6774082.12,6475922.1,6286550.96,6179116.31,6138647.33,6127880.1,5884496.47,6068533.89,6370954.79,6632579.57,6901334.51,7120303.3,7199240.03,7126885.06,7031722.61,6924236.11,6827771.9,6916609.27,7903190.76,8144999.84,7967963.23,7645792.06,7230601.18,6830708.76,2019-01-06
1467,6430448.18,6171918.45,5987545.99,5918371.66,5897961.57,5944994.57,5794697.73,5979009.2,6379817.03,6716763.68,7014810.34,7275400.04,7407132.87,7374913.6,7276634.45,7181365.04,7087510.25,7159420.41,8219364.19,8514141.03,8318633.57,7834358.66,7324945.12,6859511.61,2019-01-07
1468,6462300.9,6232447.92,6112260.5,6117401.76,6190348.21,6470458.77,6639568.95,7156395.46,7754688.47,8139436.35,8505855.89,8802284.11,8706728.67,8740712.26,8776258.9,8734482.04,8532255.23,8394421.68,9203403.53,9297672.54,9038378.24,8424541.43,7718682.44,7119838.34,2019-01-08
1469,6620380.52,6370910.73,6301561.09,6258056.78,6395773.45,6685673.46,6769961.16,7189999.99,7705983.09,7991075.8,8307509.23,8531657.08,8472812.66,8442426.67,8523334.67,8478002.01,8318976.74,8218867.95,8957367.72,9098808.75,8815844.01,8291434.63,7633732.59,7005588.87,2019-01-09
1470,6570576.93,6341492.94,6173359.48,6103791.18,6235064.37,6545061.24,6745360.18,7166060.58,7727001.44,8084312.35,8394840.54,8562337.64,8501603.31,8502252.41,8571610.31,8547955.58,8412849.04,8212494.07,8933408.41,9082208.4,8825927.23,8309304.27,7650634.33,7051355.91,2019-01-10
1471,6686709.61,6426536.98,6254608.0,6230285.46,6371081.52,6698052.94,6875840.6,7396348.96,7963572.79,8276326.72,8613180.96,8849533.28,8785361.82,8698954.29,8830685.48,8808668.09,8647677.41,8428564.04,9100498.11,9301892.29,9006309.61,8491033.16,7857510.13,7284691.16,2019-01-11
1472,6725356.22,6461022.97,6308039.53,6218132.79,6310090.34,6483801.15,6561402.06,6973599.08,7498988.23,7885115.72,8202154.43,8409437.83,8409355.89,8234214.34,8083643.0,7939599.85,7752942.21,7734368.23,8701652.73,8944455.19,8684313.5,8076721.55,7489357.0,7056239.88,2019-01-12
1473,6734704.15,6464152.07,6251530.58,6135024.96,6100192.56,6095885.97,5916761.98,6109487.6,6497516.45,6839533.59,7102442.77,7345672.68,7437739.31,7412986.41,7289508.42,7174040.47,7050092.67,7118381.06,8005051.17,8298874.97,8173419.93,7843815.64,7340638.88,6916180.29,2019-01-13
1474,6529025.84,6280321.62,6134864.98,6007391.27,6237681.59,6621110.4,6813281.42,7331935.24,7904802.71,8219449.1,8588806.51,8816496.13,8698593.05,8713012.23,8852640.99,8803192.87,8623648.55,8407984.11,9036598.01,9239084.13,9001783.45,8522603.3,7819294.22,7165578.24,2019-01-14
1475,6824583.53,6589723.92,6431386.18,6313622.48,6464621.8,6811321.31,7013003.84,7501189.23,7967726.89,8279618.75,8662539.29,8905867.02,8748766.38,8777163.97,8970987.06,8964313.46,8748613.19,8453151.48,9203569.95,9456134.52,9157809.62,8645747.88,7936244.9,7335550.9,2019-01-15
1476,6827379.47,6574403.18,6408676.0,6351588.21,6498489.93,6872872.8,7097132.67,7641155.63,8222280.95,8534477.76,8848319.73,9089696.98,8983766.37,8976502.16,9130481.54,9111933.06,8897023.36,8624867.49,9197252.25,9430030.34,9267038.13,8794287.8,8073948.65,7399072.72,2019-01-16
1477,6877888.68,6641056.25,6485619.4,6424497.78,6578325.07,6966407.56,7152148.91,7737524.38,8165331.6,8485464.1,8887545.21,9169992.06,9018954.54,9035219.44,9218806.63,9244243.58,9047790.91,8731561.88,9404327.43,9659158.0,9380729.74,8856170.26,8041438.72,7430194.03,2019-01-17
1478,7014364.34,6731765.82,6552749.79,6503850.58,6666531.14,6972614.32,7186550.43,7654355.39,8232798.09,8581270.74,8897020.08,9110200.23,9008448.75,9090863.56,9163720.65,9125665.4,9044115.9,8790601.16,9274907.27,9465761.43,9213881.59,8697894.63,8090413.3,7454802.39,2019-01-18
1479,7086462.5,6813454.92,6619486.79,6554724.46,6601702.6,6634530.06,6581263.72,7048943.71,7617043.88,7988196.04,8340927.34,8546403.46,8493577.91,8320584.51,8194845.83,8099563.88,7923564.04,7831999.33,8620315.52,8898115.29,8627997.89,8140579.74,7594356.68,7040627.56,2019-01-19
1480,6564809.04,6247085.89,6035682.07,5940389.78,5871858.93,5863142.13,5647465.84,5901026.47,6446512.63,6785097.97,7063877.43,7271826.69,7221063.82,7205574.17,7086043.47,6995883.08,6847050.04,6906143.79,7843934.12,8262404.08,8175078.64,7832861.14,7302202.99,6760389.89,2019-01-20
1481,6403064.27,6154966.76,6016553.1,5964813.54,6141329.98,6662979.86,6907909.75,7600280.85,8242237.99,8541617.34,8804698.29,9048097.14,8959570.5,8931921.77,9173468.98,9156249.19,8964071.01,8655584.39,9023620.78,9258621.28,9023508.64,8499380.09,7722365.95,7054051.87,2019-01-21
1482,6660596.25,6574852.44,6447627.89,6411485.96,6599638.64,6800633.19,6990398.12,7410940.05,7966209.1,8275935.01,8678436.32,8899397.47,8745516.33,8788194.16,8985071.64,8966582.2,8793320.53,8478548.73,9047078.98,9323533.61,9049647.38,8552435.74,7812167.39,7114291.82,2019-01-22
1483,6617373.42,6358071.14,6226461.41,6219198.39,6408093.02,6869725.03,7024970.78,7441226.4,7989089.44,8345929.39,8709453.21,8952476.06,8773495.1,8818261.85,8986924.32,9005172.77,8840206.51,8553556.59,9117468.42,9452260.36,9268925.81,8747619.52,7994203.81,7347852.85,2019-01-23
1484,6855360.12,6573186.26,6373976.5,6339909.09,6505618.2,7024390.41,7228508.31,7616997.4,8174805.53,8478306.03,8869813.58,9118828.27,8956885.44,8989772.88,9174019.1,9121112.49,8939718.14,8588136.21,9183825.45,9513914.79,9322141.48,8831378.03,8099730.26,7417570.97,2019-01-24
1485,6920027.4,6621887.18,6496367.59,6434693.89,6622589.78,7106037.27,7259701.65,7733397.03,8267825.47,8591903.41,8947173.2,9139311.04,9043576.17,9084881.5,9287854.07,9238508.89,9032086.97,8716791.14,9302518.19,9560664.13,9271387.53,8762672.77,8105269.53,7442125.31,2019-01-25
1486,6974384.62,6669850.55,6566150.39,6413698.77,6473113.9,6641296.39,6712613.66,7192315.67,7779740.21,8184195.45,8525397.29,8753231.1,8665498.32,8512948.35,8355138.72,8267739.32,8073830.79,7943445.6,8727856.23,9041616.09,8815483.86,8327009.6,7732505.27,7198196.75,2019-01-26
1487,6732194.9,6457467.41,6222764.88,6098249.54,6037535.32,6051022.58,6001165.51,6111601.94,6474383.94,6843587.37,7135868.02,7377963.6,7444318.92,7418897.45,7336323.88,7280824.3,7141358.92,7086333.64,7997349.33,8471338.84,8394561.84,8081985.94,7536085.61,6956995.33,2019-01-27
1488,6573748.19,6294266.16,6135235.75,6122424.85,6375492.76,6939151.11,7144051.34,7578952.59,8153964.74,8483815.05,8864817.16,9073203.63,8895400.51,8910959.47,9029226.29,8965614.55,8736129.58,8508931.29,9100410.47,9363816.66,9099174.44,8592363.56,7812853.12,7102382.75,2019-01-28
1489,6664463.65,6476042.59,6337104.03,6310164.21,6526573.25,7086917.1,7289303.7,7602051.1,8056599.07,8371032.54,8731941.22,8945347.2,8771871.56,8879717.17,9059587.02,9067539.17,8908284.58,8590230.55,9147145.77,9448647.03,9213272.03,8716369.1,7983268.15,7322530.33,2019-01-29
1490,6828883.5,6595407.05,6442261.21,6385353.79,6576335.42,7143585.93,7305140.75,7604423.79,8077320.86,8359759.79,8688193.46,8903271.63,8744810.79,8792076.63,9021080.22,9019883.88,8833483.87,8565795.67,9225418.55,9604824.04,9296803.29,8714521.09,7975252.53,7288787.49,2019-01-30
1491,6771767.46,6547364.81,6436319.3,6425789.25,6528475.21,7088928.63,7240862.0,7609719.04,8106253.4,8459049.76,8811213.99,9022465.64,8812558.78,8874224.36,9017156.73,9027175.51,8874955.14,8542530.2,9165309.28,9471846.56,9234682.93,8769621.25,8051935.29,7334060.23,2019-01-31
1492,6837755.91,6559890.06,6422956.45,6383149.61,6583833.68,7158113.69,7288820.21,7624058.51,8093148.63,8328557.89,8580075.78,8804208.52,8655395.01,8755080.94,8993183.56,9016780.65,8860159.02,8592864.34,9139243.48,9346667.53,9104482.23,8627078.05,7985692.9,7330726.43,2019-02-01
1493,6884793.34,6613108.78,6418406.5,6338190.66,6408571.09,6574452.64,6674393.82,7076362.83,7624546.71,7985563.14,8313167.05,8531208.82,8497910.34,8331444.39,8188789.69,8069621.41,7910494.53,7864704.08,8660754.77,8987114.65,8727572.88,8257874.09,7660105.14,7062727.63,2019-02-02
1494,6658181.08,6330238.65,6119087.75,5975804.67,5937043.31,5890637.1,5743420.38,5989078.46,6398736.46,6739565.83,6994175.11,7214392.32,7307170.76,7293403.75,7181886.84,7098532.86,6980923.56,6959719.29,7844017.89,8366604.18,8313080.94,7954043.74,7405246.92,6850933.69,2019-02-03
1495,6471158.81,6242150.27,6106948.86,6089013.92,6360019.01,7002061.06,7189926.31,7507212.67,8032589.34,8376585.54,8748318.92,8999022.14,8816951.73,8913376.3,9106034.9,9117784.34,8968256.72,8679827.47,9311657.51,9666921.77,9409576.36,8758807.49,7954511.92,7270412.67,2019-02-04
1496,6788288.74,6581431.1,6426760.2,6383448.1,6662186.07,7323761.98,7475429.43,7824886.46,8268762.39,8484337.55,8820169.24,9043489.35,8856756.28,8979450.83,9210094.06,9177990.07,8990218.5,8825045.33,9436932.5,9767927.07,9459133.45,8860893.53,8062245.76,7364854.9,2019-02-05
1497,6875569.62,6632754.05,6581735.0,6521764.24,6730750.92,7351709.86,7491871.37,7779876.61,8199076.96,8473325.23,8835487.45,9064050.15,8911033.31,9015488.94,9266820.56,9239587.3,9037843.56,8734124.43,9305458.03,9636946.16,9408002.98,8811914.52,7994563.34,7298691.55,2019-02-06
1498,6848899.94,6626559.94,6491122.03,6465657.36,6712081.63,7354898.32,7464221.45,7802892.6,8252560.84,8528645.29,8839914.85,9092111.98,8910844.07,9038654.71,9292383.49,9275189.43,9017979.45,8765991.58,9370333.4,9659902.61,9380035.87,8820063.95,8037985.6,7337981.64,2019-02-07
1499,6866866.18,6625097.46,6457870.59,6384919.55,6654554.63,7288082.76,7422919.12,7741327.65,8187470.39,8451460.95,8748361.44,8995069.73,8786501.11,8875748.62,9054899.38,9068477.98,8860853.98,8595384.38,9120129.12,9402078.63,9163332.97,8646878.42,7949942.86,7302534.67,2019-02-08
1500,6861469.59,6669582.54,6420110.97,6463539.41,6449604.03,6655249.73,6795124.33,7211244.23,7764246.94,8131254.37,8411347.35,8568995.49,8504224.18,8313253.92,8197354.17,8083037.21,7923507.91,7875235.77,8611489.26,8966937.76,8717192.32,8207584.08,7609673.74,7020241.86,2019-02-09
1501,6548792.61,6292080.55,6089143.59,5958541.91,5945532.53,5921636.21,5714232.28,5989213.35,6366954.69,6726796.31,6992689.98,7186023.45,7266647.76,7251894.78,7146247.94,7106536.82,7047346.78,7052348.07,7916340.28,8410416.32,8310156.13,7963508.42,7406426.3,6828511.56,2019-02-10
1502,6489581.63,6243544.58,6068422.47,6054776.56,6332579.41,7064265.69,7198731.0,7502208.98,8035587.55,8380144.27,8733644.76,8979665.02,8836938.45,8944250.53,9160014.18,9148116.62,8941504.12,8626148.01,9254235.86,9630265.48,9366176.64,8764995.64,7974874.33,7278130.98,2019-02-11
1503,6819201.4,6561456.3,6398207.83,6354006.72,6611749.4,7325631.58,7426971.75,7705932.66,8112513.67,8385537.12,8734578.52,8983630.54,8790862.67,8935823.25,9163566.38,9147756.61,8981692.97,8642068.22,9236151.58,9640503.13,9402313.89,8820213.62,8015486.16,7312857.13,2019-02-12
1504,6841790.56,6582410.09,6416042.02,6318919.22,6575808.67,7307356.97,7421761.99,7724134.91,8241533.77,8521714.6,8834956.06,9090216.86,9002596.22,9119949.36,9349947.19,9343951.64,9145867.18,8832242.64,9377390.41,9756317.17,9467619.37,8963114.54,8150924.5,7420541.79,2019-02-13
1505,6916787.73,6696857.42,6542615.11,6494755.8,6655216.29,7167205.44,7366832.64,7748615.65,8232366.39,8523157.11,8882560.26,9181156.1,9016010.99,9079491.25,9256805.69,9268393.31,9094271.59,8794294.16,9393539.1,9808618.54,9539624.56,9030102.36,8217057.27,7528593.93,2019-02-14
1506,7016041.37,6763423.4,6603216.71,6510156.95,6735738.7,7390378.0,7512826.21,7810133.56,8311354.65,8619501.85,9021806.05,9259096.7,9040479.01,9136354.25,9351296.19,9357775.1,9189462.7,8820941.88,9359531.48,9760234.16,9491239.1,8999365.8,8322230.57,7624870.9,2019-02-15
1507,7177124.33,6858066.37,6668761.97,6558297.09,6645203.05,6849596.3,6973050.28,7392290.96,7942239.85,8340074.58,8659110.65,8890196.51,8772812.67,8607724.03,8441141.32,8358031.82,8199734.7,8124884.56,8757110.26,9123862.59,8886123.19,8394846.54,7868368.76,7266363.07,2019-02-16
1508,6842339.07,6530799.93,6280138.87,6177953.35,6127763.1,6138036.32,5962556.71,6169122.23,6552707.83,6878441.21,7143968.54,7418134.94,7509268.63,7457157.57,7380003.73,7291418.42,7115054.69,7167086.25,8084697.67,8566405.23,8444688.85,8075613.91,7534114.18,6991796.98,2019-02-17
1509,6601845.67,6344446.57,6192265.92,6152019.86,6389232.64,7082667.97,7243934.93,7497384.59,8073045.88,8402010.45,8786723.22,9061535.86,8856895.89,8967637.5,9040506.48,9092191.25,8938482.13,8607414.9,9229030.55,9571733.36,9288360.1,8762477.77,7896473.9,7211991.16,2019-02-18
1510,6732182.04,6488389.51,6329424.44,6271683.32,6521704.75,7393422.34,7530851.81,7649492.93,8051928.38,8325268.44,8631732.16,8836082.0,8642766.27,8728664.94,8996786.6,9013652.03,8850287.28,8579546.77,9315394.6,9525502.25,9218823.1,8669014.77,7818516.33,6988980.21,2019-02-19
1511,6463713.17,6329233.66,6238795.88,6195601.63,6430147.09,7132793.47,7292975.03,7615658.48,8011405.93,8287702.53,8631138.25,8839526.5,8658788.08,8784653.45,8962215.77,8932285.5,8779574.58,8477681.73,9238198.69,9579938.83,9196139.61,8607979.05,7776052.06,7107430.82,2019-02-20
1512,6642629.53,6407419.76,6262260.62,6228206.27,6476604.72,7140587.64,7247507.51,7566555.04,8076140.08,8280871.05,8634824.1,8875972.89,8768156.13,8891847.1,9079199.65,9105984.51,8933678.44,8557892.97,9193791.08,9500569.53,9255795.93,8727620.53,7912296.35,7222276.23,2019-02-21
1513,6729505.05,6481370.38,6321235.99,6258756.27,6480640.36,7147215.77,7265143.92,7611226.02,8117793.01,8472957.52,8828204.5,9092985.56,8942816.1,9068328.2,9291615.35,9260515.47,9047035.48,8705393.16,9232215.65,9510790.27,9220993.03,8701341.69,7993017.68,7365618.04,2019-02-22
1514,6927719.21,6656041.44,6482546.06,6384839.65,6431648.93,6644331.55,6742016.04,7260164.25,7802907.59,8222479.8,8542347.54,8767071.23,8694215.16,8554655.71,8320214.64,8210221.82,8044029.97,7993973.67,8748639.87,9050242.01,8761221.06,8254067.35,7614601.25,7074136.22,2019-02-23
1515,6643488.46,6392254.89,6175146.46,6041489.18,6020176.84,5988491.43,5824091.38,6034018.19,6396029.31,6672045.02,6948121.8,7190444.53,7318755.34,7300719.32,7158376.14,7005389.17,6944457.54,7022881.58,7930250.07,8369586.25,8250349.18,7826826.98,7275279.67,6711798.25,2019-02-24
1516,6344692.55,6110383.56,5977678.93,5958969.39,6225365.28,6925608.45,7052878.23,7404648.51,7902937.2,8244902.98,8626344.15,8856371.42,8729587.21,8838709.16,9038860.49,9028428.32,8825509.4,8507778.07,9085391.55,9471240.86,9178342.39,8632712.78,7758939.01,7049924.49,2019-02-25
1517,6606272.47,6404819.31,6188127.78,6105182.45,6449930.1,7173105.08,7289359.83,7621318.24,8076565.81,8340966.44,8690424.1,8883980.72,8755477.79,8821738.65,8987614.96,9004913.02,8858185.15,8601553.33,9135509.83,9497667.81,9244434.76,8700526.73,7850254.2,7177573.18,2019-02-26
1518,6729187.54,6502993.2,6361131.0,6311594.74,6566830.51,7258431.06,7400552.0,7679063.7,8148931.03,8404588.97,8672405.26,8835946.83,8646392.26,8744335.33,8994786.04,8976511.83,8886378.58,8601633.87,9216145.76,9541621.5,9309116.07,8785036.89,7963170.45,7261861.14,2019-02-27
1519,6784160.52,6537327.29,6394694.89,6487252.91,6593558.32,7276196.86,7336423.13,7657692.05,8069069.51,8338513.04,8708265.02,8940187.04,8795566.91,8892794.96,9078636.16,9053651.61,8916832.12,8606241.24,9259548.18,9549416.76,9270715.69,8727216.21,7957136.53,7291561.6,2019-02-28
1520,6832005.42,6583886.66,6438081.39,6401033.57,6601854.62,7250985.96,7280692.55,7640067.26,8138203.11,8423729.75,8752682.62,8984991.28,8841872.51,8959919.73,9154484.47,9140761.65,8947522.24,8649066.31,9184027.15,9458193.6,9233417.06,8784832.04,8048022.32,7426477.12,2019-03-01
1521,6953491.37,6668612.98,6469989.61,6380588.76,6447442.02,6648118.29,6786915.68,7224339.65,7716458.74,8003937.54,8307000.99,8493378.5,8426327.89,8269540.99,8126204.8,8027520.13,7852997.21,7760179.24,8498372.87,8876043.93,8634434.49,8144812.79,7554687.81,6981480.72,2019-03-02
1522,6544407.53,6266575.44,6071959.99,5961943.59,5920671.27,5941525.23,5805106.72,6151668.18,6519436.98,6840365.94,7085564.0,7368499.13,7478417.66,7462038.5,7376381.69,7276624.04,7114556.82,7178643.27,7880072.22,8262663.25,8168726.42,7819117.3,7278034.27,6732868.46,2019-03-03
1523,6375018.0,6188242.54,6043123.19,6048090.9,6324745.78,7005873.35,7149570.29,7494232.95,7986833.96,8289513.78,8677066.9,8949128.24,8777273.48,8856413.2,9008564.55,8966626.81,8798630.47,8530243.62,9157688.0,9449501.48,9229317.65,8700350.42,7900231.31,7236062.26,2019-03-04
1524,6742299.39,6525095.84,6316494.28,6313590.86,6577861.33,7226961.02,7342892.43,7661647.72,8071536.9,8298672.09,8622175.58,8850429.23,8710204.04,8751640.19,8992496.89,8992594.23,8816167.7,8549648.0,9201001.08,9550844.72,9317816.01,8791887.73,7937419.07,7275738.45,2019-03-05
1525,6854647.02,6636447.92,6476152.53,6435231.38,6689388.34,7402733.28,7517934.08,7801759.97,8266849.81,8533483.9,8775639.47,9080218.3,8882406.5,8919064.23,9181812.43,9180836.27,8973476.51,8689340.46,9248972.49,9600515.55,9295217.17,8767747.86,7962109.8,7229891.13,2019-03-06
1526,6826456.89,6590905.78,6428019.26,6383179.06,6636102.22,7277988.09,7399177.52,7727992.97,8182462.49,8506783.78,8811630.95,9062479.25,8893516.61,8935779.13,9082015.03,9086631.48,8884578.62,8595964.5,9203533.53,9475714.73,9233174.17,8700013.51,7876188.52,7210404.9,2019-03-07
1527,6791753.52,6565851.22,6394320.57,6349065.9,6617031.43,7238840.79,7356074.95,7740630.54,8203564.82,8620241.13,8997655.27,9252780.35,8926389.58,9152631.69,9287316.71,9275490.06,9059010.17,8600084.05,9342442.37,9698065.14,9355785.81,8770567.32,8023966.82,7441534.17,2019-03-08
1528,7005108.53,6714479.07,6532781.66,6438298.3,6500699.75,6721491.27,6814123.7,7318951.87,7862881.03,8238989.34,8580218.95,8768234.42,8658033.83,8527564.39,8391365.83,8292428.46,8112146.75,8020188.17,8738720.77,9048513.52,8805298.16,8294911.33,7679742.66,7157561.92,2019-03-09
1529,6746612.45,6456611.01,6267805.18,6133626.26,6087354.84,6074899.67,5914893.74,6159785.67,6539365.7,6857887.3,7089017.95,7334208.27,7406678.46,7381704.47,7228198.82,7167992.47,6992799.08,7020207.29,7882489.24,8278619.45,8147656.27,7813301.58,7259872.03,6694678.35,2019-03-10
1530,6282156.27,6239956.82,6096446.26,5907237.27,6174461.42,6871522.17,7029306.1,7412853.81,7922176.04,8211978.82,8609415.01,8828286.98,8670994.8,8793736.02,8991262.24,8975432.13,8759852.3,8473412.72,9031092.49,9389098.79,9143416.14,8607323.0,7762953.5,7085708.6,2019-03-11
1531,6636799.76,6371778.69,6251211.62,6188208.8,6424817.34,7075249.64,7259436.7,7605996.93,8094631.86,8377422.34,8712433.57,8933042.52,8741123.09,8788519.63,8966956.54,8946696.86,8761938.52,8514914.11,9067037.56,9443356.68,9166870.4,8569402.98,7790196.73,7105036.38,2019-03-12
1532,6663168.58,6388906.06,6280738.58,6262173.95,6438168.02,7117239.81,7178044.91,7519142.28,7985828.64,8297148.48,8684028.81,8929787.51,8747068.26,8848307.87,9072564.71,9082534.82,8896663.69,8555517.19,9161662.24,9568613.96,9317592.19,8746669.43,7939813.69,7238176.86,2019-03-13
1533,6806492.35,6523277.33,6347493.8,6322472.24,6562497.96,7211532.21,7359118.05,7695683.74,8147942.84,8388728.8,8701778.27,8981318.24,8781124.6,8868857.98,9062875.57,9048159.77,8928700.39,8607199.19,9166089.63,9507699.83,9266593.69,8697558.78,7880224.46,7202778.12,2019-03-14
1534,6736279.69,6492125.37,6343624.02,6318907.99,6559945.56,7222063.02,7356463.3,7698490.15,8146102.27,8432737.33,8775909.94,9013676.41,8857221.52,8955610.34,9144541.03,9104407.84,8899944.36,8600071.3,9158682.63,9428429.52,9162056.09,8718849.36,7997661.55,7350744.89,2019-03-15
1535,6831932.77,6574634.41,6420847.83,6328114.86,6422613.68,6624039.85,6736438.59,7227747.33,7811094.14,8221441.67,8525622.79,8737108.73,8652136.62,8468480.2,8305762.59,8175208.37,8031430.78,7963237.03,8690896.36,8995148.35,8782306.35,8292459.92,7647572.45,7113481.02,2019-03-16
1536,6675764.1,6354603.7,6115897.58,5981684.28,5955060.77,5965759.25,5744981.3,6031153.1,6445258.35,6745148.76,7038408.56,7326621.88,7407801.0,7345949.7,7175250.97,7100840.72,7094569.98,7099469.26,7930447.71,8406206.49,8324669.17,7962110.12,7399948.11,6852558.71,2019-03-17
1537,6415191.96,6186053.92,6053436.12,6019512.59,6305373.5,6974971.08,7133957.65,7575314.14,8064372.39,8384341.97,8753391.92,9000244.97,8806832.9,8888670.0,9049137.15,9032625.19,8809445.37,8509550.02,9014030.96,9361350.58,9146821.63,8601101.66,7750950.54,7074353.69,2019-03-18
1538,6723487.19,6395359.43,6244461.71,6211393.22,6435117.95,6963323.61,7150780.23,7592294.47,8028506.8,8316950.89,8573188.4,8830308.37,8670109.53,8697109.63,8856599.87,8822776.71,8676884.75,8453855.73,9091466.15,9331409.1,9122310.09,8598334.67,7841300.97,7172999.83,2019-03-19
1539,6724526.93,6473003.57,6326736.19,6277914.54,6518548.24,7091658.68,7244506.86,7704730.12,8176779.11,8422399.77,8741538.91,9013317.52,8861037.72,8892758.82,9005045.93,8986741.04,8852930.69,8617330.01,9219073.13,9490023.53,9213192.3,8660218.75,7871996.77,7225483.06,2019-03-20
1540,6768335.13,6530422.04,6336807.74,6287999.07,6575523.07,7293712.0,7382863.4,7687521.2,8141733.86,8376554.54,8719433.06,8982240.2,8771297.04,8832935.31,9046313.39,9029031.54,8845285.13,8479566.43,9129269.3,9377544.54,9150152.54,8633368.92,7841868.11,7201299.0,2019-03-21
1541,6768219.43,6515402.68,6343669.44,6336421.09,6596413.47,7340783.87,7472445.13,7822740.21,8220721.23,8434426.61,8691568.38,8890260.29,8684045.53,8736834.44,8880848.97,8857503.37,8750319.92,8535726.45,9067836.77,9267197.88,8988638.57,8520268.07,7796184.2,7182600.79,2019-03-22
1542,6739411.4,6482844.94,6325839.54,6256022.65,6344897.79,6543092.03,6649543.51,7122727.47,7635732.86,7945595.89,8302856.17,8478764.16,8423568.21,8294603.22,8129351.87,8062507.72,7906312.25,7876473.78,8694791.51,8977452.97,8701678.95,8179445.76,7599349.06,7074341.54,2019-03-23
1543,6828208.49,6594276.5,6443013.01,6328311.29,6279778.43,6281909.14,6075442.88,6355504.29,6732387.25,6945488.0,7080661.89,7263787.69,7343770.02,7299387.23,7207024.53,7114197.27,7010282.14,7139882.88,7883061.22,8232152.67,8033968.49,7709260.79,7240845.44,6859952.18,2019-03-24
1544,6392013.74,6119796.13,5925042.71,5843209.32,5853611.17,5878942.61,5763833.75,6061659.0,6506623.74,6934976.07,7319165.86,7619235.42,7715506.46,7660878.48,7536355.65,7448280.95,7341650.01,7431753.91,8244786.18,8634393.32,8501711.68,8116349.02,7458925.32,7021753.35,2019-03-25
1545,6504646.46,6386810.43,6278902.65,6250305.82,6437382.87,7262369.56,7382172.56,7742716.12,8186020.77,8452338.84,8780004.86,9025480.81,8844299.49,8951290.84,9133722.78,9106708.13,8979530.0,8720873.38,9280848.13,9567556.98,9324293.59,8787891.53,8058413.24,7468728.64,2019-03-26
1546,6860960.54,6582758.88,6439188.54,6409531.43,6660605.11,7259699.98,7364792.38,7792536.08,8216104.17,8490802.92,8850039.88,9101218.86,8928923.61,8991662.24,9053837.23,9053608.79,9032025.3,8798620.23,9369578.37,9605382.07,9352274.62,8891605.28,8074629.89,7360450.52,2019-03-27
1547,6900205.77,6589050.8,6455183.83,6431416.23,6706336.73,7358521.5,7443322.92,7808733.67,8311372.95,8541519.41,8943559.54,9159245.11,8963976.72,9075289.29,9227579.53,9211684.11,9075738.32,8882865.7,9523079.78,9681359.25,9431763.46,8848455.33,8077091.44,7344160.45,2019-03-28
1548,6907523.54,6590214.25,6427868.66,6392179.42,6610717.36,7200328.43,7332013.3,7666516.04,8121874.29,8363557.19,8638803.1,8826798.53,8606906.15,8627066.31,8837136.73,8841138.47,8729222.02,8544396.12,9134399.76,9324824.53,9065415.51,8567473.89,7845731.11,7248378.66,2019-03-29
1549,6796182.44,6544312.5,6371824.36,6316675.17,6382724.89,6607355.44,6734449.28,7238771.64,7788435.11,8135878.63,8479209.52,8652732.34,8523830.57,8361469.77,8206531.59,8087369.71,7958381.01,7893570.26,8703774.0,8979328.73,8729565.38,8301704.33,7727079.13,7169464.05,2019-03-30
1550,6743390.44,6469319.69,6303253.96,6164310.6,6116294.61,6080338.2,5887924.5,6185152.32,6531204.37,6858002.56,7165173.5,7374790.97,7447600.03,7389865.43,7259676.55,7156903.32,7055145.66,7107331.5,8052235.34,8438905.29,8311746.81,7947742.62,7400835.15,6844520.88,2019-03-31
1551,6470694.78,6211725.66,6066009.4,6032019.59,6292909.86,6919385.06,6990972.48,7461265.77,7967343.38,8210910.27,8541920.06,8805684.12,8645244.26,8665469.45,8801443.1,8787723.52,8670937.81,8587755.3,9187215.87,9326357.6,9099725.06,8581413.44,7787768.45,7115494.45,2019-04-01
1552,6665685.11,6439395.78,6295129.54,6273354.06,6517262.48,7080177.69,7231242.85,7667647.55,8112523.78,8336940.07,8598631.14,8813550.01,8564624.99,8708923.47,8898316.4,8897026.31,8668770.28,8372995.57,9053759.08,9349081.98,9108985.85,8614237.22,7820096.79,7078254.08,2019-04-02
1553,6679328.26,6430819.29,6291743.74,6279528.95,6551879.02,7129425.73,7205265.24,7627329.39,8032790.58,8383333.25,8722117.11,8922662.2,8766949.1,8850052.52,9022863.52,8975229.81,8874326.89,8572047.9,9216066.25,9470392.21,9219342.06,8721008.1,7903653.28,7245740.84,2019-04-03
1554,6782989.52,6609673.79,6499162.09,6441021.25,6687402.2,7210626.6,7311794.78,7702172.45,8196804.39,8468979.86,8840296.38,9082151.75,8921946.21,8960884.19,9089334.6,9050863.51,8978225.13,8661560.86,9319270.3,9601567.22,9363622.53,8827029.47,8004668.73,7313986.9,2019-04-04
1555,6835348.1,6586650.4,6444356.16,6413032.56,6645375.92,7247883.45,7347281.75,7773482.91,8242793.53,8550677.18,8851744.42,9106355.88,8937204.0,8983854.74,9142331.57,9109324.08,8992902.14,8749932.88,9315213.43,9456344.63,9107527.76,8645255.65,7955835.97,7356259.87,2019-04-05
1556,6914939.8,6631325.17,6454950.93,6377909.37,6430813.15,6622036.52,6722470.77,7222629.62,8040843.16,8403124.72,8749386.2,8972555.26,8941378.25,8777561.77,8597946.9,8496778.33,8325688.76,8160796.66,8784126.26,9025906.73,8790052.56,8429756.68,7841850.57,7342495.62,2019-04-06
1557,6954320.16,6606634.09,6389464.2,6256189.69,6214440.48,5983556.22,5775479.87,6045821.99,6437306.39,6752809.51,7287584.53,7545602.62,7648766.78,7668748.28,7551620.73,7424195.37,7340849.47,7211924.26,8089765.63,8551295.82,8455228.66,8165341.31,7663179.71,7129698.39,2019-04-07
1558,6631019.99,6402328.29,6280637.44,6252769.31,6461413.4,7042017.96,7130966.15,7555536.09,8068849.84,8422867.74,8825487.03,9064616.18,8931788.8,8999973.43,9130736.32,9106380.51,8945116.13,8745701.56,9301526.56,9565627.89,9331327.9,8758343.21,7995570.91,7323925.69,2019-04-08
1559,6890196.61,6643532.21,6482758.99,6473117.62,6708270.4,7302156.04,7381628.36,7791058.47,8219627.44,8557345.04,8897020.49,9140854.55,8965510.6,9064263.45,9303925.06,9280458.76,9068055.98,8831736.76,9408075.02,9663034.59,9380260.5,8849920.76,8069964.89,7379160.49,2019-04-09
1560,6928142.67,6670295.52,6514699.23,6443033.82,6694027.5,7292189.71,7384031.26,7794660.81,8271737.38,8578766.35,9019182.2,9253064.83,9058341.3,9103453.3,9286672.93,9244873.59,9081282.75,8929925.19,9580579.91,9767540.57,9548770.36,9023899.11,8147291.85,7405884.46,2019-04-10
1561,7043785.93,6845122.21,6682887.54,6620437.02,6854686.21,7270778.23,7341553.49,7819713.63,8304807.66,8627595.44,9068064.29,9295375.12,9089646.04,9166604.29,9436750.72,9374022.29,9210272.21,8955127.75,9713933.74,9954526.81,9620324.11,9048263.23,8297797.41,7622546.07,2019-04-11
1562,7157250.81,6871821.28,6682462.99,6641338.47,6847912.53,7302729.0,7410355.51,7847271.19,8340771.2,8746426.73,9134678.76,9428186.51,9316475.61,9370763.59,9471877.96,9501694.97,9290700.26,8934024.6,9631460.68,9797026.18,9564282.32,8939877.12,8286970.27,7695365.17,2019-04-12
1563,7273103.54,7007616.37,6823970.04,6766749.01,6848798.28,6907487.57,6964504.65,7483811.1,7978056.68,8450232.89,8819227.06,9020698.15,8866994.56,8680597.64,8496369.0,8352797.08,8252878.87,8158941.62,8906364.47,9089866.42,8853652.41,8441240.22,7921323.4,7475602.3,2019-04-13
1564,7105028.85,6835235.5,6683770.02,6576317.07,6535717.48,6452779.04,6327496.21,6624736.76,7168443.59,7481199.36,7576372.39,7762522.19,7838490.81,7813782.2,7670003.28,7569408.63,7472439.17,7511529.56,8289190.74,8566419.63,8427013.69,8172153.21,7750794.43,7212377.05,2019-04-14
1565,6791783.39,6573318.87,6453984.33,6415297.81,6548397.97,6788073.37,6970339.08,7568694.04,8312910.14,8679220.05,8988105.6,9264606.92,9210720.34,9258447.18,9356243.07,9310453.16,9129508.27,8751340.63,9260439.4,9405410.41,9178868.86,8764448.22,8117098.76,7553228.04,2019-04-15
1566,7210267.31,6948139.04,6674116.12,6615965.13,6608363.28,6797653.92,7036139.27,7665376.39,8222286.23,8547443.79,8862952.29,9095736.44,8909473.89,8948853.79,9010335.04,9010856.37,8897264.26,8618777.13,9225154.43,9406915.87,9174886.72,8765881.64,8163937.7,7566258.59,2019-04-16
1567,7254307.7,6968970.28,6785366.16,6740469.04,6868424.54,7086047.88,7235069.32,7722136.8,8250777.23,8607296.07,8913261.32,9126941.27,8963039.48,8926803.0,8967452.91,8752070.04,8449340.63,8398210.73,8965342.13,9016789.35,8744939.1,8399314.57,7986875.55,7469813.09,2019-04-17
1568,6982016.47,6711393.48,6509304.81,6430983.04,6395608.57,6340491.52,6130707.84,6414860.19,6746367.38,6911832.32,7061212.77,7259158.85,7270154.65,7247836.66,7116758.7,7139076.58,7067012.44,7063537.07,7713325.26,7970498.51,7814309.14,7494853.25,7133942.43,6664394.66,2019-04-18
1569,6370895.13,6127213.56,5974234.8,6030672.99,6024154.54,5933875.87,5790748.89,6064492.73,6333804.15,6491231.79,6552973.66,6801405.33,6906652.08,6860300.25,6740391.72,6613784.83,6513385.98,6586916.93,7412603.87,7675851.55,7547210.56,7344482.69,7041550.43,6650830.48,2019-04-19
1570,6259431.24,5985881.7,6051395.29,5986343.97,6025712.07,5954382.46,6107080.74,6289362.33,6734849.93,7089216.36,7374797.7,7543662.56,7572835.09,7431711.3,7285182.28,7206019.9,7128279.34,7254930.2,8024730.54,8182932.28,7907246.81,7542172.93,7119420.07,6708997.47,2019-04-20
1571,6556030.02,6327127.8,5919832.68,5774666.32,5763692.74,5763272.01,5817803.81,5988378.06,6274309.78,6574843.96,6856713.95,7047154.23,7192247.5,7175858.33,7097228.46,6965227.48,6874495.16,7073421.25,7971976.75,8341435.7,8153029.58,7734967.01,7178232.91,6695569.18,2019-04-21
1572,6363071.95,6141727.92,6001335.8,5987812.4,6250611.88,6766771.45,6922872.16,7352554.77,7919259.98,8203104.81,8523877.29,8750945.12,8536345.63,8556516.04,8741555.43,8609847.23,8564841.66,8410196.65,9001392.41,9191294.3,8953100.05,8479478.55,7735641.37,7040993.86,2019-04-22
1573,6635392.79,6445356.9,6332250.34,6277810.34,6509260.34,7087772.77,7182109.56,7643029.05,8162167.82,8436002.17,8732443.41,8933683.93,8727800.77,8878749.65,9072965.78,8985809.04,8834402.81,8657696.31,9277337.0,9498797.65,9248529.69,8716651.92,7923055.18,7252020.92,2019-04-23
1574,6944207.18,6781135.53,6622859.1,6600180.55,6771228.27,7304544.06,7310670.41,7742214.01,8215567.5,8486404.25,8786777.38,8979675.61,8832024.82,8873333.89,9042557.6,9113933.24,8907678.01,8780676.89,9359800.19,9538097.2,9293707.38,8807618.26,8022534.87,7440745.09,2019-04-24
1575,6831385.11,6564814.5,6516751.78,6470686.24,6564387.54,6974091.29,7133154.12,7656446.68,8202980.37,8462174.47,8811220.96,9080346.05,9016307.75,9078550.87,9221838.43,9214479.82,9039989.14,8816000.32,9414720.66,9662473.69,9441841.69,8943863.66,8146299.97,7474185.07,2019-04-25
1576,7239568.53,7029530.44,6889104.57,6839125.8,7070023.04,7435982.19,7462750.2,7883453.01,8376094.98,8698326.98,9015083.64,9249720.15,9055894.61,9147434.13,9297662.55,9214586.09,8999550.69,8653627.3,9286854.09,9510781.36,9170190.33,8641173.74,8043688.63,7662154.77,2019-04-26
1577,7207908.14,6957342.22,6803002.6,6698603.77,6778494.4,6757851.37,6884918.24,7541904.47,8125031.36,8495683.3,8797525.94,8977225.48,8873340.72,8708146.5,8548695.62,8375646.27,8234093.67,8177139.98,8912670.81,9132987.48,8896867.14,8538658.93,7975683.03,7476286.46,2019-04-27
1578,6885232.51,6592192.08,6364404.97,6219465.64,6185763.34,6123973.18,6104016.95,6374217.73,6747917.86,7189506.37,7391071.22,7549857.38,7634610.53,7595584.85,7465068.79,7369967.58,7307770.12,7366334.46,8273623.32,8658698.93,8562600.85,8179642.88,7569253.23,7019271.01,2019-04-28
1579,6690012.41,6492824.86,6361093.02,6330780.98,6589450.6,7102555.93,7255102.73,7739520.41,8265882.72,8558883.43,8944445.51,9145996.52,8991392.02,9080607.46,9271972.56,9268761.3,9069888.0,8858989.29,9491722.24,9689628.94,9469762.46,8884261.76,8131807.12,7436604.49,2019-04-29
1580,7002503.74,6784376.76,6673112.63,6624014.19,6786713.92,7275017.16,7381535.46,7894379.99,8451790.84,8801638.53,9152337.46,9373443.01,9187480.96,9221266.08,9329579.99,9309544.57,9080105.05,8782359.04,9405987.18,9542232.87,9263192.86,8794354.12,8100610.67,7497749.43,2019-04-30
1581,7182131.61,6934353.21,6734232.87,6607852.78,6632366.39,6476714.82,6316488.82,6757043.98,7147370.01,7527700.94,7871962.43,8224520.22,8265633.85,8186752.19,8095718.39,7990984.24,7819070.28,7750111.5,8579893.14,8958965.47,8856021.7,8535547.34,8020592.16,7511734.77,2019-05-01
1582,6920327.56,6633813.48,6465838.86,6431604.56,6719081.24,7201947.53,7278634.3,7897346.2,8408779.35,8708627.04,9047105.93,9284216.43,9159227.31,9325284.64,9475039.27,9403603.63,9237329.02,9056658.86,9575295.68,9802042.43,9565276.04,9049573.65,8293526.25,7573580.99,2019-05-02
1583,7256043.1,7017518.08,6842928.34,6780290.56,6897969.0,7370240.03,7550454.8,8066618.23,8613135.26,8936195.53,9254384.38,9455406.62,9202746.72,9188862.38,9320262.97,9353579.94,9183086.61,8909058.47,9501265.92,9618049.67,9370828.77,8990809.04,8427403.38,7837653.45,2019-05-03
1584,7226466.85,6920312.75,6754596.02,6663998.61,6727487.74,6853161.33,6988240.85,7526559.36,8058575.5,8445076.05,8731365.73,8884905.98,8810691.27,8698895.44,8517759.12,8395528.97,8265117.17,8270115.52,9044143.89,9227934.62,8994387.21,8486529.45,7923158.35,7460199.88,2019-05-04
1585,7057305.18,6725244.35,6547045.36,6325526.75,6254475.03,6259580.29,6062553.89,6330973.6,6623327.3,6926973.54,7189729.22,7425935.55,7553503.06,7535701.06,7421499.46,7367796.69,7302267.52,7352653.53,8264695.74,8651277.19,8556226.67,8214526.04,7677138.77,7104666.02,2019-05-05
1586,6729286.74,6551670.76,6421660.93,6398722.28,6621502.75,7155404.64,7314878.48,7816035.13,8416838.8,8750144.86,9099598.81,9351639.07,9198376.0,9298079.84,9466575.25,9438155.54,9288402.94,9279158.41,9917047.78,10130609.39,9722837.9,9139832.81,8317946.06,7591000.86,2019-05-06
1587,7109877.92,6861875.43,6694424.51,6652481.22,6925894.06,7448333.72,7551005.62,7989516.81,8496207.98,8833968.83,9187875.67,9429109.39,9240092.03,9302520.18,9436525.98,9425688.76,9259773.37,8950469.23,9600010.23,9834392.98,9586292.15,9057120.49,8280722.3,7603906.07,2019-05-07
1588,7127220.92,6842340.76,6671653.9,6621285.41,6865311.32,7413356.03,7491647.0,7883017.13,8348933.8,8616720.82,8902508.07,9091333.26,8827331.39,8825512.45,9039025.77,8999710.17,8882096.4,8701732.28,9394651.2,9630231.73,9356100.68,8783262.47,8044110.91,7295033.25,2019-05-08
1589,6807433.88,6584059.62,6421002.26,6364579.41,6606044.6,7157153.08,7264548.84,7648709.15,8115539.72,8408620.49,8755447.3,8983514.24,8800178.72,8775498.91,8870082.65,8845691.67,8734768.3,8597221.63,9287719.23,9425952.87,9166233.79,8552937.04,7764042.33,7059151.67,2019-05-09
1590,6679440.47,6434596.28,6288568.33,6238885.25,6524483.37,7080073.44,7199213.38,7612339.1,8027578.21,8224670.89,8624364.28,8874095.5,8710152.64,8753684.6,8880792.35,8795706.73,8687701.45,8520048.15,9109909.63,9207969.67,8894707.71,8417094.46,7715875.24,7098338.22,2019-05-10
1591,6782432.05,6522572.87,6327964.26,6270135.12,6372621.81,6488069.79,6674076.41,7206206.88,7757961.82,8147054.72,8483523.09,8643968.66,8552928.49,8348925.25,8141303.3,8020434.8,7859054.01,7852779.28,8616170.35,8868457.35,8632668.68,8165220.3,7555654.28,6994666.7,2019-05-11
1592,6588273.85,6321495.89,6113587.04,5966595.32,5902235.61,5850263.71,5762087.56,6079721.52,6505127.06,6859496.38,7095323.28,7244932.46,7289430.23,7144514.67,7034700.56,6937486.39,6875227.73,6911863.1,7781411.86,8205572.43,8130680.76,7860119.77,7382508.78,6924244.55,2019-05-12
1593,6825147.11,6601988.67,6470491.46,6454729.57,6694487.55,7169022.0,7347287.18,7749782.34,8188127.33,8547741.99,8871905.55,9096344.9,8945517.54,9017898.39,9138554.58,9085183.97,8909013.32,8781374.44,9346297.32,9537678.32,9308145.64,8754545.71,7946521.77,7425787.97,2019-05-13
1594,7063702.8,6856166.78,6713181.3,6690262.69,6922705.81,7500489.1,7631900.42,8053399.84,8508111.01,8626588.13,8946699.39,9386418.15,9234671.72,9284281.41,9445328.68,9425694.99,9195641.05,8983348.9,9592976.16,9835077.98,9578564.28,8944433.02,8151358.41,7604450.16,2019-05-14
1595,7015405.31,6701860.36,6570819.23,6543579.35,6761353.77,7248211.36,7361076.46,7777240.08,8241734.95,8429973.12,8779372.92,8977593.88,8794967.89,8715144.62,8924983.56,8966455.78,8832385.61,8624761.05,9457054.25,9697307.88,9618098.55,9106856.72,8040459.6,7284357.77,2019-05-15
1596,6864976.63,6639680.18,6497916.85,6442076.49,6705259.79,7181911.88,7299572.51,7688275.51,8194300.97,8525003.09,8857273.48,9164804.62,9000818.86,9096170.52,9267149.55,9155755.72,8985034.99,8770057.63,9401567.99,9649418.89,9491332.17,8949793.07,8183927.29,7492229.35,2019-05-16
1597,7015854.01,6787311.04,6731301.07,6790879.95,6827982.43,7141053.25,7345666.91,7812253.67,8317612.9,8596634.58,8886009.4,9125880.26,8971207.63,9090238.98,9229065.55,9177020.82,9018365.6,8752234.93,9390304.11,9617498.0,9374706.53,8853090.87,8157044.2,7529841.16,2019-05-17
1598,7330785.86,7045335.62,6900290.76,6774669.91,6848120.51,6926171.41,7107325.11,7587463.12,7870383.19,8239069.65,8555906.17,8667440.64,8636959.41,8474961.44,8335957.35,8229573.92,8127540.42,8128695.43,8816140.52,9024063.13,8760014.9,8299076.73,7906529.58,7373143.27,2019-05-18
1599,6696642.91,6509610.79,6420252.73,6405894.91,6380202.26,6294288.7,6146112.34,6441665.09,6737169.14,6844337.37,7111391.41,7326825.9,7361266.53,7291960.23,7251716.69,7283390.96,7242946.43,7404147.23,7993920.25,8357992.59,8210286.74,7845957.87,7456581.44,6801122.84,2019-05-19
1600,6620663.23,6428521.72,6276250.02,6291883.25,6551687.42,7131820.79,7277218.21,7533631.77,8049325.7,8372620.38,8732425.94,8936534.78,8766398.86,8802223.15,8954784.02,8961265.44,8871817.84,8670367.94,9292246.87,9553240.34,9272820.03,8698626.66,7868703.9,7204738.1,2019-05-20
1601,6776267.13,6522422.19,6404084.53,6325567.1,6536675.75,7071569.61,7262663.92,7550489.74,8006794.23,8315215.24,8644098.26,8823017.38,8640873.05,8692977.64,8931964.62,8943827.12,8760189.06,8541207.6,9255486.75,9510630.92,9288269.54,8753832.05,7928295.06,7253260.91,2019-05-21
1602,7068043.45,6816881.4,6664016.58,6637707.6,6899464.63,7429240.93,7570692.49,7988584.33,8498375.02,8756695.46,8933948.85,9144491.47,8996908.64,9026841.98,9265338.35,9237583.55,9040704.53,8778994.27,9436109.74,9618563.81,9351340.87,8832107.87,8075197.48,7489284.3,2019-05-22
1603,6910492.16,6694166.6,6648419.79,6623710.79,6681545.05,7151493.89,7312559.17,7727881.45,8165024.51,8407166.84,8702785.05,8902842.05,8738843.71,8742122.54,8831027.04,8815494.98,8679970.6,8558376.59,9223786.37,9321992.59,9085697.39,8526468.63,7807689.8,7186644.12,2019-05-23
1604,6980950.14,6724859.56,6596678.81,6574161.73,6811687.95,7275246.41,7479753.31,7943214.39,8443704.51,8815358.97,9076436.65,9231585.25,9152311.5,9175728.71,9252184.45,9255689.31,9140209.12,8913803.93,9222913.06,9300656.39,9063735.54,8665745.38,8106833.64,7633149.53,2019-05-24
1605,6929304.21,6606021.07,6439364.77,6335810.99,6431372.04,6539959.88,6743231.56,7276781.62,7761879.27,8045809.63,8334552.35,8507086.24,8351945.22,8204629.13,8068016.36,8010565.57,7835302.66,7827879.38,8609311.58,8886053.03,8614929.7,8114899.34,7520469.08,6958234.52,2019-05-25
1606,6529207.24,6493913.27,6342795.26,6233239.91,6199595.2,6137668.84,5969296.34,6259828.71,6467381.77,6792527.61,7038910.34,7266936.34,7257586.79,7146544.78,7031557.6,6927302.14,6959249.72,7049501.91,7801132.47,8199631.46,8087466.91,7724078.95,7243772.31,6910988.22,2019-05-26
1607,6544125.63,6302358.59,6141914.05,6139044.43,6390159.86,6731054.79,6891475.25,7305735.47,7835090.53,8115528.92,8530117.07,8732220.01,8582291.09,8695530.89,8875638.67,8897077.87,8767939.96,8514925.0,9131058.69,9462277.66,9270646.99,8707859.48,7945181.21,7293415.7,2019-05-27
1608,7041645.54,6788090.39,6638320.11,6587986.92,6834988.68,7380105.28,7449069.86,7906365.33,8333461.32,8559773.86,8873783.56,8980595.48,8793320.23,8790631.35,8960962.06,8995849.42,8901855.2,8537387.51,9106705.75,9321055.89,9081146.83,8447235.97,7779806.84,7240886.87,2019-05-28
1609,6575030.73,6309606.5,6167399.65,6144053.1,6404100.19,6960663.23,7152558.8,7868436.73,8315580.45,8611950.43,8973746.55,9183995.97,9043966.28,9120506.95,9372260.52,9336227.72,9151244.88,8680532.16,9208589.63,9499561.73,9272351.69,8686072.83,7813970.71,7130067.77,2019-05-29
1610,6959595.95,6698084.24,6565972.3,6513601.09,6751886.27,7262046.02,7340858.47,7888886.46,8298726.41,8544169.0,8852585.81,9039833.61,8838860.64,8897860.88,9075602.05,9061761.49,8959860.72,8576119.54,9146288.36,9388038.49,9138393.37,8579225.43,7770036.55,7341168.06,2019-05-30
1611,6687339.83,6482449.62,6489318.03,6529313.93,6599881.84,6963020.65,7151871.33,7713186.28,8278821.04,8501889.97,8685230.97,8937830.94,8804995.47,8831940.1,8945327.99,8909323.07,8694465.48,8454707.32,8944144.46,9238390.65,8964031.84,8408814.13,7654567.8,7133839.61,2019-05-31
1612,6745333.73,6650377.09,6537449.72,6469693.76,6490477.79,6505951.34,6657248.9,7059866.68,7568345.81,7918013.44,8170530.85,8342666.37,8267566.31,8149012.75,8016960.17,7940154.64,7756553.19,7721904.09,8488857.88,8773077.65,8558967.69,8056904.13,7448853.71,6870354.87,2019-06-01
1613,6442742.58,6189459.32,6045154.23,5920872.16,5901431.52,5816411.29,5913583.46,6211480.35,6424373.52,6926542.41,7040334.02,7156715.24,7263399.31,7290862.02,7216736.81,7109750.38,6984586.88,6976580.64,7753406.74,8257012.22,8080291.16,7699078.18,7174639.61,6690110.84,2019-06-02
1614,6345958.73,6246374.0,6159510.35,6031358.67,6062032.69,6010269.44,5950488.01,6339502.81,6782384.74,7229742.48,7630354.45,7875795.94,7944711.07,7876963.92,7799908.26,7688586.56,7615893.8,7624663.27,8231018.28,8698893.81,8533375.78,8195562.55,7535951.3,7030741.26,2019-06-03
1615,6853755.65,6617098.1,6481416.74,6445506.51,6725065.8,7233980.8,7426656.57,7928458.83,8501327.3,8816268.82,9194915.9,9476109.8,9208380.72,9364111.59,9497373.11,9453376.32,9273662.28,8838836.63,9218545.09,9579629.7,9375363.01,8798582.78,7986595.22,7391303.59,2019-06-04
1616,6915747.68,6665292.44,6712492.02,6755824.61,6822788.07,7177884.67,7295912.18,8015986.16,8596270.76,8925927.19,9236800.98,9476915.55,9303703.34,9358043.4,9449132.51,9416921.63,9330443.29,8992427.38,9680258.34,9965686.23,9631635.51,8911732.62,8112728.49,7443974.52,2019-06-05
1617,7184464.97,6969572.0,6840198.64,6806662.05,7025708.1,7531955.46,7703615.35,8139409.36,8498774.0,8668740.56,8955953.67,9096598.69,8830332.53,8689046.89,8824146.46,8775700.19,8646421.66,8485584.15,9050763.8,9324612.99,9106400.43,8584688.34,7720614.46,7375120.01,2019-06-06
1618,6857857.82,6761225.62,6543861.41,6540843.72,6773642.98,7080142.67,7224084.7,7649124.4,8191828.07,8473916.13,8745711.17,8811243.95,8708474.52,8785273.69,8883128.17,8883546.29,8742077.56,8633918.01,9048322.04,9237552.04,9002660.69,8487083.5,7764371.88,7251985.51,2019-06-07
1619,6713249.69,6452670.43,6300986.43,6337277.9,6435674.0,6429760.97,6632331.85,7219737.02,7966444.57,8322783.33,8568442.9,8746146.63,8780448.23,8602431.63,8462588.72,8374525.52,8216474.42,8164096.75,8724175.08,9130372.08,8874200.17,8400778.39,7876495.92,7379052.48,2019-06-08
1620,7071744.84,6786687.61,6570674.21,6417374.23,6398095.19,6265791.81,6156269.73,6530457.81,6927827.13,7287424.0,7496282.6,7582538.3,7674479.01,7635026.38,7510907.01,7473623.74,7442771.51,7500686.06,8290638.23,8763401.87,8721506.22,8261673.25,7678674.25,7295757.98,2019-06-09
1621,6815128.46,6570364.23,6457357.65,6462269.21,6699213.73,6935612.82,7152140.54,7652704.66,8187353.33,8739495.76,8797742.93,8980704.1,8808942.84,8850236.49,9020212.29,9003835.13,8916698.83,8730329.22,9232371.01,9545509.6,9335674.55,8779592.57,8034836.28,7444310.84,2019-06-10
1622,7114661.81,6875624.95,6706820.5,6649985.0,6870080.8,7336121.01,7478055.89,7919681.3,8198256.73,8466254.42,8836730.42,9137885.51,8945588.38,8992491.35,9169962.14,9039431.12,8847405.82,8637429.89,9199213.59,9546553.26,9346634.76,8851566.65,8141762.6,7478387.23,2019-06-11
1623,7060608.93,6819693.38,6660327.36,6636426.67,6885499.21,7376130.31,7460405.49,7840174.74,8163278.46,8417337.63,8726392.52,8971079.25,8803720.02,8857162.61,9059015.48,9091118.86,8968828.87,8730305.71,9275449.1,9701187.57,9548621.33,8923207.59,8158826.59,7574238.25,2019-06-12
1624,7259006.21,6985005.02,6842563.48,6785301.62,6984481.11,7476545.98,7659051.64,8122875.17,8642355.49,8794116.59,9067774.36,9342534.86,9153968.58,9260010.69,9380437.43,9333877.19,9185787.87,9000984.88,9579719.57,9892285.98,9593004.23,9038848.44,8348539.21,7735661.79,2019-06-13
1625,7273827.41,7019726.71,6836690.66,6790479.43,7007606.46,7397386.56,7631717.05,8176872.72,8525803.15,8725440.63,9084894.93,9314740.17,9136700.32,9197839.32,9379051.3,9323235.12,9142924.35,8845873.89,9597409.97,9917585.19,9699880.65,8954925.38,8461705.06,7870479.12,2019-06-14
1626,7381618.37,7104039.91,6886100.14,6828347.22,6885466.99,6981798.4,7180207.75,7749328.16,8219569.52,8472365.71,8720745.59,8888631.5,8800725.29,8632393.06,8535409.12,8446323.96,8461278.67,8523393.7,9137936.01,9409175.92,9153866.57,8701905.56,8096511.19,7578316.42,2019-06-15
1627,7133537.08,6838052.93,6615087.26,6468110.89,6373222.04,6262111.1,6143819.66,6487842.53,6855851.75,7180071.97,7306423.42,7422131.22,7413853.9,7333538.17,7343686.95,7354534.62,7294805.75,7350507.81,8066793.54,8617654.03,8554477.18,8281379.55,7825346.03,7348535.44,2019-06-16
1628,6968099.28,6729019.68,6572115.1,6520399.7,6550734.16,6738865.62,7026677.93,7649121.15,8303193.9,8688312.23,9065304.66,9319504.24,9211908.39,9217416.2,9386714.09,9315132.93,9157260.44,8896727.14,9547270.69,9978191.62,9772689.9,9022485.19,8171240.25,7519423.53,2019-06-17
1629,7111101.38,6867021.5,6730719.77,6710428.42,6900394.46,7081435.54,7567676.83,8245181.35,8852819.32,9183620.41,9256983.53,9520647.18,9387122.24,9430432.19,9629954.1,9574247.42,9325180.47,9199994.0,9760909.45,10008507.26,9791540.5,9115838.19,8324061.74,7691299.01,2019-06-18
1630,7449800.99,7183381.8,7033169.56,6970739.05,7153179.8,7463560.87,7766681.98,8123152.3,8632978.4,8912723.17,9237378.46,9431760.39,9319997.94,9343768.62,9480029.98,9370153.83,9165756.45,8945162.14,9506659.39,9804174.21,9567639.99,9071946.27,8559275.61,7849981.8,2019-06-19
1631,7407369.2,7160002.95,6996410.83,6917213.7,7130304.54,7415296.8,7645532.86,8221486.4,8586873.12,8872238.56,9167608.35,9386994.4,9276681.01,9281655.29,9381361.17,9397119.96,9223337.46,8965771.7,9504816.18,9812383.96,9615620.19,9063309.15,8467317.39,7924623.17,2019-06-20
1632,7493991.05,7233051.47,7062816.99,6981307.24,7123659.87,7361998.39,7629680.41,8242061.19,8822676.95,9162705.84,9462347.03,9817480.8,9699342.14,9715077.6,9820523.94,9704907.52,9474674.66,9156062.71,9729116.85,10039018.44,9777180.98,9263079.75,8608580.75,8003342.5,2019-06-21
1633,7311137.54,6963408.6,6804507.26,6727994.25,6800771.38,6848366.39,6968167.06,7489051.65,8059525.99,8450175.73,8760286.23,8901921.49,8789482.49,8655529.36,8518139.51,8435970.95,8216808.05,8130118.82,9026534.37,9426157.96,9175726.39,8487306.75,7920964.8,7404881.84,2019-06-22
1634,6969436.44,6735118.01,6636795.15,6529214.51,6606311.72,6511403.65,6346446.76,6664678.41,7034464.91,7330070.5,7593355.61,7809000.55,7618871.92,7891569.83,7796572.9,7680405.22,7484109.93,7194783.58,8188509.84,8577709.14,8444226.54,7892632.82,7458760.73,7084951.06,2019-06-23
1635,6896241.06,6600382.83,6401450.43,6326674.92,6336654.67,6252668.72,6179569.82,6561553.99,6919151.78,7298758.77,7612975.41,7879017.92,7934013.74,7783789.76,7467301.13,7401776.44,7282783.66,7400530.38,8336774.71,8740897.69,8599326.41,7937937.35,7397445.39,6991254.25,2019-06-24
1636,6757137.41,6519725.61,6391728.39,6330937.32,6507967.23,6711738.35,6850869.08,7395241.9,7939853.87,8265385.02,8569149.86,8913454.4,8767183.92,8700741.87,8802305.53,8812607.95,8733158.87,8572660.87,9031314.45,9420071.47,9220823.66,8703055.72,7942208.98,7296583.53,2019-06-25
1637,6958420.37,6871693.66,6710544.06,6670255.61,6837889.97,6847221.31,7135790.35,7989359.99,8531815.7,8693439.18,8965850.84,9220269.14,9093372.28,9124572.3,9293501.03,9237733.2,9068922.12,8852835.17,9363582.47,9794108.74,9646344.25,9194859.54,8239964.51,7519688.63,2019-06-26
1638,7097429.25,6810738.06,6615161.86,6585577.86,6753011.58,7020480.88,7273985.36,7927446.31,8744602.09,8909901.94,9267491.8,9503339.08,9351087.06,9390737.1,9568236.56,9513068.9,9320493.69,8951596.62,9402094.83,9822822.63,9628875.16,9186449.97,8431517.09,7835256.97,2019-06-27
1639,7187904.47,6865443.05,6679056.95,6645599.45,6777479.14,7027199.59,7266723.69,7910345.93,8407877.78,8705740.58,9130837.6,9357407.38,9263809.74,9284389.94,9497400.13,9509140.61,9253505.76,8780775.78,9208906.59,9498751.59,9237987.4,8938626.06,8326722.03,7733219.65,2019-06-28
1640,7230746.66,6910812.91,6716201.34,6574571.0,6623749.25,6705066.34,6763505.45,7290122.28,7893406.15,8270098.11,8593775.27,8771141.3,8660459.32,8469222.19,8391130.66,8338194.34,8131415.67,8021780.5,8596081.16,8989306.84,8766815.6,8348901.55,7772126.11,7241271.15,2019-06-29
1641,6842479.05,6538846.04,6328399.71,6206391.49,6181006.29,6087185.38,5906980.4,6169942.72,6525017.35,6858434.91,7191816.28,7389077.98,7407879.25,7366726.91,7183887.88,7117721.25,7113248.85,7120794.93,7752549.37,8207771.07,8082598.76,7750148.8,7317460.08,6882770.98,2019-06-30
1642,6522182.1,6295196.77,6094268.82,6005041.11,6005943.16,5969058.87,5844773.49,6178658.66,6580137.01,6941673.95,7261182.33,7518814.87,7601954.27,7566202.68,7356236.73,7217177.26,7089129.82,7102831.84,7936000.21,8478668.85,8324521.82,7909640.76,7409494.66,6907046.29,2019-07-01
1643,6564558.95,6306381.17,6087166.98,6096874.62,6307282.25,6640889.49,6849581.48,7706304.18,8320907.63,8627193.19,8992580.51,9199385.64,9068531.22,9081850.11,9273091.63,9399185.61,9212365.76,8835655.51,9418159.66,9878076.57,9619278.14,9065167.53,8291010.06,7502155.4,2019-07-02
1644,6998771.72,6752545.8,6595303.7,6528330.2,6639617.16,6944311.36,7213174.42,7884731.63,8468088.94,8902422.57,9244693.05,9495961.05,9367682.41,9421114.39,9565450.72,9535098.12,9351553.63,9023967.96,9493634.45,10075420.3,9768231.08,9255340.32,8433447.1,7683147.26,2019-07-03
1645,7064207.49,6780207.18,6621854.09,6555602.9,6735391.82,7161950.97,7349848.78,7985326.01,8529135.89,8897214.98,9346819.76,9584167.65,9398364.86,9464910.06,9581976.54,9554712.12,9474170.96,9045449.25,9485897.06,9995835.03,9659263.32,9104008.59,8341130.88,7659872.79,2019-07-04
1646,7137234.78,6866065.13,6675302.29,6670038.12,6784840.66,7245850.62,7342723.17,8067770.44,8718156.57,9081548.68,9471827.31,9712670.6,9552525.78,9603531.24,9706085.25,9695509.55,9438623.68,9122783.85,9592322.27,9940025.37,9607104.55,9199308.47,8380996.65,7820241.53,2019-07-05
1647,7326481.1,7115788.02,6919772.06,6808785.87,6877462.96,6977676.72,7086373.44,7621421.03,8196998.85,8499497.27,8805064.8,9023071.18,8969583.82,8801777.19,8661320.73,8640141.82,8412449.0,8350095.62,8993240.02,9469933.87,9235564.77,8768310.36,8239264.63,7708277.6,2019-07-06
1648,7220966.52,6921388.13,6719251.88,6577996.74,6538641.19,6403642.97,6184710.16,6515055.7,6918562.41,7271880.54,7476484.38,7800311.78,7896320.27,7832733.2,7761961.89,7725510.68,7608495.56,7499037.45,8168386.82,8734684.24,8683141.48,8325939.81,7777637.13,7313706.35,2019-07-07
1649,6817300.14,6536319.08,6359972.2,6269453.69,6423012.12,6768940.13,6940223.85,7632192.16,8210926.21,8555841.32,8973105.97,9316410.93,9200730.55,9220599.4,9301200.57,9230668.35,8900188.93,8567259.63,9092620.64,9469790.5,9224261.47,8565413.97,7758320.02,7191870.53,2019-07-08
1650,6934074.57,6480479.04,6417770.03,6369829.72,6527803.46,6954538.12,7110738.41,7602287.93,8090168.44,8370451.75,8781835.35,9004191.75,8821303.03,8898352.23,9074941.79,9053247.07,8819088.54,8587596.57,9235242.02,9619015.8,9259739.21,8717656.92,7993242.42,7299144.36,2019-07-09
1651,6951827.43,6763007.94,6665681.14,6603776.84,6819867.63,7109345.35,7222875.73,7756046.88,8319891.15,8598350.86,9150454.84,9296027.28,9005556.31,9097645.44,9397548.64,9436717.2,9038008.89,8779735.15,9356843.95,9774123.54,9444406.41,8891469.05,8101594.42,7394172.94,2019-07-10
1652,7214303.5,6950310.39,6787204.67,6723400.08,6945856.32,7313685.13,7308741.73,7689088.77,8192826.62,8506655.06,8977340.05,9230737.54,8982440.25,9009738.17,9243168.22,9319805.37,9108911.62,8726467.71,9121921.35,9608656.97,9401428.82,8937066.54,8192044.8,7489255.31,2019-07-11
1653,7097194.89,6937873.24,6882399.72,6797744.6,6983386.93,7185887.47,7228768.35,7811627.39,8393683.65,8688241.25,9035916.06,9237736.83,9033554.01,9095962.29,9493080.84,9474244.5,9146399.09,8801287.81,9153787.93,9544486.28,9304399.03,8880786.59,8261577.38,7574157.74,2019-07-12
1654,7079506.89,6811411.72,6605604.22,6502724.48,6571645.42,6670602.95,6731603.75,7361728.98,7992968.44,8382475.0,8694676.59,8859373.08,8773627.61,8604832.92,8477051.28,8377739.68,8208589.05,8037751.15,8584965.78,8993822.57,8774591.48,8470968.38,7761639.14,7216393.24,2019-07-13
1655,6814962.22,6535952.09,6292349.96,6152982.04,6077616.26,6012110.04,5852617.44,6189984.04,6595160.14,6966552.75,7258485.51,7429363.56,7533752.92,7476090.44,7333973.58,7278340.81,7153955.58,7119534.4,8140228.16,8803990.58,8738245.61,8385866.96,7720573.0,7014392.28,2019-07-14
1656,6889770.37,6668464.91,6495795.84,6463207.04,6666816.41,7126202.09,7205077.93,7508803.78,8329390.95,8714127.03,9107805.99,9331847.74,9146707.77,9139945.42,9183183.04,9183241.29,9065983.89,8830711.1,9176701.44,9734842.32,9504085.09,8955216.1,8131558.75,7461091.22,2019-07-15
1657,6956293.77,6648659.13,6512739.33,6479623.76,6705867.94,7210328.12,7321980.96,7806477.98,8351007.89,8675577.75,8849440.4,9102420.6,8980970.21,9029947.95,9261490.68,9228477.19,8990555.21,8714172.33,9112167.15,9537834.61,9265222.18,8800318.58,7953834.22,7373042.9,2019-07-16
1658,7136915.17,6871029.76,6719328.73,6640576.93,6877661.48,7398539.08,7489198.75,7975677.55,8191893.88,8545418.77,8943727.67,9264070.6,9196116.07,9291682.73,9425684.71,9281407.48,9160476.01,8848084.89,9271506.58,9768972.09,9587245.9,9108520.26,8324654.08,7786134.81,2019-07-17
1659,7215619.28,6891131.63,6755196.97,6716308.72,6932867.18,7324904.21,7479814.32,7975760.16,8501488.73,8831389.93,9151180.08,9368651.15,9282613.11,9327129.38,9507559.51,9556480.29,9473727.37,9167729.04,9471037.64,10039536.94,9902064.94,9366060.62,8557450.99,7775966.21,2019-07-18
1660,7273155.2,6977240.16,6808369.68,6696885.01,6844014.84,7213364.01,7366951.46,7897586.97,8415726.72,8769261.61,9153470.81,9498368.83,9314426.15,9386838.21,9554782.99,9523611.71,9304679.95,8883468.95,9230886.07,9670567.64,9440541.94,8892931.11,8203225.66,7571812.97,2019-07-19
1661,7110462.28,6831219.83,6631123.45,6491009.04,6480194.71,6473984.75,6356092.16,6794597.5,7252076.16,7650501.33,7993957.04,8223637.76,8280717.05,8221371.39,8093303.45,8006453.7,7817868.2,7720964.78,8360812.36,8823718.08,8631799.37,8244267.31,7739371.93,7262238.65,2019-07-20
1662,6862410.32,6586904.54,6385010.75,6205499.7,6117734.95,6026833.43,5893714.16,6261176.99,6689583.03,7060328.1,7346048.17,7583574.33,7620096.12,7619163.63,7519419.36,7415950.05,7291550.83,7270469.53,8025056.68,8588860.66,8488376.74,8199829.92,7718845.01,7213576.1,2019-07-21
1663,7087581.06,6835501.39,6703110.39,6644786.74,6864205.6,7103001.88,7244996.54,7800752.65,8377148.18,8711567.49,9116882.44,9401949.72,9295387.44,9383794.06,9525697.26,9423101.24,9236552.11,8892815.83,9336520.68,9685413.83,9441731.88,8928848.63,8100506.64,7447782.03,2019-07-22
1664,7268082.17,6985107.33,6816965.26,6798280.27,7010752.25,7467196.29,7373281.25,7697890.22,8160691.03,8430534.91,8717950.01,8941176.43,8746282.92,8790599.22,8988799.6,9141781.02,9158272.36,8883033.48,9408091.18,9836745.06,9593417.16,9014858.29,8297178.86,7613594.37,2019-07-23
1665,7151979.39,6926503.99,6677750.36,6709900.64,6835082.71,7317539.29,7464537.84,7915373.83,8560256.86,8872211.45,9227567.26,9451167.61,9276209.2,9264498.67,9445274.86,9384215.97,9233140.88,8958759.65,9428933.08,9900339.05,9705988.37,9156806.1,8398271.93,7623863.39,2019-07-24
1666,7218319.14,6976437.08,6863859.37,6797478.12,7028816.42,7486435.65,7602427.11,8119152.93,8670753.28,9001196.1,9294224.97,9529095.69,9331037.89,9261843.82,9407952.81,9425431.71,9223767.72,8882681.97,9408600.2,9769254.19,9494117.97,9088156.11,8306444.19,7663691.77,2019-07-25
1667,7188891.73,6909966.0,6806357.76,6760067.46,6965516.92,7454310.93,7569633.83,8059987.23,8640462.97,8958181.5,9039286.24,9295824.49,9213526.94,9245588.98,9242629.18,9211524.71,9147428.36,8938958.6,9332797.16,9595261.23,9335389.75,8954435.98,8332807.41,7680182.45,2019-07-26
1668,7064062.41,6761698.66,6592964.72,6525833.79,6577439.07,6697719.22,6834804.34,7459031.7,8055485.04,8441973.2,8822749.84,9002828.58,8887237.58,8709907.43,8552799.98,8453264.64,8307058.8,8204524.21,8761771.9,9221033.13,9005664.28,8569522.77,7964428.03,7441579.86,2019-07-27
1669,6997757.69,6694442.18,6484711.24,6379573.25,6317094.52,6247680.0,6085337.04,6407066.3,6850743.86,7186742.28,7463021.1,7725112.83,7786045.27,7739527.4,7638117.65,7439995.33,7303970.06,7298360.82,8003342.04,8561491.09,8534920.65,8223737.78,7697376.42,7154435.19,2019-07-28
1670,6942325.66,6720215.25,6582403.85,6526519.49,6752385.31,7087005.58,7239721.74,7815951.82,8396877.74,8759776.7,9225521.01,9529981.16,9381082.66,9305839.24,9521936.25,9518931.24,9352438.51,9038012.37,9453306.08,9896795.36,9681558.13,9114429.82,8400733.96,7715202.67,2019-07-29
1671,7343175.12,7072538.13,6915269.84,6846272.31,7100185.61,7487195.93,7508892.61,7951579.98,8488656.26,8833289.58,9183272.75,9440468.2,9305448.62,9211294.35,9364327.79,9334665.7,9238413.79,8950587.36,9405754.51,9864324.73,9666428.7,9173696.59,8351937.64,7816210.26,2019-07-30
1672,7204498.31,6960457.25,6883537.3,6848664.03,7011269.21,7391667.2,7416012.29,7889045.87,8503182.04,8837358.25,9224377.06,9491478.77,9312855.36,9375036.51,9579005.9,9518362.02,9218335.98,8844407.11,9450447.67,10030064.43,9857636.82,9180721.27,8378369.43,7655360.79,2019-07-31
1673,7255754.25,7147728.09,6978427.67,6911892.23,7054650.15,7370464.52,7412342.96,7830029.12,8424032.83,8895657.9,9203990.37,9459052.88,9281646.81,9366492.21,9519631.12,9469212.65,9309718.79,8769824.34,9449524.78,9820068.09,9706084.72,9263774.6,8273511.71,7540739.9,2019-08-01
1674,7057367.51,6802646.34,6632168.96,6579140.94,6787788.56,7277181.73,7398871.08,7880401.75,8530065.2,8956493.02,9255007.51,9502268.61,9307653.08,9396425.61,9576482.77,9549204.27,9291368.61,9017498.79,9595862.34,9905419.95,9567439.22,9004459.43,8323358.46,7689357.68,2019-08-02
1675,7181304.73,6912500.28,6737768.45,6599256.51,6667955.47,6772753.99,6874465.07,7430981.59,8038297.19,8406079.57,8730920.02,8917971.27,8820150.1,8645214.45,8492670.13,8405659.12,8247497.89,8139979.07,8820457.4,9150571.8,8886779.97,8393812.25,7811781.86,7273877.02,2019-08-03
1676,6857444.53,6581534.34,6362566.86,6218981.13,6191231.73,6112723.41,5884558.8,6178462.84,6554463.5,6844161.69,7182224.24,7472983.74,7672479.28,7660023.51,7557261.09,7437095.55,7328617.5,7422106.19,8258580.17,8771812.74,8705614.61,8319596.64,7581772.27,7051886.97,2019-08-04
1677,6869637.45,6696828.31,6563631.52,6528048.34,6734663.26,7016529.54,7149708.68,7615968.42,8208740.69,8527917.89,8885841.78,9381034.58,9132614.63,9199711.63,9397220.72,9401919.04,9138032.99,8761797.84,9481488.35,9913526.62,9588649.65,8988341.85,8148618.75,7392745.97,2019-08-05
1678,6982056.16,6781855.3,6625301.74,6601064.88,6804130.46,7207832.0,7420871.85,7872810.75,8358233.32,8651280.77,8994075.15,9285001.88,9115436.24,9198782.16,9349300.08,9264163.0,9104814.93,8826509.36,9304128.47,9573823.54,9344515.8,8855592.44,8089142.33,7456862.96,2019-08-06
1679,7060840.12,6773187.18,6555041.26,6434813.92,6557810.95,6521470.08,6381148.7,6721387.83,7161217.39,7539228.11,7923582.84,8454457.75,8322077.52,8144294.91,7994119.17,7846487.17,7718626.88,7728835.76,8474857.36,9029115.12,8924352.03,8503115.11,7945350.41,7440779.42,2019-08-07
1680,7203656.98,6945116.87,6760363.3,6730877.86,6955929.04,7506370.28,7544291.14,8101190.69,8454016.54,8823408.59,9133553.24,9310297.32,9116080.3,9238217.58,9424785.03,9365284.61,9255838.09,8957976.29,9406171.47,9791957.95,9604390.73,9042976.64,8272313.63,7567469.4,2019-08-08
1681,7099538.02,7143369.73,7005355.53,6951263.21,7174490.3,7407916.39,7559982.6,8289012.42,8661013.93,8872408.94,9214367.66,9477828.18,9322148.02,9386025.13,9531460.92,9492666.68,9279656.05,8964606.93,9323362.77,9819308.84,9575561.62,9122118.16,8438260.48,7775955.36,2019-08-09
1682,7272837.07,7211242.91,7046697.08,6948471.09,7009996.37,7049850.24,6974188.11,7590054.14,8206799.15,8605511.23,8956498.55,9128239.21,9030853.61,8842312.11,8726713.11,8622025.9,8469989.86,8378387.41,9023712.87,9395281.9,9196318.37,8707879.32,8104491.37,7566395.83,2019-08-10
1683,7105440.92,6800866.36,6613429.97,6543034.41,6543749.04,6481166.97,6434671.65,6751560.06,6954955.18,7297448.38,7579728.53,7898259.63,7980639.4,7956044.7,7854757.25,7858352.34,7502328.91,7343096.01,8150322.54,8685892.26,8634335.88,8346726.66,7829992.47,7347365.77,2019-08-11
1684,7130415.76,6917696.54,6732430.7,6701761.9,6937859.71,7435307.27,7565743.81,8104770.78,8424667.87,8817539.42,9246948.17,9534718.44,9434335.78,9520391.59,9701662.18,9658300.11,9500647.99,9141404.74,9628497.54,9980626.78,9788513.33,9263447.24,8521419.1,7848394.05,2019-08-12
1685,7427350.55,7166978.57,6997759.39,6922825.12,7134646.08,7586531.45,7680297.86,8160879.29,8713905.32,9007168.47,9328667.52,9568031.63,9362465.21,9415165.64,9488220.91,9457089.7,9324855.76,9008429.19,9523481.18,9933107.16,9735051.37,9254336.25,8433353.44,7712859.99,2019-08-13
1686,7221813.77,6971303.09,6809294.93,6719928.7,6942860.48,7445741.43,7562825.17,8042366.42,8522606.4,8790726.48,9127220.58,9297154.61,9177893.61,9201003.47,9340753.1,9303595.59,9195329.53,8907240.09,9436039.83,9810299.7,9551737.1,8986062.92,8133803.37,7474105.95,2019-08-14
1687,6996156.47,6746085.95,6572742.86,6557483.38,6775495.45,7310573.27,7428580.01,7845968.4,8350165.33,8624387.31,9003114.59,9240580.39,9108441.59,9152329.55,9311757.86,9251412.05,9107110.63,8875990.23,9324730.45,9590059.54,9397420.87,8889558.14,8095780.96,7353404.92,2019-08-15
1688,7064464.12,6811700.26,6635211.19,6577437.86,6793069.98,7145556.95,7305489.37,7962829.85,8227187.51,8413209.19,8651682.93,8859553.55,8683112.21,8725081.13,8929698.35,8922981.76,8799170.12,8644035.18,9187152.36,9390276.35,9121195.61,8626944.51,7918689.08,7251518.07,2019-08-16
1689,6833493.28,6561034.38,6412719.59,6331986.11,6433036.21,6594380.14,6681268.6,7209681.45,7775059.6,8141977.16,8420387.33,8577046.85,8536943.84,8358805.63,8224229.61,8136750.92,8012879.13,7947505.15,8628037.32,8937322.94,8706265.96,8252455.07,7657829.34,7141707.53,2019-08-17
1690,7023429.53,6780870.5,6582897.17,6444003.4,6423806.81,6293802.91,6078312.4,6437220.06,6838664.28,7233491.36,7531997.75,7736274.51,7817751.56,7780729.27,7690316.31,7509532.24,7438265.77,7459020.38,7999278.03,8376133.01,8300583.92,8156047.47,7553017.93,7097483.13,2019-08-18
1691,6821410.24,6726639.18,6583325.47,6466266.56,6454707.13,6411653.43,6269043.27,6624841.28,7105638.57,7536242.2,7815351.49,8012334.06,8075143.94,7990581.7,7805855.08,7836596.58,7744164.84,7780073.57,8370997.03,8750666.82,8554541.26,8322818.62,7572411.1,7016245.63,2019-08-19
1692,6838371.57,6547029.23,6415283.07,6419989.5,6695278.76,6970847.99,7129672.34,7648655.49,8205544.76,8606008.01,8934039.18,9100251.21,8981181.56,9138520.31,9395340.65,9360009.6,9292320.93,9049307.4,9498792.85,9822816.39,9629539.35,9142333.28,8333226.64,7717056.28,2019-08-20
1693,7164569.98,7116741.57,6938896.63,6915207.63,7085669.98,7298837.03,7435750.2,7873933.89,8351114.31,8689636.25,9111158.45,9433090.93,9281726.45,9388266.1,9625735.91,9559724.48,9446534.11,9161804.33,9658720.84,10044410.36,9845184.61,9223365.52,8409904.47,7808975.45,2019-08-21
1694,7495569.96,7235801.39,7066235.85,7014443.8,7217831.99,7722722.05,7823489.53,8302437.23,8833972.7,8927572.49,9275451.11,9505287.46,9371835.38,9509179.12,9707731.55,9733349.72,9574357.25,9324524.98,9676961.59,10005933.42,9823140.52,9439909.66,8615235.31,8044988.62,2019-08-22
1695,7348752.78,7271022.92,7099762.57,7092173.98,7337809.1,7557988.99,7677080.16,8153450.02,8701630.26,8981359.62,9340837.68,9537409.59,9354338.57,9413771.61,9577598.52,9566640.95,9410064.45,9208298.83,9643966.38,9845298.37,9691450.28,9202053.7,8476354.01,7842074.06,2019-08-23
1696,7485646.34,7224365.25,7029208.94,6930187.72,6971803.42,7062079.16,7158339.54,7720781.19,8496098.24,8892760.83,9245365.18,9439872.82,9298639.15,9204981.39,8986076.01,8747688.62,8484227.99,8429421.21,9179961.91,9483981.96,9212869.33,8748820.71,8067492.51,7504347.78,2019-08-24
1697,6875631.92,6544175.25,6484216.62,6356056.12,6338645.94,6198422.08,5938617.68,6285152.0,6778200.55,7100815.48,7516836.4,7795710.12,7839862.26,7822978.87,7795743.04,7745489.22,7594735.5,7584077.33,8586659.56,9011360.54,8933049.6,8622392.37,7995574.12,7355529.64,2019-08-25
1698,6907950.98,6665937.11,6569790.79,6537166.77,6764398.73,7232567.3,7385964.66,7876020.83,8499076.55,8871625.6,9254221.06,9530290.12,9342592.23,9395712.75,9542120.57,9593320.03,9412842.09,9124199.88,9666014.96,9973409.7,9729779.64,9237502.07,8466995.14,7756854.89,2019-08-26
1699,7282818.53,7008321.13,6822770.95,6763837.7,6986802.45,7465006.37,7589797.45,8072493.65,8654242.84,9040795.2,9444312.38,9686856.77,9522197.93,9613260.38,9748136.91,9677216.16,9553423.46,9315417.22,9742791.23,10035538.15,9870596.91,9419246.07,8657141.42,7947980.99,2019-08-27
1700,7477438.65,7161037.15,6962556.37,6893433.56,7073969.48,7493990.33,7608665.67,8141605.67,8624809.9,8936764.53,9421365.69,9638749.66,9503312.87,9537519.11,9685167.09,9606945.78,9442197.64,9163719.9,9727004.05,10017707.09,9786676.52,9295960.35,8551978.13,7841424.4,2019-08-28
1701,7163021.47,6927322.82,6840716.33,6821023.14,6897166.99,7261637.35,7456336.69,8021387.39,8578159.91,8910164.08,9335301.12,9589332.86,9491806.34,9565913.61,9713928.47,9640409.36,9428783.64,9151945.55,9725721.77,9982959.39,9748902.58,9274251.47,8544518.25,7855781.81,2019-08-29
1702,7208959.05,6923574.71,6760692.81,6694497.62,6901363.17,7373376.89,7488241.64,7975725.92,8535649.97,8959568.94,9361746.63,9626066.09,9458977.87,9532314.98,9735700.48,9703517.41,9468310.08,9138450.36,9702088.74,9861530.32,9643423.48,9208700.46,8565852.61,7953313.15,2019-08-30
1703,7447682.31,7170155.2,6970531.71,6868800.5,6929195.48,7003642.45,7083256.01,7652162.34,8251083.27,8672290.3,8998729.99,9168762.01,9044535.95,8816221.53,8676965.93,8556502.93,8344707.78,8281628.77,9064735.68,9321489.92,9078370.9,8622275.54,8033489.22,7534124.4,2019-08-31
1704,7056554.35,6700929.28,6537769.89,6381277.85,6350452.05,6236564.35,5990700.76,6260037.69,6878916.1,7250478.08,7555681.28,7780235.51,7699142.84,7529157.03,7446455.13,7378442.2,7351075.64,7390227.38,8363844.84,8757683.35,8608530.3,8246797.45,7694468.9,7138569.58,2019-09-01
1705,6757816.06,6492697.65,6345845.38,6302036.11,6537388.65,7117681.45,7257617.97,7779890.66,8323222.3,8711429.21,9028448.53,9300634.04,9155719.89,9165646.87,9249133.17,9139755.64,8890973.17,8783822.91,9383650.28,9630933.41,9340485.42,8794669.47,8000967.99,7278955.29,2019-09-02
1706,7011591.2,6786601.33,6640928.0,6594465.69,6803934.21,7201938.75,7255290.3,7675981.77,8228289.08,8544160.38,8933446.38,9204513.85,9052566.94,9216572.47,9439654.89,9430819.45,9268817.14,8985253.63,9646722.27,9906487.59,9699128.77,9173500.89,8356288.3,7734565.17,2019-09-03
1707,7179015.73,6847535.13,6677564.44,6611681.71,6866767.91,7391229.59,7514543.32,7937472.93,8448386.1,8771980.01,9195638.05,9382119.5,9200916.69,9313697.77,9497338.42,9538749.42,9340810.91,9129547.77,9765756.24,9956196.58,9755747.22,9225268.29,8405791.65,7692074.12,2019-09-04
1708,7258003.59,6968518.52,6824337.71,6700352.24,6978374.79,7506892.35,7568026.16,8055593.94,8586661.81,8894631.34,9222599.52,9485322.49,9305056.14,9415411.5,9564956.06,9526864.31,9377626.63,9107013.45,9715328.01,9914978.55,9709871.54,9179661.13,8362176.42,7644367.88,2019-09-05
1709,7224327.42,6836286.18,6631533.51,6571459.66,6799699.8,7324030.61,7481210.05,7930777.79,8483497.82,8816781.21,9161880.94,9433872.66,9287647.38,9410234.19,9593952.36,9534026.54,9326413.43,9055232.82,9682825.6,9897880.88,9660017.6,9138718.18,8393167.41,7743786.34,2019-09-06
1710,7306164.55,7044717.42,6845845.59,6732492.85,6795686.72,6863135.38,7017334.16,7649701.03,8309028.65,8739305.91,9097860.35,9263998.1,9156236.37,9006449.96,8794224.19,8714004.08,8530520.9,8396043.56,9221771.65,9362489.12,9139053.85,8679312.68,8084064.41,7534941.73,2019-09-07
1711,7052435.99,6761128.09,6559265.24,6421684.82,6359170.71,6198031.64,6060921.92,6464866.71,6853785.02,7202475.0,7375992.48,7538353.95,7637641.95,7582229.57,7479028.22,7376632.08,7367143.36,7410668.86,8423552.2,8771113.26,8643321.39,8303525.28,7766398.72,7245059.44,2019-09-08
1712,6842739.61,6589860.4,6466458.0,6476979.74,6741109.12,7246543.09,7457947.09,7957732.43,8578867.71,8941827.16,9319638.8,9629959.01,9525417.54,9621030.88,9729555.27,9681252.35,9575363.46,9273849.86,9850045.83,10036771.75,9837547.07,9269409.51,8416129.95,7731148.07,2019-09-09
1713,7250583.0,6982708.08,6838067.11,6756580.76,6993065.27,7471681.74,7579862.13,8059268.2,8682728.0,9057521.0,9427666.57,9726171.22,9572207.98,9649460.29,9809629.09,9855177.7,9689143.82,9413224.03,10075868.16,10303113.54,10120449.52,9496451.76,8654439.76,7910507.93,2019-09-10
1714,7424767.29,7168412.11,6989664.99,6862382.84,7168723.59,7666398.54,7784707.05,8263107.88,8820181.67,9167849.14,9499922.14,9693611.41,9557978.68,9697000.15,9821304.11,9812165.8,9677379.46,9430956.3,10043053.13,10178205.42,9944113.27,9366710.58,8596306.99,8069640.36,2019-09-11
1715,7691136.63,7395443.87,7170810.39,7097605.67,7019944.74,7381505.27,7522466.26,8048636.07,8630360.32,8992868.98,9311868.92,9646686.81,9496752.41,9533470.22,9721830.8,9757867.09,9527956.91,9294231.26,10003516.44,10032121.65,9817526.08,9280501.26,8510640.89,7803868.8,2019-09-12
1716,7299081.03,7023141.21,6884696.39,6767123.22,7012839.88,7489394.16,7667043.09,8145094.11,8748064.2,9074113.26,9405137.61,9568399.28,9426770.98,9568491.06,9717585.59,9691887.98,9386647.54,9202354.88,9917801.14,9989379.4,9708411.68,9239797.1,8537357.6,7896655.01,2019-09-13
1717,7389394.46,7127580.53,6919033.16,6819891.45,6899629.27,6991446.96,7143869.22,7738253.23,8376346.35,8769186.14,9105684.16,9244042.44,9126097.77,8914483.68,8730089.55,8598658.86,8442858.47,8352548.69,9200047.88,9305851.14,9084456.53,8682276.49,8082104.39,7533453.14,2019-09-14
1718,7103485.9,6824583.95,6636656.79,6491410.19,6464388.02,6344848.76,6270511.42,6580255.82,6921790.86,7301334.23,7556734.57,7782352.52,7859451.7,7668392.76,7579960.3,7535032.6,7438176.9,7515293.62,8506723.09,8763530.8,8745782.2,8435225.03,7889599.19,7367725.16,2019-09-15
1719,6900834.3,6596558.67,6471698.08,6418187.11,6679186.52,7184604.74,7363187.49,7868041.51,8410076.54,8756900.95,9114093.14,9393620.38,9212585.86,9248606.03,9466724.56,9436816.09,9251425.33,9050133.37,9754326.83,9874806.67,9612725.04,9184102.32,8371742.76,7631796.15,2019-09-16
1720,7157093.81,6863942.51,6682957.4,6620367.82,6847476.59,7376915.83,7490808.09,7891130.39,8415449.3,8686600.42,9050844.46,9352436.85,9172036.94,9251725.43,9382541.7,9326249.33,9138675.46,8969336.05,9596707.0,9673190.46,9533065.3,9030097.43,8195069.55,7487907.64,2019-09-17
1721,7011084.23,6758673.65,6614842.75,6569897.94,6729356.24,7261542.66,7407183.99,7846006.93,8293811.77,8569309.5,8919779.24,9187197.32,8964963.98,9013049.28,9211643.14,9247089.91,9069662.54,8945019.44,9622356.29,9643471.63,9384389.36,8770776.85,8018899.11,7306157.58,2019-09-18
1722,6827716.82,6596777.93,6454481.76,6392908.16,6629715.31,7179197.4,7321805.66,7678515.22,8109963.24,8308323.23,8570865.49,8855760.29,8676530.75,8693125.14,8821416.09,8840393.9,8809966.21,8733150.64,9414353.12,9436086.39,9130018.09,8502465.65,7734565.23,7074318.3,2019-09-19
1723,6657400.37,6398898.22,6302404.12,6265725.81,6500128.78,7008727.87,7159858.28,7605669.54,8163493.74,8472041.31,8776739.7,9030225.44,8823384.55,8778098.15,8933301.58,8958900.38,8839890.07,8767321.37,9426008.69,9427982.86,9166677.21,8632093.11,7929996.64,7304212.21,2019-09-20
1724,6901460.78,6641972.59,6472332.76,6381868.87,6435115.07,6523753.6,6667691.42,7193514.99,7853864.96,8223083.6,8473707.98,8630950.42,8530438.74,8297890.57,8160305.86,8075291.94,7958165.41,7978748.85,9035653.36,9066697.55,8725414.14,8188497.11,7484497.06,6943925.11,2019-09-21
1725,6717241.97,6383210.16,6140333.72,6006940.52,6016432.33,5956652.43,5836526.64,6253151.72,6732442.74,7179845.03,7494712.2,7761080.14,7791874.71,7725193.1,7608546.5,7520562.15,7406584.55,7422379.6,8295401.21,8466279.6,8313318.49,8091405.0,7459514.77,6957983.43,2019-09-22
1726,6583521.99,6343461.93,6147882.16,6117093.12,6364126.43,7040855.22,7271991.13,7766764.98,8303903.25,8606884.68,9057769.04,9359141.75,9179723.89,9189814.24,9273618.05,9199605.04,9035104.72,8935826.06,9626768.13,9681999.39,9389378.14,8739752.8,7909401.37,7217924.97,2019-09-23
1727,6785750.01,6577471.47,6567392.13,6546819.67,6797069.84,7361109.09,7533884.31,7980029.12,8494144.58,8788589.98,9130216.28,9428460.59,9260143.48,9342162.32,9517711.91,9476496.78,9295433.13,9183266.41,9845653.21,9898335.64,9622349.72,9040368.71,8279970.91,7573492.74,2019-09-24
1728,7085140.68,6809851.14,6625022.72,6650673.79,6876850.3,7457280.6,7581827.36,7977796.74,8544365.55,8897215.58,9259644.09,9500297.33,9347654.82,9426182.46,9596135.16,9551047.32,9402644.17,9294291.52,9979201.85,9999372.98,9720672.03,9194207.61,8345700.65,7670351.74,2019-09-25
1729,7042248.21,6745694.52,6586123.96,6542241.29,6789311.61,7361285.74,7540014.65,7948333.86,8445628.22,8620830.22,9020883.85,9324549.87,9124553.81,9089204.21,9215487.93,9203519.87,9100264.25,9034587.61,9881112.39,9917652.61,9646292.6,8941116.18,8037571.29,7352579.93,2019-09-26
1730,7034981.48,6706172.91,6558695.83,6535004.48,6841929.84,7456686.47,7604201.03,8086563.43,8684332.48,8973924.57,9315553.71,9537731.68,9369367.29,9414210.11,9547051.13,9573399.62,9458846.14,9314144.87,10001776.01,9975373.5,9733111.31,9231586.93,8573796.16,7964127.04,2019-09-27
1731,7441559.52,7123443.14,6942906.47,6867540.46,6958067.63,7040563.79,7195899.99,7781262.47,8393010.94,8776700.31,9100504.11,9288134.85,9202931.33,9082030.83,8938173.71,8806861.73,8646171.37,8690168.21,9495941.07,9488510.41,9233436.67,8788021.25,8150506.78,7583129.83,2019-09-28
1732,7144917.66,6831936.73,6594895.0,6486486.84,6400398.83,6340724.69,6184574.98,6485788.32,6841493.79,7142947.1,7373853.09,7578544.28,7690342.94,7672419.45,7575966.92,7527415.44,7431731.98,7620135.44,8653926.93,8796421.56,8627027.75,8230436.77,7680006.34,7193851.93,2019-09-29
1733,6840960.71,6625356.63,6489147.81,6426817.03,6671867.46,7211238.23,7400568.45,7863320.96,8384756.2,8793199.59,9159260.03,9388608.68,9278932.98,9312373.02,9438501.75,9386941.32,9206685.77,9138604.55,9734704.0,9712431.51,9468707.85,8899104.92,8106804.91,7457632.75,2019-09-30
1734,6963830.31,6661757.24,6533440.57,6460468.28,6716015.5,7237945.08,7398131.81,7799015.68,8270541.1,8496660.34,8870083.41,9138479.31,8998510.79,9097928.97,9332870.29,9364691.27,9186585.82,9026843.99,9789493.59,9860224.78,9630737.87,9107320.67,8310903.85,7581195.24,2019-10-01
1735,7117759.03,6845067.34,6666797.54,6640684.4,6887929.15,7435561.09,7582858.43,7953256.92,8445873.05,8680639.57,9050418.39,9215662.95,9054291.25,9102945.81,9280225.57,9239353.97,9177204.18,9167179.88,9907753.31,9847115.47,9624692.38,9043043.7,8215017.63,7522362.53,2019-10-02
1736,7059171.72,6782578.05,6641285.65,6597217.68,6798814.41,7419097.89,7578663.91,7938996.16,8398398.75,8667181.42,8972621.02,9190103.56,9036683.32,9072188.7,9188379.05,9168080.02,9059698.19,8961906.19,9694354.84,9710336.24,9436108.25,8840142.1,8081300.41,7391598.06,2019-10-03
1737,6923145.24,6643837.89,6476218.38,6457923.25,6712375.71,7211480.1,7432435.15,7895280.62,8374877.52,8749731.23,9169194.38,9409055.9,9229162.23,9287513.38,9457253.83,9427384.52,9312779.2,9196959.27,9871937.39,9813837.0,9588822.62,9048651.92,8361787.32,7728224.79,2019-10-04
1738,7227195.4,6937188.08,6738202.86,6684170.82,6751239.79,6848213.38,7028391.1,7572546.12,8184521.9,8563089.69,8881038.01,9088024.77,8984708.44,8837136.72,8723048.04,8573347.28,8419205.22,8489707.86,9398282.59,9295879.93,9085978.41,8624229.42,8026901.88,7495573.75,2019-10-05
1739,7081257.89,6728405.48,6553598.17,6392640.72,6377092.49,6180071.01,6050459.9,6378693.9,6737081.55,7082692.08,7341063.31,7535992.93,7633217.29,7581789.9,7477397.49,7378420.57,7324201.75,7530989.22,8546710.0,8639679.72,8500316.82,8156990.62,7629826.45,7106889.36,2019-10-06
1740,6763630.36,6563793.87,6410262.84,6367829.39,6534338.45,6835498.91,7129561.53,7814949.52,8405963.9,8785563.99,9123188.75,9416634.4,9357522.81,9306556.6,9450689.4,9419513.26,9277477.59,9138209.57,9871421.35,9874390.53,9638648.66,9107484.08,8366068.18,7621530.42,2019-10-07
1741,7135569.06,6916467.29,6719672.49,6699390.93,6875494.41,7156191.7,7413490.51,8056828.29,8630638.77,8962625.7,9277612.12,9581982.7,9449627.16,9425523.38,9508463.97,9457519.51,9311932.13,9250566.15,9795165.55,9767382.69,9480969.57,8913102.76,8205314.68,7461969.16,2019-10-08
1742,7035294.93,6779763.36,6605372.22,6521813.16,6684703.77,7007287.56,7297724.04,7914538.0,8420086.64,8791481.34,9177285.01,9404237.42,9284283.55,9314516.8,9444971.85,9390261.63,9232743.14,9159564.55,9865588.96,9801945.22,9519929.09,8979051.9,8252848.64,7578667.74,2019-10-09
1743,7123647.08,6863880.16,6696559.35,6647379.75,6817116.06,7103277.35,7402322.05,8037253.73,8525943.49,8819021.83,9108774.8,9313432.94,9212013.35,9209695.88,9376426.2,9284161.78,9164430.55,9205773.05,9844269.52,9823530.0,9526175.87,9012202.96,8254136.88,7592452.94,2019-10-10
1744,7015403.46,6739014.79,6564056.43,6519928.4,6678474.23,6936859.61,7200881.66,7999160.71,8563224.94,8896422.29,9209145.05,9471482.43,9242446.93,9132017.33,9189151.71,9168127.68,9047444.68,8920179.07,9486671.22,9395085.96,9121637.98,8520674.53,7890806.92,7332451.35,2019-10-11
1745,6895083.55,6608576.95,6386915.93,6323275.76,6428971.84,6541873.77,6727143.36,7445643.79,7997629.54,8346207.51,8722330.63,8976235.74,8886841.28,8636132.75,8496053.45,8423334.41,8286283.2,8448927.34,9225751.24,9191536.61,8929513.6,8451013.53,7876803.26,7371490.1,2019-10-12
1746,6833681.75,6508207.61,6327962.23,6186679.75,6129394.9,6045295.35,5927113.85,6263978.41,6795612.71,7117343.58,7402108.84,7598224.13,7689323.67,7637917.36,7516915.78,7419931.3,7318978.21,7413520.18,8359705.85,8383446.91,8352612.64,7999225.72,7456806.79,6994871.33,2019-10-13
1747,6532023.62,6259989.43,6085253.23,5995833.9,5995867.4,5963316.31,5905256.04,6257838.98,6663767.92,7054785.46,7394958.73,7702456.6,7767238.93,7671661.33,7501019.43,7441149.33,7362363.54,7556768.38,8590406.81,8741605.66,8562628.61,8119650.76,7492059.57,6995906.59,2019-10-14
1748,6621640.73,6381664.31,6265222.3,6226789.87,6484721.14,7016092.97,7177018.03,7697256.52,8257370.49,8637034.32,9029352.6,9275184.63,9101669.24,9148443.56,9360540.34,9366634.87,9170028.29,9071429.38,9681698.34,9559661.62,9300983.67,8782004.16,7994639.96,7398474.97,2019-10-15
1749,7135388.86,6914314.71,6710730.84,6684359.6,6944840.14,7457692.29,7562466.33,8011875.28,8467551.26,8728750.33,9075931.78,9338225.77,9206465.63,9210048.78,9376828.83,9384328.77,9153853.87,9075436.24,9743356.56,9688819.78,9420455.29,8862817.7,8076989.31,7417455.67,2019-10-16
1750,6855397.8,6653479.04,6502771.39,6485010.45,6790317.07,7326367.5,7477198.4,7925228.63,8420137.66,8730305.15,9077216.14,9356599.78,9234075.42,9287522.48,9467283.34,9366541.43,9259990.6,9246933.44,9889014.1,9813387.58,9591500.02,9041228.19,8287589.83,7585711.8,2019-10-17
1751,6965563.93,6700425.34,6555668.77,6569216.98,6864997.77,7368401.53,7522726.87,7892415.0,8330301.46,8681023.47,9033764.6,9306417.33,9128294.18,9173421.39,9374514.87,9353388.21,9265923.9,9270421.02,9898595.15,9808666.67,9515973.74,8998873.27,8302515.94,7687604.52,2019-10-18
1752,6949433.51,6632962.85,6420057.01,6348722.86,6429629.31,6563916.9,6709269.12,7302819.63,7806695.75,8120219.2,8420295.52,8600174.94,8498463.87,8327266.97,8196288.04,8061472.6,8042953.25,8231384.8,8953400.06,8813902.03,8627098.43,8146254.08,7521341.08,6975186.16,2019-10-19
1753,6581567.09,6275373.15,6088734.51,5961407.64,5927651.71,5916516.59,6011896.13,6370198.46,6783175.05,7111651.09,7359696.57,7583836.09,7643789.15,7569995.66,7471919.49,7376712.83,7305950.98,7617950.38,8454966.64,8436355.48,8306599.16,7945257.75,7434259.76,6878338.79,2019-10-20
1754,6636380.95,6545501.57,6436112.82,6381761.84,6573168.7,6904386.45,7072116.67,7557345.91,8113395.52,8425649.44,8723763.88,8954726.66,8728637.77,8666698.59,8783548.96,8835716.47,8754462.82,8840291.09,9417976.52,9349793.15,9046621.07,8426315.08,7667136.47,7096678.28,2019-10-21
1755,6878258.14,6658597.18,6451945.03,6443229.4,6707913.16,7074860.63,7166931.2,7652321.9,8135698.5,8410280.27,8736983.48,8949753.02,8645010.2,8716567.52,8909691.15,8929548.66,8806865.36,8879282.74,9460896.32,9372792.46,9089273.5,8483371.79,7682145.05,7236682.45,2019-10-22
1756,6810513.39,6602127.22,6469537.99,6442794.98,6699491.57,7173459.76,7379272.65,7606475.91,8081797.91,8408768.78,8843125.85,9050986.16,8904865.57,8866317.85,9065531.85,9057143.4,8998391.39,8959864.34,9787412.13,9679410.85,9290351.45,8654382.42,7786288.98,7139036.69,2019-10-23
1757,6845837.16,6672526.64,6587995.09,6556307.76,6734342.89,7092009.42,7245608.55,7695326.55,8078223.98,8412655.01,8736700.53,8923162.39,8675612.14,8676783.32,8920805.0,8937327.62,8842605.39,8891002.74,9546199.94,9443382.02,9143990.27,8600433.42,7852341.46,7255702.19,2019-10-24
1758,7008629.43,6775996.96,6622883.48,6582799.25,6804050.1,7267084.85,7515996.53,8029935.85,8540470.09,8843534.78,9197491.5,9440456.42,9262706.49,9273902.77,9414143.5,9381102.73,9222157.97,9275038.77,9870937.27,9755333.49,9516069.9,8990377.33,8259187.73,7665739.63,2019-10-25
1759,7232200.3,6990733.42,6799606.14,6739745.04,6779629.63,6889826.81,7093257.13,7645520.79,8248626.95,8645704.26,8997781.1,9166199.76,9044131.56,8901253.88,8724547.35,8611166.47,8476263.13,8655484.64,9393077.34,9290572.58,9063450.74,8623991.93,8014247.96,7446615.13,2019-10-26
1760,6830519.92,6604488.06,6418635.01,6286830.53,6280844.02,6304629.9,6329248.54,6492485.01,6743915.0,6936846.86,7073767.22,7214703.05,7235922.42,7163773.5,7029486.75,7001162.12,7041381.45,7306290.57,8268635.21,8360287.46,8250551.03,7913358.35,7446562.12,6960914.03,2019-10-27
1761,6762328.94,6539959.63,6394300.79,6379322.87,6624085.99,7144318.75,7363676.34,7811446.1,8250219.26,8580840.01,8991008.69,9239917.64,9116429.71,9144228.33,9276878.06,9268143.28,9136985.1,9174268.89,9791715.38,9727189.39,9445081.65,8877476.24,8110958.71,7517040.68,2019-10-28
1762,7266263.66,7038903.82,6895157.72,6812065.95,7058630.1,7600569.24,7556051.31,8228985.41,8765548.61,9053217.52,9355823.34,9564331.13,9309158.17,9301139.58,9446162.47,9437098.02,9291275.26,9388435.39,10150870.24,10144296.24,9678048.69,9092088.06,8268476.81,7600089.56,2019-10-29
1763,7001076.06,6781403.2,6672564.74,6577382.75,6816676.14,7327409.4,7461363.03,7989479.25,8503371.95,8764643.43,9128582.93,9476815.65,9197748.55,9169422.08,9282600.31,9315881.55,9106326.25,9201335.51,10067787.1,9919944.07,9621275.43,9012446.49,8174879.89,7560408.51,2019-10-30
1764,7242772.19,7000852.79,6838476.53,6760661.5,6807826.92,7273138.16,7378153.2,7916927.15,8405650.9,8772243.09,9074422.45,9290337.56,9179712.57,9278508.47,9342680.55,9155578.93,8954271.35,8906045.13,9427282.34,9215135.37,8997089.93,8625811.93,8052172.68,7497212.16,2019-10-31
1765,6978894.94,6730539.84,6602669.89,6523642.81,6705649.15,7140126.7,7275280.21,7766718.68,8305344.43,8554758.05,8925649.08,9264842.48,9087642.42,9086469.62,9281615.56,9218817.39,9026441.61,9165348.33,9716022.08,9581804.83,9295094.28,8723546.13,8057251.52,7423570.95,2019-11-01
1766,6958172.37,6680685.88,6498828.77,6437116.24,6552973.79,6690231.08,6785539.69,7320555.74,7856503.78,8205641.03,8477444.39,8676255.85,8601351.65,8492448.63,8335589.7,8206384.26,8129498.92,8345842.93,9131408.12,9077894.66,8760725.14,8295971.39,7696022.82,7189766.2,2019-11-02
1767,6783680.51,6565479.21,6354693.23,6215750.0,6164193.05,6104188.53,5996890.4,6293588.92,6690557.85,7031133.51,7328318.07,7522755.54,7588898.83,7531529.27,7424549.0,7286153.33,7202582.42,7432164.47,8320105.24,8323662.72,8190087.06,7869472.42,7397352.43,6949267.49,2019-11-03
1768,6700732.02,6427267.34,6275682.0,6180804.84,6162743.76,6115937.52,6063765.89,6485357.26,6926050.4,7302987.98,7650140.02,7971017.78,8031310.62,7946628.91,7783858.33,7652540.09,7563010.71,7850973.31,8736622.46,8795406.13,8599334.9,8163688.13,7588279.3,7063636.94,2019-11-04
1769,6633723.99,6419428.2,6276076.16,6271496.45,6537848.82,7053634.04,7168393.65,7664972.85,8195112.73,8495917.37,8846980.52,9069167.39,8876293.32,8990852.78,9188241.3,9151166.08,9028860.9,9093654.96,9695131.37,9623533.29,9346459.88,8809794.05,8033137.06,7347048.94,2019-11-05
1770,6934097.61,6679962.69,6540791.35,6505390.09,6732516.51,7247539.56,7426262.66,7836396.32,8363295.4,8687980.47,9075401.76,9210431.42,9013429.3,9105861.75,9306135.44,9265170.25,9138742.2,9197683.51,9890512.05,9786955.81,9451792.37,8914129.4,8171084.31,7489933.47,2019-11-06
1771,7001888.19,6745762.72,6563273.56,6485495.49,6715594.14,7206348.99,7383190.59,7782964.29,8284838.03,8724670.65,9085706.98,9472638.11,9202087.65,9342353.41,9577429.41,9554862.68,9387975.81,9173722.61,9852642.34,9805735.21,9494458.97,8943740.06,8194142.05,7535914.24,2019-11-07
1772,7077566.52,6816251.09,6660434.64,6592717.7,6853016.81,7312334.82,7525158.9,8012913.5,8554503.14,8881597.8,9180051.81,9457823.92,9285374.59,9369413.12,9567683.58,9580489.33,9400374.13,9412940.61,9929320.36,9790289.58,9503180.83,8939723.92,8261388.74,7677700.16,2019-11-08
1773,7215369.12,6957783.7,6729515.45,6640322.54,6684875.45,6816872.89,6947871.47,7541087.65,8279712.78,8743930.08,8788512.17,8961780.75,8854657.55,8622379.69,8493469.94,8415922.03,8255201.48,8553581.78,9255033.67,9164105.56,8905476.93,8408929.61,7802158.84,7271388.48,2019-11-09
1774,6876050.93,6600572.42,6414178.62,6298426.92,6262893.38,6173384.09,6079525.61,6523517.46,7111150.63,7412055.52,7638102.63,7872952.62,7964753.09,7932111.77,7794845.76,7686953.56,7583621.04,7658136.12,8416128.96,8440622.84,8268295.87,7949564.82,7482823.92,7029161.9,2019-11-10
1775,6620979.69,6320252.1,6118965.13,6047536.23,6035578.58,6088629.06,5986695.51,6346295.28,6825121.6,7215370.59,7561081.82,7885734.91,7912118.46,7829653.69,7790199.02,7672874.12,7578780.12,7895024.4,8789494.67,8958255.08,8653001.08,8164783.66,7670361.09,7161200.71,2019-11-11
1776,6659018.06,6443071.34,6302331.2,6274163.52,6538847.14,7044171.48,7245528.05,7694215.74,8228626.59,8601051.4,8932560.0,9103688.1,8952786.09,8968930.89,9097629.98,9081982.75,9033730.92,9252864.06,9813128.65,9721383.63,9401732.16,8756359.58,7935852.57,7286275.36,2019-11-12
1777,7104401.33,6895682.63,6725688.05,6682648.7,6934959.39,7411432.26,7625580.81,8009155.27,8391901.07,8629881.03,8950311.52,9183488.23,9083454.61,9115367.17,9155753.19,9032186.62,8935587.04,9076958.81,9715043.99,9699442.1,9459041.23,8896514.39,8136436.28,7494424.87,2019-11-13
1778,6731187.6,6502884.02,6377382.52,6405159.9,6636143.18,7059111.94,7332483.87,7739410.13,8211976.93,8522129.6,8827703.03,9046442.85,8918720.19,9009684.18,9138632.85,9139438.08,9024944.96,9149597.63,9756433.58,9713072.95,9396370.69,8853319.41,8097926.74,7421849.96,2019-11-14
1779,6916474.65,6672069.03,6559601.04,6495498.55,6707733.38,7117492.07,7320161.24,7808105.6,8300039.44,8602442.88,8931317.99,9135903.84,8995663.9,9010920.9,9141510.02,9124082.06,9044583.94,9122887.03,9648148.87,9530699.43,9270842.7,8837552.07,8187277.69,7499113.4,2019-11-15
1780,7030124.3,6802342.64,6686777.27,6627748.72,6698465.43,6806726.89,6910191.91,7446337.38,7990124.3,8342880.5,8644408.52,8834655.76,8711736.11,8561514.04,8399722.15,8249195.65,8130104.65,8358970.38,9089294.94,9020123.59,8822506.02,8373743.87,7766151.87,7265669.74,2019-11-16
1781,6836954.63,6557551.14,6362099.1,6281028.89,6259433.78,6260450.15,6257593.43,6602061.07,7045280.11,7397962.5,7688955.71,7934453.83,7996160.59,7917076.23,7819431.46,7701974.63,7599041.09,7752951.02,8595619.01,8688813.0,8517175.88,8178357.78,7648822.57,7112556.89,2019-11-17
1782,6709252.54,6472527.53,6291205.06,6253919.46,6483968.54,6909156.99,7212197.47,7707946.79,8259528.85,8582845.04,8953569.18,9219498.37,9033839.79,9096497.68,9257143.54,9195591.33,8998707.36,9119249.46,9735645.56,9662746.35,9403511.58,8804151.61,8052386.82,7381867.97,2019-11-18
1783,6977000.52,6838247.65,6686425.43,6480139.7,6672702.05,7103264.71,7382696.12,7850618.76,8347474.47,8605207.74,8896606.15,9161405.34,9047639.07,9059921.31,9340202.23,9341753.24,9195599.29,9251197.38,9885349.74,9836055.4,9524115.15,8988864.82,8056670.92,7371908.19,2019-11-19
1784,6909018.49,6650601.51,6477783.97,6450413.89,6667036.96,7085352.99,7286993.66,7809691.55,8463859.79,8770206.91,9124052.66,9416132.44,9275385.0,9324935.96,9485143.67,9435627.77,9245269.27,9246790.58,9774465.63,9686659.91,9383826.48,8839122.1,8085291.01,7506544.65,2019-11-20
1785,7063041.98,6822152.42,6670671.65,6601888.83,6601734.66,6739136.63,6963772.79,7595231.18,8123725.77,8425488.67,8723107.24,8979774.75,8883687.44,8844871.55,8797863.35,8653776.56,8394399.1,8499944.07,9308831.61,9267373.58,8935388.05,8416161.63,7799253.13,7217759.27,2019-11-21
1786,6754570.93,6513365.39,6349926.96,6306779.74,6503372.73,6851501.26,7115565.11,7673055.34,8243735.12,8610414.94,8968207.7,9183568.2,9028092.7,9018197.47,9011063.89,8888718.76,8703627.17,8686490.96,9298269.86,9107152.8,8862573.9,8374679.6,7812700.05,7268500.73,2019-11-22
1787,7025978.73,6782072.73,6610438.06,6524725.01,6574675.84,6684710.36,6827430.75,7414020.93,8058175.56,8450672.14,8788651.36,9013716.23,8938244.42,8799097.04,8645180.84,8547298.75,8385149.64,8589804.76,9369970.93,9285337.9,9004457.15,8554805.94,8024963.04,7497123.9,2019-11-23
1788,7067916.99,6780038.45,6558917.71,6430734.13,6378094.92,6313177.97,6202711.37,6553240.86,6953121.04,7307888.86,7552060.44,7819059.9,7877238.07,7853061.3,7768097.78,7703993.47,7592414.51,7833363.87,8791382.86,8864959.88,8728880.86,8386763.85,7860422.4,7304097.83,2019-11-24
1789,6963234.12,6721756.41,6570604.11,6503097.93,6718546.11,7110633.15,7461766.8,8094963.59,8679663.97,9027765.71,9362534.93,9598634.3,9549499.15,9585782.05,9730789.71,9670896.57,9500045.19,9473164.63,10180483.56,10158264.58,9898053.25,9352303.79,8625079.15,7999902.87,2019-11-25
1790,7517717.83,7233190.71,7057953.92,6995705.72,7188529.99,7599946.5,7836453.48,8448777.45,8967362.94,9234450.46,9532138.97,9748859.0,9662293.52,9674313.99,9809026.26,9814185.77,9621185.93,9573490.87,10252703.15,10200783.44,9920607.13,9390174.53,8687662.0,8011228.41,2019-11-26
1791,7504702.96,7265416.17,7085156.17,7030658.71,7251951.56,7562970.36,7834729.79,8467730.9,9001616.15,9267438.08,9593500.83,9849590.28,9692956.33,9743823.84,9910935.01,9824067.01,9598271.24,9686841.55,10429425.61,10365195.68,10088593.55,9513855.66,8693310.36,8122009.21,2019-11-27
1792,7650881.7,7415949.89,7225167.71,7171771.54,7347199.89,7679920.54,7949921.37,8530264.99,9048688.26,9355743.73,9684899.22,9917511.86,9797493.5,9811820.83,9916298.28,9893288.91,9684495.45,9710684.76,10402669.44,10306910.38,10052442.37,9583561.52,8846037.84,8170795.44,2019-11-28
1793,7476463.29,7200195.16,7012111.01,6904564.65,7083941.53,7567115.07,7759544.44,8299644.43,8789819.3,9083680.92,9353853.51,9573344.42,9477355.53,9500147.71,9546968.46,9435420.71,9266809.88,9496923.9,10072453.58,9955568.74,9672890.08,9208727.4,8458502.1,7867436.65,2019-11-29
1794,7360747.82,7055608.97,6862413.48,6770309.27,6849786.55,7002087.36,7122847.55,7735310.83,8361362.23,8754366.45,8928901.21,9044490.58,8952430.13,8784067.03,8617176.65,8627901.95,8502462.73,8681723.19,9490975.82,9491448.74,9253948.65,8799645.02,8266891.46,7766181.12,2019-11-30
1795,7310661.36,7032038.38,6794523.88,6660596.34,6615665.03,6591225.69,6430616.21,6731896.51,7109314.41,7454735.91,7714856.47,7945672.08,8048662.08,8026985.35,7923978.12,7858351.72,7786293.8,7990941.53,9034623.77,9135747.84,9031136.47,8716888.19,8216845.31,7666121.9,2019-12-01
1796,7259184.86,6990048.04,6827443.2,6778904.14,6951396.33,7093147.99,7312108.69,8047910.93,8786052.67,9121633.84,9484035.67,9722737.05,9594236.54,9603465.41,9756618.51,9719616.76,9548883.56,9497494.63,10240509.32,10236127.19,10012575.68,9490787.52,8709877.84,7950972.11,2019-12-02
1797,7321549.12,7054177.99,6853885.6,6786812.98,6962089.76,7286696.88,7542556.34,8214155.09,8790777.81,9092729.31,9468597.65,9722561.34,9574041.82,9584112.41,9813335.59,9668016.29,9459063.85,9499345.46,10271476.54,10246171.15,10023474.69,9386001.59,8534742.73,7821201.47,2019-12-03
1798,7474656.83,7309850.22,6933581.74,6806054.01,6982149.64,7276926.67,7508870.47,8083789.7,8652132.99,9095838.1,9588076.63,9882830.89,9704908.74,9511923.1,9781182.38,9750749.49,9498692.66,9395274.25,10158000.22,10120048.34,9878960.9,9244539.51,8375311.25,7755030.04,2019-12-04
1799,7551281.68,7294031.89,7142462.8,7096676.36,7239057.94,7487975.21,7697354.83,8226319.33,8790710.61,9139421.71,9473088.29,9753844.34,9606064.39,9648682.11,9912921.37,9917046.07,9734523.11,9603716.25,10314150.49,10295576.4,10023529.71,9421179.88,8715882.49,8046255.17,2019-12-05
1800,7445206.11,7144378.54,6929419.96,6865451.31,7014679.63,7305007.62,7545358.91,8141109.01,8819882.35,9219120.46,9556241.84,9862872.44,9666889.77,9683494.91,9801954.58,9807207.31,9609168.7,9547526.75,10199840.2,10118036.19,9939668.87,9300259.23,8641248.53,8110835.55,2019-12-06
1801,7542708.56,7208589.09,7012261.25,6921620.78,7018234.19,7082041.65,7230545.32,7773370.32,8377459.5,8732419.26,8995671.49,9067390.91,8879326.15,8691689.94,8542218.67,8513511.97,8420358.35,8504782.6,9423008.18,9169337.2,8761922.52,8301299.59,7843515.51,7418240.93,2019-12-07
1802,6888090.02,6613640.56,6414917.34,6287403.53,6262752.69,6218346.08,6021172.57,6314554.21,6682156.53,7036883.98,7342188.27,7582826.74,7661421.59,7570834.78,7496647.14,7415572.46,7319659.75,7466126.47,8403553.58,8487105.77,8357806.06,8072162.76,7620668.34,7127647.09,2019-12-08
1803,6769576.1,6535569.32,6427632.8,6357552.23,6535883.49,6851046.43,7096530.2,7766532.94,8422192.58,8810949.74,9168603.01,9444334.9,9320381.5,9087080.26,9409350.82,9478757.16,9335166.3,9233055.15,9970078.12,9960489.22,9698143.35,9176894.21,8469057.91,7759922.55,2019-12-09
1804,7261004.82,6969192.33,6785010.01,6714527.3,6871057.24,7154379.25,7391272.58,8004123.28,8554879.16,8875511.31,9173619.4,9457755.35,9332398.35,9359265.64,9537849.46,9558239.33,9431262.53,9595936.42,10210486.15,10128540.87,9706467.58,9182026.2,8429673.05,7760087.86,2019-12-10
1805,7295906.61,7016539.7,6835973.81,6774508.4,6929240.33,7238546.2,7453496.67,8063034.74,8595310.54,8989139.08,9373638.54,9749034.82,9628532.16,9638193.33,9800746.44,9795747.08,9614325.1,9592836.87,10236238.93,10132902.15,9752097.12,9069092.05,8331977.96,7740288.35,2019-12-11
1806,7261970.75,6965117.05,6808274.89,6749548.31,6924277.74,7249995.69,7454838.79,8030143.73,8574210.95,8960572.23,9339848.52,9548002.91,9428473.45,9461045.79,9641600.83,9645940.4,9313496.47,9271952.99,9935410.03,9855376.69,9527302.46,9016243.71,8341970.13,7712493.85,2019-12-12
1807,7174400.99,6885215.34,6693199.55,6607908.18,6766844.92,7055550.82,7279870.39,7896686.94,8641972.27,8919169.71,9283274.9,9537785.62,9339856.39,9404278.1,9630041.58,9450932.69,9250218.49,9283977.7,10002814.54,9948402.21,9675249.81,9055820.14,8303366.55,7690096.18,2019-12-13
1808,7232755.61,6927306.04,6743794.28,6645968.93,6697604.29,6832811.15,6943148.54,7423234.78,7959122.91,8295988.45,8604703.07,8788024.89,8703956.7,8539913.05,8408339.1,8331893.59,8180083.18,8327131.36,9224480.14,9249901.83,9010880.62,8638249.51,8055695.24,7534187.43,2019-12-14
1809,7066886.6,6758973.19,6534267.85,6409581.09,6376561.83,6388514.68,6268912.27,6470440.43,6829304.71,7152571.54,7427490.79,7620043.96,7718239.76,7637927.5,7531781.06,7468771.66,7387457.3,7561029.51,8516169.69,8650235.65,8564694.19,8329277.15,7862823.18,7325448.5,2019-12-15
1810,7014114.61,6814635.4,6641482.09,6513685.26,6702166.59,6996630.18,7191687.47,7798080.55,8497394.44,8913101.53,9328094.36,9602474.83,9494703.61,9505576.82,9666929.81,9646662.83,9485689.22,9320240.68,10004550.35,9971541.15,9777858.4,9350787.49,8653718.18,7941439.9,2019-12-16
1811,7420692.65,7078851.0,6851687.13,6663387.69,6846113.75,7117080.3,7300785.68,7999319.93,8625372.49,8964263.21,9314503.65,9576878.12,9497493.02,9525050.55,9655456.8,9618987.95,9443110.72,9271789.28,9925315.93,9835795.63,9585816.93,9152349.0,8527090.97,7832561.39,2019-12-17
1812,7408515.06,7112528.4,6854327.8,6782152.65,6982174.66,7274803.92,7455543.28,8032105.63,8576002.26,8900458.83,9230585.07,9550385.03,9470779.7,9480419.44,9604887.87,9538491.29,9353511.87,9292051.26,9962833.86,9977017.79,9597570.94,9271850.28,8640699.84,8008293.38,2019-12-18
1813,7344215.88,7004593.19,6791597.31,6747864.14,6898716.35,7183549.48,7324236.43,7934114.47,8525912.46,8916440.9,9240779.78,9557680.2,9402915.8,9497866.71,9595788.06,9515221.92,9315340.02,9190763.43,9925638.33,9950423.95,9629987.69,9183340.51,8617974.37,7926847.99,2019-12-19
1814,7366723.51,7043768.98,6891277.39,6843413.14,6965294.79,7240192.88,7340581.59,7940952.59,8548285.79,8910021.42,9302024.61,9533983.72,9437852.31,9373248.05,9503108.32,9399052.18,9206658.15,9080647.18,9873975.56,9843015.12,9484209.11,9054802.73,8534020.78,7891133.36,2019-12-20
1815,7625494.53,7254293.97,7024568.71,6908904.21,6965968.8,7115072.68,7197092.15,7633686.29,8063053.44,8348901.61,8607403.53,8785003.54,8659290.09,8501706.38,8374346.26,8295872.22,8139307.83,8237496.01,9122381.01,9157714.81,8937926.64,8810493.31,8312444.75,7834502.88,2019-12-21
1816,7424013.7,7070925.4,6898030.9,6781649.94,6717057.19,6631781.73,6431476.35,6692196.76,7047322.55,7361501.68,7624723.69,7777012.83,7820857.44,7802512.1,7732165.48,7663398.85,7568311.17,7709895.15,8884594.51,8993734.0,8914651.08,8728859.37,8326274.37,7773571.97,2019-12-22
1817,7114156.94,6784925.47,6564683.9,6513154.27,6646345.67,6859092.16,7000269.09,7642347.88,8347411.04,8783594.87,9070168.84,9244048.18,9171011.64,9136255.33,9198287.07,9099812.28,8911167.16,8820918.5,9578821.84,9607723.49,9406536.52,9054859.66,8543004.76,7855070.31,2019-12-23
1818,7238329.34,6956807.56,6724843.57,6633988.27,6677166.31,6847242.04,6885883.54,7430870.36,8009718.06,8309751.55,8486218.78,8622875.61,8491086.81,8234413.95,7974463.22,7923220.93,7802939.32,7939931.19,9123802.26,9139737.67,8694735.62,7941902.4,7436538.24,7090461.77,2019-12-24
1819,6900759.87,6754788.05,6571492.26,6376805.89,6246906.84,6156026.61,5792894.35,5866094.76,6114175.26,6360681.7,6589555.41,6850578.52,6994649.05,6990663.7,6924317.34,6829076.21,6795883.34,6878700.47,8000408.07,8118878.61,8019999.28,7656617.58,7270150.41,6828556.13,2019-12-25
1820,6512465.91,6250361.02,6089563.38,6034697.82,6133355.0,6390632.21,6574670.73,7214898.75,7903377.77,8376310.04,8777282.96,9044162.11,9028076.81,8975843.92,9074334.9,9038456.1,8896381.94,8779014.22,9514956.23,9534222.2,9308655.61,8877345.54,8208860.57,7578895.98,2019-12-26
1821,7081053.39,6741137.27,6579470.97,6500763.29,6608895.18,6836119.36,6960773.6,7444006.23,8066679.67,8409830.92,8684424.31,8947667.02,8842957.91,8762759.43,8846799.06,8767205.48,8611869.12,8581706.0,9420852.49,9424693.2,9089320.16,8692919.34,8134094.45,7505415.37,2019-12-27
1822,7029120.32,6772015.59,6580865.39,6525685.72,6579520.35,6719030.66,6733524.57,7187245.93,7708965.17,8111191.51,8440760.02,8623772.64,8575108.52,8483869.8,8374935.39,8296616.12,8128807.57,8156146.58,9027922.9,9104868.29,8892877.65,8507855.4,8006160.77,7498900.25,2019-12-28
1823,7055693.51,6738142.8,6510342.46,6374200.84,6334482.86,6360964.96,6146050.95,6423043.07,6824133.15,7192423.98,7421937.1,7649718.21,7717856.25,7696636.66,7639119.81,7565068.94,7451935.17,7499039.83,8424372.71,8550408.88,8424560.07,8136305.26,7705251.83,7202563.99,2019-12-29
1824,6788375.75,6516347.62,6355535.9,6236664.7,6320381.7,6534758.48,6608286.81,7093474.85,7709355.35,8078005.45,8374195.76,8611805.27,8573871.93,8496469.35,8529351.81,8425461.84,8254998.87,8272316.61,9041459.77,9039571.58,8850709.85,8495764.63,7960657.19,7334725.39,2019-12-30
1825,6798512.89,6474420.68,6251771.58,6198009.09,6207382.22,6345711.32,6321731.98,6655792.54,7035710.07,7318256.72,7497905.21,7610945.78,7565397.19,7481409.13,7344371.83,7225129.53,7116910.42,7270364.85,8283019.82,8289015.95,7910884.16,7413498.6,6943556.52,6617147.53,2019-12-31
1826,6560913.52,6446463.08,6275363.53,6136344.04,6019163.39,5906660.41,5494256.05,5530111.74,5736928.7,5994528.01,6257796.18,6404287.14,6512039.33,6520389.02,6440905.44,6403139.31,6382038.67,6481315.14,7211704.76,7345428.2,7247168.32,7008309.03,6738712.48,6528311.92,2020-01-01
1827,6218437.47,5997987.41,5960043.62,5864780.97,5939757.24,6043793.3,6132471.98,6617858.14,7138392.5,7547174.5,7932269.76,8169614.54,8232634.13,8256523.46,8191805.25,8135578.25,8014370.18,7900648.78,8626887.93,8749925.94,8567331.15,8218948.29,7699504.81,7185385.2,2020-01-02
1828,7030494.04,6755853.19,6579871.92,6474155.54,6557636.68,6650389.44,6670846.84,7113511.27,7510124.14,7850213.01,8209852.78,8464251.94,8441598.28,8493158.61,8582981.6,8549769.81,8357968.9,8189611.35,8916070.29,9087375.44,8830957.57,8431787.77,7909945.94,7444364.15,2020-01-03
1829,6961727.91,6650506.9,6445090.4,6390389.34,6352471.34,6413632.98,6387181.05,6779002.12,7307894.98,7707599.63,8032019.57,8231182.7,8264571.08,8142689.83,8075620.85,8006199.62,7846597.2,7837004.4,8636104.54,8849029.45,8637024.32,8258228.85,7760836.51,7280781.35,2020-01-04
1830,6863472.35,6559808.75,6350681.97,6191213.1,6100979.77,6082875.43,5865627.62,6074919.0,6405223.48,6732894.34,7007127.73,7249671.79,7307131.69,7233800.51,7108321.71,7023587.37,6908750.1,6913703.86,7869148.42,8127496.56,7995835.5,7689706.19,7318922.15,6881006.74,2020-01-05
1831,6548627.05,6240224.46,6064004.36,5948162.73,5934077.18,5947079.21,5748093.63,6039771.83,6427659.23,6774663.95,7071685.5,7330651.78,7468376.05,7467318.04,7352690.5,7273762.53,7165173.97,7153595.83,8082372.63,8412418.79,8243865.58,7951052.26,7474497.86,6996843.8,2020-01-06
1832,6586076.39,6344050.58,6211493.72,6131715.07,6218987.63,6463956.88,6568086.26,7070514.58,7719999.23,8095540.34,8446878.19,8715917.12,8716140.18,8736356.53,8830561.43,8790639.18,8682582.27,8444069.45,9087835.46,9299704.78,9074713.22,8676331.83,8009971.08,7371993.02,2020-01-07
1833,6905023.23,6626994.42,6441479.06,6362350.78,6483425.08,6714600.69,6860454.23,7399163.91,7976575.42,8298464.35,8650485.11,8968446.93,8934817.41,8941089.18,9089216.82,9028353.8,8864202.4,8582619.21,9186853.86,9411660.72,9213932.17,8792419.54,8189670.57,7592684.01,2020-01-08
1834,7283738.18,7005954.61,6755032.92,6591241.68,6763485.4,6987632.4,7122073.0,7663625.84,8233156.33,8640533.41,8823721.02,9069227.49,8937505.88,9017258.97,9199015.48,9190926.57,9003704.02,8731586.74,9223532.0,9447523.03,9234847.29,8857181.59,8205839.85,7594417.17,2020-01-09
1835,7297961.59,6989154.86,6756933.74,6703303.59,6815897.27,7064472.41,7214205.53,7726362.15,8311348.53,8627806.06,8975004.51,9241926.46,9114696.5,9095339.56,9305120.24,9296322.59,9122728.48,8919690.64,9530984.84,9701455.18,9466452.53,9028069.16,8303129.3,7734769.3,2020-01-10
1836,7391966.51,7102515.34,6904690.9,6800428.64,6786565.94,6882564.77,6907568.34,7366769.93,7973451.0,8356003.67,8703711.17,8942526.2,8901810.74,8779498.45,8662227.47,8588662.67,8455115.94,8327390.75,9133116.96,9343213.41,9084869.07,8642879.35,8074619.77,7579815.61,2020-01-11
1837,7172326.96,6873147.18,6693758.63,6567172.65,6502022.92,6488018.47,6247986.05,6508647.75,6901579.15,7252091.05,7573897.0,7818968.29,7886253.04,7862659.08,7760610.03,7664840.72,7540465.63,7546541.71,8445374.38,8796813.44,8686041.79,8393772.56,7921559.63,7382408.03,2020-01-12
1838,6904644.73,6663555.75,6517814.7,6378686.65,6562542.92,6929248.75,7149116.84,7733619.56,8397809.52,8783311.2,9150238.97,9471655.96,9438401.83,9478785.41,9572044.68,9621722.47,9396155.75,9092737.85,9581152.06,9884756.3,9667585.43,9185778.85,8414341.18,7722644.96,2020-01-13
1839,7336106.84,7073463.01,6912591.43,6826064.53,6976558.3,7287033.8,7464001.95,8001737.89,8594691.36,8925557.54,9217135.12,9540703.67,9435177.92,9486391.36,9656871.39,9559876.88,9356179.79,9057361.36,9637337.99,9722353.11,9462209.15,9049756.03,8355822.26,7630879.92,2020-01-14
1840,7344645.85,7064268.33,6884010.72,6811860.51,6936637.7,7269334.18,7456063.53,8030558.08,8629170.71,8963223.23,9325296.2,9610734.44,9517450.54,9499041.15,9706541.15,9683553.48,9491442.12,9187615.64,9735628.62,9958066.69,9723603.89,9312313.07,8638724.19,7951997.09,2020-01-15
1841,7445830.33,7158716.83,6967466.16,6918979.54,7060144.66,7402962.0,7605889.78,8156664.63,8730180.94,9069723.36,9440816.05,9715100.59,9598750.17,9623476.85,9815272.48,9761220.66,9578082.5,9267875.19,9800180.49,10003959.28,9811387.16,9360897.38,8635183.95,7978260.8,2020-01-16
1842,7536686.2,7265378.75,7076442.65,6977731.42,7130611.36,7465436.16,7677451.17,8181811.68,8752148.01,9088854.96,9449366.35,9733186.57,9645584.79,9671850.93,9829312.82,9768551.87,9577846.12,9278163.19,9789574.22,9986518.39,9766148.73,9315714.29,8667862.93,8042995.79,2020-01-17
1843,7595646.08,7302801.74,7096160.52,7045810.19,7089019.2,7232509.66,7230412.0,7735541.02,8318309.37,8778878.61,9102453.41,9288889.86,9225309.85,9058987.46,8929671.19,8846361.73,8674323.91,8562817.86,9346598.03,9628705.95,9413333.64,8995702.89,8447380.67,7923987.14,2020-01-18
1844,7363087.05,6920773.89,6705604.06,6553963.58,6490468.01,6480655.41,6141563.44,6482224.03,6916100.67,7397428.81,7692065.4,7935879.18,8026966.37,8019243.71,7936435.16,7839683.76,7711624.2,7437111.32,8304060.35,8663121.88,8610983.22,8326991.23,7831843.78,7327384.07,2020-01-19
1845,7237055.16,6969501.29,6656036.61,6558643.05,6610290.06,6986558.62,7298199.93,7816224.23,8397348.82,8715831.81,9100928.6,9655223.18,9473507.51,9553507.15,9722857.25,9659367.91,9489478.15,9087481.77,9722860.31,9870154.49,9537627.42,9071322.06,8368139.8,7675915.86,2020-01-20
1846,7212640.25,6966046.67,6878032.41,6792682.17,6919894.54,7265900.93,7523953.81,7990718.07,8515891.53,8754230.28,9083304.77,9303552.21,9202863.6,9246109.3,9389821.19,9207045.43,9030693.98,8836400.66,9670003.15,9821009.69,9368276.72,8935476.19,8239647.36,7529376.9,2020-01-21
1847,7078421.65,6832093.36,6658060.93,6599855.99,6783232.86,7233338.43,7489382.91,7881667.57,8365618.65,8583410.53,8903150.14,9109156.51,8958172.9,9010162.92,9130554.04,9133540.27,8912099.29,8688460.54,9509486.28,9823706.82,9456575.07,8881958.86,8119904.23,7428409.67,2020-01-22
1848,6992037.56,6726336.77,6556268.31,6480813.99,6641895.69,7085910.03,7266973.28,7659241.53,8227736.13,8559384.82,8914252.25,9139818.34,8914480.79,9011584.7,9231396.49,9208133.83,9030279.55,8791592.31,9582517.51,9782056.86,9451547.12,8956609.95,8241110.04,7556398.26,2020-01-23
1849,7098569.15,6832338.43,6674380.05,6608705.54,6748020.42,7222805.12,7442033.15,7910121.82,8697817.81,8936708.6,9255468.13,9498223.55,9318299.53,9376622.77,9551466.91,9514327.47,9254883.38,8976929.24,9756918.18,9932451.05,9598736.8,8988022.06,8292830.67,7669675.6,2020-01-24
1850,7176533.43,6933231.07,6754030.03,6668891.59,6722299.62,6900219.81,7013017.76,7477465.4,8146058.97,8494840.87,8787842.09,9000476.85,8964643.99,8763288.39,8585540.49,8484721.28,8352782.59,8256167.14,8989551.31,9244050.74,9017035.78,8505181.25,7925188.46,7421335.83,2020-01-25
1851,7014162.99,6742151.57,6507438.9,6383099.81,6372380.84,6355841.75,6190512.36,6428669.35,6813966.31,7139538.06,7394984.92,7629324.1,7697390.49,7705120.07,7637687.65,7517575.1,7427109.39,7351872.89,8250186.68,8664092.73,8567103.91,8221047.61,7716174.84,7168589.01,2020-01-26
1852,6782496.2,6545755.49,6400863.74,6369003.01,6578787.66,7119677.37,7336609.25,7774846.46,8354555.49,8696506.84,9095346.41,9437424.92,9360373.08,9432473.17,9675355.37,9643487.74,9380198.44,9026838.93,9726470.95,9900927.06,9604306.99,9048739.64,8329586.04,7590678.56,2020-01-27
1853,7138424.91,6865708.53,6637135.26,6597204.13,6853700.43,7402570.86,7587451.8,7958185.24,8506476.43,8741234.66,9153112.67,9453274.46,9251112.18,9296440.22,9551042.6,9534116.43,9297303.78,9045597.57,9843503.42,10124538.99,9812357.48,9118972.1,8323628.14,7633394.69,2020-01-28
1854,7157185.69,6872639.74,6732426.04,6686227.86,6904491.2,7489947.89,7639476.74,8043147.75,8541776.23,8851226.2,9230858.15,9520563.03,9396006.73,9473036.16,9667726.53,9755835.63,9518765.1,9081959.54,9784706.52,10053584.1,9836847.55,9270961.7,8417177.49,7606836.68,2020-01-29
1855,7209250.61,6951736.34,6754662.42,6711223.28,6922307.64,7452098.47,7553413.8,7935039.79,8465748.7,8830342.91,9265762.51,9585226.22,9488281.33,9593955.13,9796986.21,9796104.8,9473287.53,9144711.39,9692306.99,9998027.66,9703600.68,9184972.55,8507104.54,7773945.57,2020-01-30
1856,7282405.6,7000224.59,6813556.92,6767718.77,6955226.55,7500974.52,7634469.64,7982615.4,8496441.78,8865174.8,9275079.97,9554031.55,9426122.07,9513947.78,9696744.55,9655783.1,9361329.59,9050853.84,9697668.74,9921382.02,9674286.56,9174091.05,8535010.82,7883252.41,2020-01-31
1857,7451239.03,7187383.35,7000421.01,6901133.14,6961276.65,7148149.06,7222948.17,7620047.45,8171585.05,8600344.95,8939354.61,9119926.82,9060133.03,8877092.62,8774153.34,8645430.77,8477094.05,8387401.02,9225330.15,9500373.82,9180226.95,8831384.41,8254631.39,7725727.31,2020-02-01
1858,7289653.03,6980076.55,6757923.66,6631714.18,6569804.47,6558425.79,6404240.72,6626537.61,7165198.8,7488291.99,7803549.13,7802658.61,7819818.7,7797569.92,7690017.43,7613450.6,7503848.55,7468595.45,8294044.56,8753049.13,8689482.02,8375091.8,7826131.43,7302775.11,2020-02-02
1859,6922533.5,6667874.22,6493638.5,6465568.31,6736056.62,7366226.08,7501516.74,7865853.49,8421647.86,8852249.93,9358431.84,9619671.71,9414472.79,9535439.38,9743240.94,9780937.87,9537823.29,9190293.2,9781505.85,10134908.95,9905489.27,9420832.19,8606292.85,7809696.65,2020-02-03
1860,7333810.87,7011094.95,6830010.22,6751419.66,6974533.29,7580651.21,7660417.35,7958066.08,8455358.63,8797254.61,9214254.46,9507017.31,9305611.44,9380107.03,9651730.78,9605865.63,9355118.17,9095205.2,9887388.53,9931963.14,9738005.5,9272467.02,8429277.3,7724759.35,2020-02-04
1861,7245948.98,7004866.86,6856458.18,6783582.55,7003215.28,7606428.47,7609213.52,7938862.04,8397132.93,8686416.23,9124976.0,9397745.76,9254938.3,9382098.48,9575946.58,9643054.4,9468569.3,9130559.25,9644970.04,9994771.09,9716729.64,9242259.77,8438305.98,7727641.08,2020-02-05
1862,7236682.02,7027746.05,6838258.78,6766712.09,6970602.46,7588265.29,7644973.47,7980728.0,8470264.16,8837761.46,9304152.52,9574105.38,9407135.08,9528625.95,9722740.19,9709615.52,9514520.79,9148648.1,9814242.41,10188114.03,9998003.78,9397647.02,8655626.9,7925304.7,2020-02-06
1863,7345108.66,7073043.19,6885572.01,6823918.98,7035155.24,7590262.92,7659094.94,7970852.23,8490200.2,8920470.46,9347643.97,9669738.67,9498810.66,9616199.08,9785283.97,9803132.16,9597105.34,9266362.34,9783193.95,10106561.63,9857458.8,9313918.22,8626931.01,7941181.51,2020-02-07
1864,7458313.84,7162754.34,6963975.88,6860353.99,6924106.02,7103050.58,7221447.14,7711818.24,8403390.22,8827441.09,9089774.73,9370393.12,9294883.72,9202393.53,9061632.62,8947684.92,8793236.38,8693139.44,9337414.14,9643014.52,9355739.6,8900188.93,8398033.37,7744344.86,2020-02-08
1865,7129686.71,6820722.93,6614608.57,6476109.86,6410181.19,6421102.29,6194595.56,6419396.55,6938712.07,7313051.69,7590974.8,7816534.32,7921320.34,7900342.17,7793069.38,7662992.01,7582896.69,7459760.55,8259152.74,8757694.46,8651729.48,8300586.03,7769521.14,7211864.02,2020-02-09
1866,6899674.13,6776949.97,6668600.39,6442554.7,6670116.0,7450375.78,7538875.74,8105330.57,8666584.63,8978015.14,9376509.2,9679691.95,9539047.92,9664193.38,9877183.6,9926319.46,9728440.31,9372861.17,9832709.99,10208925.25,10020594.03,9542517.75,8711831.92,7810424.82,2020-02-10
1867,7275256.14,7000032.1,6751583.66,6708581.62,6987895.61,7736111.8,7789626.7,8240757.89,8773984.25,9123816.74,9540522.62,9777858.72,9565742.53,9732760.42,10012087.37,10027895.68,9767330.91,9397866.59,9851097.02,10234990.73,10060692.84,9563618.44,8796822.21,7989639.52,2020-02-11
1868,7387335.88,7072850.85,6961468.49,6888998.58,7106960.6,7753778.96,7810854.65,8250441.63,8871997.45,9198785.67,9563849.34,9772176.02,9613021.63,9719091.34,9954151.42,10015462.35,9814350.38,9453303.76,9959838.01,10341704.85,10154620.37,9615615.49,8831990.71,8100605.87,2020-02-12
1869,7597350.74,7416319.56,7241137.26,7171400.46,7398363.16,8013253.85,8098689.64,8429324.3,8892137.74,9213335.17,9529198.86,9797620.84,9637764.21,9796171.68,10012764.98,10038772.55,9864149.5,9527954.57,9982118.17,10326959.99,10136554.12,9632132.22,8870479.32,8156244.83,2020-02-13
1870,7572084.62,7354366.28,7258377.5,7221383.47,7421785.56,8023779.26,8125643.5,8504426.86,9003862.59,9306375.77,9677139.66,9943949.16,9750735.48,9835719.53,10013189.28,9974652.39,9779613.28,9414492.7,9827115.98,10104996.93,9867231.75,9397006.97,8760705.19,8040291.83,2020-02-14
1871,7644908.12,7380450.82,7218939.14,7125692.29,7189551.27,7372546.06,7505939.73,7983715.65,8543486.47,8915067.41,9293910.43,9540407.41,9446273.27,9330681.4,9166112.52,9093386.44,8896851.99,8744564.1,9373743.72,9734133.92,9495373.72,9032193.92,8459651.78,7924169.2,2020-02-15
1872,7491781.18,7158997.95,6936060.38,6746990.56,6715239.45,6706368.45,6521634.92,6762912.48,7152697.42,7528752.5,7820485.95,8053114.1,8191630.8,8173492.57,8076895.05,7999807.17,7818864.75,7814928.99,8632044.24,9127327.69,9029933.98,8749487.78,8253760.56,7680956.12,2020-02-16
1873,7051296.04,6995123.32,6862795.34,6806829.13,7065530.82,7501149.33,7631086.22,8229732.86,8800067.45,9168327.09,9539764.65,9821246.41,9640387.19,9740532.0,9998776.35,10006664.0,9859987.89,9335532.32,9726154.26,10128642.81,9948096.51,9442794.75,8805495.71,8069625.09,2020-02-17
1874,7593917.2,7343184.91,7156698.68,7081124.12,7349053.27,7928711.75,8003287.25,8348752.53,8889520.32,9219367.83,9597766.11,9896705.24,9691086.77,9840623.76,10108758.27,10114652.45,9935091.26,9611253.41,9830408.66,10230860.73,10054007.24,9722886.14,8959797.08,8267187.87,2020-02-18
1875,7585218.45,7288097.23,7235687.12,7257604.08,7507704.05,8094619.01,8201974.16,8517500.27,8995894.08,9325499.43,9639442.11,9892289.73,9698713.76,9888705.32,9943475.16,9894600.98,9770266.9,9288932.35,9715213.08,10108426.62,9880462.64,9412229.39,8788295.43,8064430.27,2020-02-19
1876,7489022.33,7200207.76,7037274.5,6990189.24,7156370.0,7670602.14,7865648.81,8299404.87,8755715.28,9076624.66,9356673.1,9674070.3,9531754.84,9562832.12,9676625.4,9724778.24,9537754.73,9276935.86,9743560.01,9997641.38,9690400.04,9275569.68,8562729.32,7845566.03,2020-02-20
1877,7369581.93,7128127.03,7059992.78,7025458.57,7152739.15,7594090.74,7750723.8,8244258.38,8780361.08,9083492.9,9473100.65,9653595.87,9498016.9,9570407.87,9759392.65,9712833.9,9503673.73,9143732.45,9614604.89,9773548.87,9519387.02,9042671.62,8419220.2,7776185.43,2020-02-21
1878,7292715.12,7082487.97,6872622.62,6778150.67,6852200.31,7096730.37,7441285.65,7633671.35,8114053.37,8430620.36,8767475.42,8953641.05,8942161.92,8809754.93,8593679.9,8471839.7,8164617.75,8101032.33,8907359.09,9178581.63,8922614.6,8445820.35,7818829.62,7313853.84,2020-02-22
1879,6976513.28,6790215.65,6534160.64,6359603.37,6290229.79,6295799.12,6170680.37,6386751.48,6768039.77,7129506.77,7471327.88,7650008.87,7995093.95,7989068.37,7855684.61,7775724.96,7682122.88,7518011.22,8122210.13,8502493.5,8360816.61,7983861.17,7506791.32,7139962.16,2020-02-23
1880,6626740.8,6387056.95,6268857.14,6260187.3,6541324.2,7205002.68,7363774.38,7726213.62,8184813.81,8468037.62,8818595.37,9062077.05,8941359.24,9022661.29,9228453.7,9249831.95,9080939.14,8804171.25,9292952.6,9578842.99,9404311.03,8935880.8,8172719.81,7460850.02,2020-02-24
1881,7021684.03,6777748.59,6646000.14,6616041.59,6873794.89,7517999.18,7642490.67,7932442.2,8363470.14,8622748.58,9011007.23,9255136.13,9096879.12,9175834.01,9376053.86,9287310.88,9192016.42,8916350.04,9462907.06,9728985.5,9455154.77,8963205.19,8247205.71,7578474.16,2020-02-25
1882,7331174.77,7103444.67,6931928.07,6880329.81,7130314.38,7727597.51,7882512.64,8208079.57,8648504.43,8938963.44,9270324.38,9551480.1,9417421.97,9500210.02,9724296.51,9737397.1,9592450.27,9292636.85,9745789.84,10027201.14,9851483.29,9346967.93,8627469.4,7901998.18,2020-02-26
1883,7462505.16,7133024.64,6984728.63,6933434.28,7189041.89,7791138.06,7873555.54,8183777.27,8654030.28,8947861.11,9234719.07,9531867.62,9378578.15,9482344.17,9674534.2,9686329.46,9550533.27,9217217.37,9711156.3,10081433.21,9852739.15,9386848.86,8656967.33,7941004.97,2020-02-27
1884,7370106.89,7092314.37,6940675.55,6870729.5,7117968.27,7722502.95,7812235.07,8144272.74,8599274.3,8854366.66,9204301.21,9513122.4,9390786.19,9533180.79,9772040.23,9767021.14,9587183.56,9216419.58,9677531.25,9988280.74,9743999.24,9309126.3,8665619.21,8052893.74,2020-02-28
1885,7471634.62,7198776.85,6997299.29,6906713.27,6960226.2,7123470.63,7202850.5,7650095.14,8194456.44,8727317.02,9038854.45,9222320.08,9145741.88,9000426.92,8878295.46,8816161.82,8589567.4,8442099.78,9201068.57,9549694.92,9280197.22,8835579.15,8192380.79,7608122.32,2020-02-29
1886,7174110.08,6812702.72,6599183.33,6454326.41,6430073.54,6571031.83,6431681.37,6557493.1,6989657.92,7465138.62,7706388.9,7977000.4,8077050.95,8058723.73,7918870.93,7841226.9,7728913.86,7707450.37,8497945.34,8999156.19,8944939.62,8672791.62,8144150.44,7496324.86,2020-03-01
1887,7091765.32,6870632.68,6631599.27,6589165.55,6839433.47,7502245.89,7628004.09,8086043.94,8626056.07,9001613.19,9371061.52,9657830.18,9508111.73,9635313.98,9874578.2,9897109.67,9729700.84,9383023.29,9858189.49,10193364.13,9973003.69,9490586.0,8753784.07,8025563.13,2020-03-02
1888,7534733.74,7291909.47,7111256.51,7029700.48,7256547.05,7872273.53,7941419.21,8331132.87,8813367.61,9077404.72,9400791.27,9665377.61,9532653.56,9675728.27,9974233.43,9977472.86,9806347.42,9468022.81,9936920.15,10295800.27,10087440.89,9618286.15,8874839.63,8148878.67,2020-03-03
1889,7638050.72,7386728.57,7222431.21,7139142.19,7391392.8,7979302.75,8064498.36,8419186.86,8874719.73,8983817.73,9303419.82,9515315.77,9400387.28,9436790.67,9741182.73,9705823.37,9600674.33,9306258.49,9741392.25,10131446.95,9972544.7,9731040.17,8939329.45,8225753.07,2020-03-04
1890,7707300.61,7395356.63,7216417.99,7126187.43,7358958.04,7977814.64,8014188.5,8384803.53,8886294.0,9219739.61,9563950.0,9836993.07,9704685.86,9759855.16,9971615.86,9965693.15,9772987.39,9445204.84,10009504.45,10329510.97,10092701.34,9764288.72,8993007.64,8206996.42,2020-03-05
1891,7764795.89,7469779.11,7279352.74,7201684.43,7435480.19,8005895.18,8081348.57,8486683.08,8994031.83,9315058.89,9691444.27,9967936.42,9751603.86,9854360.82,10025742.56,9985956.72,9894250.64,9540223.56,10027616.21,10279776.39,10097954.84,9651663.32,8997197.6,8353569.34,2020-03-06
1892,7597624.23,7212950.83,7016184.39,6895357.28,6964677.22,7156728.42,7250646.53,7753036.16,8294706.58,8647126.47,8966358.76,9162497.34,9091096.89,8918391.45,8751777.53,8599591.69,8425228.11,8402472.14,9072933.85,9374215.0,9085774.42,8654523.8,8080856.2,7527777.44,2020-03-07
1893,7109481.04,6826662.65,6602114.16,6499084.14,6455322.73,6449232.86,6248917.03,6477738.97,6854654.15,7173273.71,7602412.25,7871053.27,7904393.61,7863659.08,7726619.98,7634758.55,7614608.98,7536497.93,8264506.59,8724155.47,8668945.05,8314929.71,7779718.57,7209157.54,2020-03-08
1894,6806607.75,6604247.09,6434793.5,6382189.42,6746827.28,7339291.24,7473874.78,7941657.27,8420223.2,8809420.33,9217251.95,9330424.83,9322608.99,9355744.6,9679278.46,9648086.88,9514790.6,9444733.32,9643474.27,9848266.73,9628431.74,9233547.78,8393208.43,7850786.3,2020-03-09
1895,7343971.64,7068932.14,7053515.69,7034696.77,7289275.69,7790602.03,7904143.84,8204434.25,8780803.23,9132459.52,9526566.44,9760238.24,9626907.77,9749623.75,9946993.08,9921440.36,9758173.19,9488129.46,9931918.51,9996942.18,9687409.31,9373363.42,8564282.98,7850047.99,2020-03-10
1896,7507114.37,7264647.78,7090630.3,7035373.78,7245828.49,7895988.18,7939564.03,8260758.21,8606048.49,8980718.21,9319256.62,9480266.58,9298623.85,9423672.8,9600889.42,9617182.34,9572688.38,9315113.32,9799669.91,10158260.06,9890459.04,9446064.03,8629539.92,7951281.65,2020-03-11
1897,7303918.83,7043981.9,7046480.27,6994969.35,7239939.08,7761066.92,7959172.6,8336523.42,8629782.32,8962430.67,9333877.64,9555217.12,9426597.2,9470099.95,9594444.19,9568685.99,9431212.26,9367921.98,9847047.95,10172755.03,9912500.67,9185036.74,8398462.24,7923403.92,2020-03-12
1898,7475540.18,7204143.29,7033125.61,6958535.27,7216901.64,7827606.16,7929729.78,8298224.45,8610696.46,8834542.83,9179514.4,9461591.72,9340679.33,9411063.56,9614761.2,9583335.69,9412208.39,9147932.06,9565098.63,9825802.57,9588498.54,9055289.61,8579478.44,7942583.9,2020-03-13
1899,7480103.98,7220783.97,7047905.23,6967237.56,7033214.33,7240664.4,7313263.74,7690489.41,8177895.26,8554123.47,8912860.47,8943075.01,9072544.97,8950939.55,8626975.7,8576646.02,8560567.0,8527206.51,9091629.33,9398771.51,9129540.55,8849084.19,8239556.6,7718330.09,2020-03-14
1900,7038349.09,6740950.23,6528065.1,6389602.02,6328712.51,6319970.36,6136601.72,6327585.36,6709510.48,7018384.98,7291875.31,7603201.16,7747589.86,7718497.5,7618466.68,7543000.78,7396378.3,7389358.31,8172737.83,8613788.82,8533641.99,8260710.04,7824244.68,7240133.98,2020-03-15
1901,6854705.98,6580891.02,6438636.44,6372463.75,6546247.32,6913128.08,7157837.83,7769490.39,8402283.08,8744543.78,9130564.71,9438893.3,9485264.96,9503441.7,9584394.29,9492009.01,9247797.69,8943300.92,9360878.03,9679281.61,9507237.48,9083306.88,8424031.59,7627623.88,2020-03-16
1902,7154572.62,7133592.84,6945289.18,6852340.78,7000558.54,7285792.78,7463246.21,8064676.61,8591773.67,8931148.37,9302157.34,9603708.09,9561281.74,9527359.99,9577378.3,9563629.79,9332766.6,8955709.5,9190130.16,9457955.58,9232701.78,8847457.51,8445234.38,7715207.18,2020-03-17
1903,7304166.22,7024574.36,6866390.17,6779200.09,6878854.08,7121761.14,7343754.29,8002562.97,8572573.67,8763332.56,9024516.57,9291915.78,9312292.44,9400723.4,9497172.91,9420220.34,9215805.04,9008653.73,9413827.42,9717897.93,9443146.41,9228823.75,8577303.69,7918051.29,2020-03-18
1904,7468973.92,7172224.43,7016674.6,6944506.18,7030240.48,7261771.19,7473802.69,7985304.99,8370187.62,8653555.93,9030256.2,9334282.71,9252656.85,9288370.08,9363973.54,9280705.85,8969341.2,8701222.79,9166392.38,9446246.54,9177988.84,8787671.78,8265810.69,7658138.15,2020-03-19
1905,7349980.99,7077177.74,6889595.82,6803771.65,6821391.39,6797304.62,6957484.96,7343797.69,7772459.92,8069827.77,8396065.79,8505001.51,8566312.08,8567824.03,8528988.9,8381675.37,8096314.87,7973064.42,8503417.5,8886498.71,8698876.0,8473635.02,7870513.05,7480163.16,2020-03-20
1906,6975071.58,6653123.03,6454623.58,6343363.6,6341196.08,6347504.34,6153902.86,6472130.36,6863285.1,7222646.4,7504063.8,7768355.01,7945475.03,7989399.91,7906805.45,7776662.37,7626530.35,7582556.91,8220070.16,8610999.44,8398265.88,8002331.31,7511346.14,7009183.32,2020-03-21
1907,6617509.62,6328235.51,6116134.08,5996067.47,5947358.52,5890662.6,5624171.19,5901096.79,6272468.31,6584088.46,6854545.07,7186328.14,7484975.77,7582645.92,7497196.27,7382641.71,7259029.1,7223323.1,8017637.77,8506533.08,8337946.47,7993380.28,7546957.05,7028403.26,2020-03-22
1908,6603618.35,6353454.04,6155883.24,6010197.68,5990902.02,5988081.42,5787307.16,6063335.92,6428980.74,6778161.43,7112903.51,7424007.7,7704556.82,7793420.46,7732673.48,7666228.53,7497229.58,7411173.91,8249379.08,8685418.16,8524208.0,8165094.59,7646179.37,7128608.69,2020-03-23
1909,6742884.22,6473067.36,6273024.22,6172061.8,6214591.46,6317613.58,6313289.1,6790696.31,7228412.37,7443707.85,7712907.06,8012198.59,8183146.29,8205661.71,8128997.97,8043006.17,7871526.59,7782683.5,8489948.87,8839898.65,8599124.79,8251114.68,7775915.06,7172393.18,2020-03-24
1910,6693496.13,6415279.03,6233373.27,6128118.48,6138252.43,6163519.57,6054822.55,6480819.02,6859629.01,7137219.13,7415132.89,7733461.14,7948394.72,7983584.77,7910369.39,7819217.43,7687740.12,7607337.21,8362190.8,8729375.59,8556291.93,8210290.39,7759065.36,7148357.26,2020-03-25
1911,6722561.1,6458089.2,6255733.99,6174780.53,6195124.25,6242983.86,6171167.85,6555139.25,6932410.82,7180139.1,7454472.04,7760371.15,7950243.59,8046490.13,7965082.45,7889054.89,7706955.84,7631758.56,8387925.92,8779199.55,8586388.84,8260667.7,7780277.66,7191383.58,2020-03-26
1912,6750494.49,6455538.28,6265026.18,6135331.04,6110232.87,6171988.26,6101776.56,6512846.73,6895631.5,7203900.37,7492815.8,7848451.54,7977897.86,8087812.27,8009105.01,7914061.81,7732675.34,7637196.83,8388215.49,8777414.88,8560194.63,8217438.67,7772031.8,7181554.31,2020-03-27
1913,6834888.29,6688901.37,6536767.04,6400325.8,6369793.45,6217247.22,5973024.81,6279503.99,6616251.6,6899011.63,7214046.95,7507062.87,7759312.14,7817186.19,7745044.02,7670684.19,7512120.83,7438951.36,8191788.65,8579708.63,8374658.69,8046872.57,7588476.24,7076969.8,2020-03-28
1914,6696654.54,6404930.9,6169560.52,6046808.17,6002362.04,5867435.61,5571722.32,5795805.15,6111091.6,6391342.86,6657759.93,6964550.65,7253433.0,7391685.17,7353585.3,7272421.35,7153911.35,7111290.28,7887054.75,8300570.97,8152699.52,7859947.87,7464512.93,6995998.67,2020-03-29
1915,6613574.18,6323522.9,6143838.71,6009375.45,6038690.7,6095726.88,6029694.82,6409196.11,6826846.75,7085945.61,7371075.08,7643610.17,7838255.02,7639238.8,7639423.82,7746763.71,7612053.69,7585376.43,8132990.52,8410673.77,8213935.09,8173564.13,7720227.98,7146710.19,2020-03-30
1916,6699251.12,6429921.57,6261115.22,6144322.76,6143426.58,6165348.0,6065726.07,6439388.95,6817665.63,7061024.78,7291822.8,7628757.57,7834892.77,7849442.67,7761153.55,7660691.87,7537398.07,7484442.14,8252766.48,8580003.51,8397496.55,8048351.04,7590096.15,6983152.34,2020-03-31
1917,6565812.41,6313017.01,6144672.74,6047448.26,6049991.34,6098022.54,6049538.38,6404708.24,6742810.9,6937908.56,7211937.84,7341820.49,7599606.92,7661375.76,7600832.31,7512068.97,7369868.75,7371106.47,8031523.58,8250496.67,8031706.65,7703656.21,7420991.48,6990182.14,2020-04-01
1918,6573582.45,6296580.59,6119766.63,5997191.03,6020203.67,6090578.81,5955809.14,6154591.58,6522743.19,6783582.08,7069670.7,7380655.93,7571688.72,7641180.83,7547468.37,7439788.86,7265231.27,7221080.29,8032929.21,8425274.79,8381100.58,7987910.94,7451894.65,6874695.13,2020-04-02
1919,6431175.59,6152808.53,5955312.25,5850817.87,5862661.45,5915794.58,5864675.09,6281085.65,6640962.3,6912710.32,7176983.94,7532828.05,7736129.77,7774725.59,7718070.35,7648313.45,7468509.44,7353323.19,8083788.42,8424520.28,8258366.15,7950150.05,7522623.17,6960322.13,2020-04-03
1920,6483518.58,6267442.93,6050663.41,5945617.71,5902965.38,5890014.23,5739559.19,6047089.46,6363082.52,6648524.73,6931732.96,7201558.94,7460961.26,7515254.42,7445932.25,7367704.16,7222532.28,7128823.35,7875370.64,8205490.36,8016450.74,7729737.0,7264953.95,6822027.89,2020-04-04
1921,6409631.73,6157530.52,5923543.96,5761923.48,5719100.25,5658397.74,5377374.09,5617588.91,5974631.42,6255502.51,6510300.7,6761438.92,6994747.08,7127314.46,7130417.85,7050543.7,6917369.12,6831471.2,7682094.79,8090541.48,7945663.58,7674920.08,7259631.03,6794861.87,2020-04-05
1922,6441015.69,6153555.6,5934742.74,5835950.53,5838525.25,5901412.52,5861320.85,6319640.42,6729586.49,7026991.3,7309242.37,7626779.28,7825822.75,7855904.96,7766918.74,7636542.21,7411876.98,7316615.99,7997032.03,8357750.1,8241922.53,7945566.31,7526645.68,6903517.34,2020-04-06
1923,6438374.96,6148004.25,5930290.2,5800534.67,5823223.44,5851014.33,5782833.28,6180767.71,6551892.36,6852820.29,7133076.07,7451274.65,7690005.22,7948591.72,7818256.29,7666009.16,7505106.68,7403568.28,8307368.17,8682892.25,8529098.73,8187230.36,7749126.84,7195368.51,2020-04-07
1924,6569337.35,6274700.07,6060951.97,5959175.09,5932630.87,5946849.64,5871532.16,6302617.17,6698885.81,6974944.01,7265841.98,7571950.39,7757548.9,7696583.05,7658460.51,7581443.02,7362179.42,7220490.04,8015466.75,8303722.73,8145465.44,7864679.39,7476375.56,6912568.76,2020-04-08
1925,6471871.92,6132803.55,5960650.88,5832314.68,5766723.77,5665006.9,5378023.8,5614767.24,5924431.61,6223939.53,6508084.12,6778894.13,7030146.78,7102275.6,7030901.52,6953507.72,6797495.59,6718824.36,7586926.45,7911844.76,7761080.78,7528587.22,7130839.44,6654775.46,2020-04-09
1926,6276838.79,5954032.69,5765567.51,5630568.34,5572246.73,5506442.14,5246558.73,5422886.92,5694370.32,5995959.51,6293940.75,6599566.14,6850485.98,6912806.8,6832886.3,6735043.15,6591280.53,6580245.64,7356420.23,7670163.23,7521662.24,7293030.6,6910694.39,6467957.37,2020-04-10
1927,6091731.26,5787667.73,5581966.23,5512702.74,5498146.73,5479617.48,5327673.5,5628867.72,5980479.43,6274299.92,6563722.37,6877810.32,7106893.71,7132394.02,7026009.18,6944781.25,6767598.36,6755561.55,7534998.17,7750633.67,7598225.26,7304893.81,6945799.83,6562485.52,2020-04-11
1928,6219475.43,5917449.36,5710729.05,5572465.11,5521229.3,5450663.27,5143055.66,5407428.39,5730463.47,6038457.03,6276609.18,6544380.53,6812548.34,6918416.37,6848969.75,6736240.69,6629405.57,6573386.9,7428276.75,7828263.88,7720409.5,7455294.32,7043279.88,6539987.29,2020-04-12
1929,6136166.93,5875245.71,5761881.27,5662516.52,5640032.93,5692136.17,5808685.87,6105112.5,6554829.52,6899888.76,7192210.57,7457250.13,7688155.65,7755781.15,7666759.34,7583457.85,7387752.01,7326664.09,8093535.97,8378001.46,8219714.41,7925749.11,7462161.01,6891259.23,2020-04-13
1930,6438778.65,6161146.33,5989349.73,5878938.5,5936935.67,5909462.77,5972560.41,6314047.48,6694661.48,6973352.91,7212274.06,7446400.04,7602522.36,7646231.21,7608218.88,7505198.9,7328804.83,7226831.72,8044756.35,8371836.9,8200147.02,7866223.5,7437147.59,6841421.03,2020-04-14
1931,6368979.86,6099862.34,5903257.53,5779311.61,5746162.07,5755978.13,5744115.94,6183162.95,6570396.68,6864133.9,7141875.04,7447278.87,7620364.11,7611649.71,7553088.89,7436519.39,7287378.67,7154023.15,7919124.02,8269045.01,8103426.71,7786566.56,7288740.5,6754585.15,2020-04-15
1932,6371905.54,6088488.3,5886823.04,5751959.64,5746244.61,5789937.64,5802044.19,6248294.24,6642889.75,6948248.27,7260353.53,7560854.79,7735730.97,7721544.21,7624302.49,7529129.82,7379836.13,7310398.43,8078050.02,8419357.05,8198170.92,7891355.57,7443219.49,6904231.02,2020-04-16
1933,6475519.32,6211141.32,6003747.49,5866880.49,5897072.7,5944697.08,5898939.15,6358884.79,6778376.0,7098542.81,7371559.01,7657873.17,7808977.37,7811135.7,7742806.2,7647854.97,7452005.12,7344419.83,8131685.08,8433099.28,8246514.68,7912080.3,7460689.89,6953731.58,2020-04-17
1934,6539956.63,6257252.52,6065285.82,5948297.62,5940223.07,5905689.65,5778219.05,6128279.05,6478788.72,6728670.59,7003805.53,7256545.17,7406573.38,7383293.84,7231515.4,7071697.17,6963012.67,6973207.34,7739700.76,8043430.3,7866294.17,7526974.06,7087969.24,6630083.68,2020-04-18
1935,6165097.71,5874660.4,5713701.68,5592250.93,5560768.8,5430746.61,5337035.23,5560030.79,5733121.99,5998735.15,6221098.87,6497505.56,6759572.06,6804807.67,6743963.31,6650970.63,6542638.02,6533842.02,7375602.97,7732261.23,7614677.97,7356090.31,6932473.61,6474390.13,2020-04-19
1936,6116775.77,5854692.61,5685144.28,5582977.48,5611886.83,5600475.2,5765201.2,6321072.61,6778956.37,7069997.38,7363264.68,7680596.18,7824356.42,7856942.81,7771687.82,7636120.57,7409265.87,7287723.77,8123751.79,8482707.68,8302778.75,7982362.07,7468327.68,6904885.11,2020-04-20
1937,6449678.75,6164015.48,6000059.96,5883172.46,5901587.32,5949590.13,5963637.87,6469874.41,6830888.27,7057392.71,7299243.74,7580268.14,7704117.99,7682508.57,7580667.13,7494531.68,7315388.42,7222403.08,8016127.71,8335820.24,8175518.23,7834563.1,7344011.65,6775094.05,2020-04-21
1938,6331325.35,6045402.74,5864972.13,5763906.11,5817346.92,5858056.04,5973505.0,6480089.87,6842134.34,7098275.37,7362933.93,7676395.34,7779054.07,7832478.1,7746665.07,7586289.06,7429347.55,7338340.58,8116974.52,8421752.19,8210570.6,7888576.79,7372669.48,6801591.67,2020-04-22
1939,6404278.48,6116127.3,5930987.24,5851502.37,5864680.8,5918441.2,5943493.06,6414559.75,6828981.97,7069849.83,7303894.23,7622075.53,7772898.49,7779403.22,7707619.15,7600890.06,7377024.94,7300092.85,8149030.15,8466321.09,8302087.39,7930920.2,7421505.99,6859183.88,2020-04-23
1940,6450426.26,6154042.45,5951489.25,5868830.03,5899093.52,5910499.11,5986686.05,6497132.32,6887048.52,7178561.79,7458108.12,7736749.36,7838177.95,7814246.82,7704852.14,7609375.42,7462263.87,7348129.44,8127415.71,8477949.77,8333015.79,7984687.96,7488758.11,6944596.94,2020-04-24
1941,6545395.81,6274510.86,6098815.17,6011005.88,5976057.82,5893845.27,5848821.43,6217376.77,6580518.83,6870930.67,7161197.48,7448892.53,7587890.26,7586281.87,7471089.04,7349672.26,7183600.94,7112135.14,7923129.02,8243730.75,8077595.39,7765358.31,7280023.99,6810212.12,2020-04-25
1942,6408525.93,6104449.11,5887532.62,5725736.32,5646339.18,5451319.13,5248191.68,5526799.55,5880158.62,6173932.66,6432498.53,6740494.53,6924596.39,7044877.07,7011296.62,6941201.4,6839607.05,6803465.63,7666584.73,8029074.23,7970181.52,7699941.27,7250226.71,6755230.17,2020-04-26
1943,6413241.24,6133056.35,5936322.01,5845680.65,5874717.82,5906102.6,6075517.9,6620415.62,7063766.74,7366114.66,7610149.81,7916283.46,8046829.15,8052839.28,7966522.61,7882848.34,7716544.35,7552975.12,8343445.37,8702108.37,8539778.25,8154526.26,7635923.79,7065738.47,2020-04-27
1944,6605603.94,6318100.29,6143382.86,6038550.58,6032862.77,6072087.36,6161586.65,6664257.84,7066135.15,7300418.42,7519226.76,7850172.21,7972945.29,7971067.61,7926603.51,7824494.8,7628153.89,7487476.03,8281184.42,8596671.16,8428739.32,8080061.43,7560618.5,6989381.81,2020-04-28
1945,6587939.51,6324027.68,6133536.86,6044166.05,6076484.31,6114361.79,6228240.35,6739785.99,7180777.53,7430884.04,7718954.38,8003645.49,8088077.03,8065762.84,7980153.23,7883590.34,7672180.9,7565662.65,8294990.5,8638515.49,8477346.19,8142735.81,7628654.14,7050742.07,2020-04-29
1946,6587758.9,6336648.23,6160075.55,6052195.34,6075576.91,6131576.23,6278950.29,6827044.53,7246613.04,7499679.81,7763331.39,8054331.5,8169701.3,8171943.82,8078300.1,7991232.29,7757594.38,7569748.1,8319058.21,8563380.35,8386097.1,8012263.0,7508885.47,6953536.87,2020-04-30
1947,6515450.1,6219077.76,6038056.06,5906692.01,5843769.62,5828341.06,5664263.76,5897089.33,6196995.57,6498418.57,6793523.35,7095580.27,7295166.5,7324623.43,7157051.14,7111322.91,6947241.4,6899686.97,7834745.08,8338031.95,8188913.62,7853945.18,7447352.85,6999657.02,2020-05-01
1948,6608912.17,6236658.9,5967142.38,5828577.18,5829778.48,5761526.65,5731986.84,6136800.02,6551950.05,6876953.72,7169791.4,7452521.38,7552127.19,7546940.72,7411241.0,7280282.22,7134883.59,7056920.78,7847861.3,8145649.96,8045570.02,7685463.49,7226701.76,6793227.88,2020-05-02
1949,6417581.21,6112775.43,5911033.53,5746953.18,5673544.92,5513007.52,5309768.68,5562374.89,5852138.15,6093650.91,6362313.73,6654389.1,6917092.8,6991370.08,6919075.01,6804443.1,6672796.91,6635379.91,7580455.46,7919909.11,7816670.84,7556079.02,7157510.77,6702217.37,2020-05-03
1950,6322882.5,6072279.11,5894628.49,5797300.5,5839992.85,5856966.7,6088194.02,6707533.01,7178039.37,7448410.85,7642196.14,7962729.37,8136525.38,8124627.55,8025899.94,7927036.35,7714161.76,7578910.67,8369679.63,8676972.81,8507990.14,8162445.34,7618753.07,7036221.46,2020-05-04
1951,6634051.94,6358905.87,6112032.47,6067125.27,6135130.71,6184858.44,6327050.94,6895763.19,7321653.8,7532986.79,7822363.38,8122664.08,8244614.27,8254836.57,8199039.03,8109063.57,7877807.71,7687527.72,8514324.42,8818093.3,8632938.09,8300203.07,7731250.41,7151317.38,2020-05-05
1952,6892055.58,6555068.56,6346623.31,6258422.48,6306702.87,6309622.3,6555041.8,6970016.51,7360296.95,7568933.15,7855318.99,8146154.18,8304867.19,8301344.64,8237895.97,8128669.35,7915544.95,7806009.41,8597395.21,8859015.14,8670200.4,8338062.39,7784953.27,7198131.15,2020-05-06
1953,6769831.56,6484489.95,6321825.69,6223637.26,6274462.3,6322004.7,6437574.03,7002127.54,7459788.79,7683646.97,7953946.63,8252353.19,8306213.18,8269971.21,8196209.61,8036701.49,7754182.16,7656341.73,8454260.07,8799321.27,8616974.89,8259293.98,7709102.73,7128887.69,2020-05-07
1954,6691121.46,6413682.23,6289529.66,6162049.6,6219716.42,6289181.84,6412598.0,6950725.21,7408367.22,7678677.5,7938292.9,8207544.04,8287326.17,8263684.66,8228208.25,8122170.34,7868380.04,7728149.82,8476826.73,8747402.79,8572229.83,8208918.21,7661911.81,7155341.3,2020-05-08
1955,6765053.26,6477132.85,6268672.78,6149908.97,6175502.99,6142654.22,6138796.68,6540278.53,6965012.63,7276773.28,7797503.08,8109754.02,8222463.63,8177607.33,8054060.37,7940802.96,7778785.72,7713098.77,8222760.5,8487550.31,8312754.12,7961691.06,7491165.83,7017326.42,2020-05-09
1956,6630239.98,6331226.63,6124336.95,5980345.61,5927402.15,5746093.77,5567247.07,5843018.21,6202327.47,6515640.43,6751708.81,7014936.28,7214599.26,7218612.15,7076616.27,6941003.87,6767639.19,6752092.2,7527475.24,7908201.6,7838125.54,7662087.54,7310650.59,6875529.5,2020-05-10
1957,6513593.78,6267295.8,6097676.98,6002110.98,6029060.45,6128494.48,6350485.56,6958229.57,7431176.44,7753670.2,8050346.78,8359945.64,8503373.89,8482065.57,8446393.01,8331111.14,8073940.25,7879266.93,8602036.79,8929558.81,8790364.44,8440684.1,7860634.74,7244260.81,2020-05-11
1958,6804016.57,6538824.35,6367344.38,6247660.88,6284849.17,6272524.47,6467194.38,7066702.28,7520810.64,7761668.44,8071413.44,8389158.65,8461896.11,8381159.87,8318301.48,8173105.62,7939570.21,7780023.29,8511427.46,8757229.31,8619283.23,8247008.53,7673328.35,7076485.53,2020-05-12
1959,6673550.14,6394530.43,6207027.7,6102762.9,6142219.98,6212297.82,6354962.21,6938987.13,7620085.96,7818570.42,8097298.09,8383410.29,8445803.44,8416612.69,8341787.71,8172685.34,7938041.21,7894342.53,8436900.58,8715222.58,8539126.81,8183646.97,7642555.32,7042381.07,2020-05-13
1960,6637995.81,6385532.07,6213372.02,6115834.29,6171086.08,6190456.08,6405835.08,7019949.21,7726920.91,7997969.05,8255061.44,8511808.41,8640455.43,8619484.99,8527171.7,8432403.07,8177817.45,7997299.09,8531413.44,8849781.43,8716303.03,8334904.0,7791636.4,7179466.53,2020-05-14
1961,6705265.44,6462478.39,6262417.57,6172607.09,6228862.24,6234396.83,6406771.33,7012365.63,7722485.06,8043293.9,8373308.91,8659720.1,8683184.19,8634919.03,8608078.95,8543555.57,8282266.99,7959481.24,8389291.64,8723351.34,8571866.49,8223535.67,7746280.34,7234385.69,2020-05-15
1962,6865235.44,6636504.13,6433044.56,6299621.67,6298958.35,6265090.63,6288236.41,6745124.61,7379606.17,7698177.55,7966929.09,8193233.57,8299351.94,8228217.78,8084852.74,7980057.69,7810882.26,7793900.12,8341873.14,8678003.04,8502850.58,8098264.16,7631263.0,7173186.68,2020-05-16
1963,6739882.53,6411241.55,6158337.59,6007878.28,5866215.2,5657557.46,5454138.6,5717427.42,6048377.54,6351656.52,6589795.8,6848868.65,7020876.69,7035116.11,6931863.42,6831859.71,6716140.15,6767680.52,7638483.58,8031794.07,7916314.34,7655316.0,7183041.62,6699643.91,2020-05-17
1964,6374016.81,6130228.03,5974771.87,5908007.99,5997490.96,6067345.95,6298712.12,6930371.46,7449270.87,7770462.92,8041339.77,8315250.56,8381291.4,8455281.13,8382087.39,8306377.32,8040674.9,7799328.53,8452010.83,8773121.6,8581885.73,8176623.58,7595908.62,7031369.88,2020-05-18
1965,6576365.96,6331208.13,6148405.62,6080188.84,6134935.49,6183499.57,6356593.17,6917315.84,7433224.19,7705864.63,7929642.76,8187950.81,8201562.19,8003426.69,7930839.38,7876554.83,7695275.22,7530774.48,8345780.36,8678862.3,8498906.13,8128908.69,7576146.56,6961694.54,2020-05-19
1966,6514653.95,6268932.32,6091192.82,5998329.29,6084331.51,6099269.93,6316366.7,6860757.08,7340890.04,7698489.83,8011651.78,8304780.92,8412625.3,8433718.66,8452616.3,8367694.11,8126939.95,7844002.65,8531341.45,8956416.28,8770812.7,8388187.01,7819839.31,7172215.95,2020-05-20
1967,6769954.28,6497887.14,6283507.06,6216557.69,6262333.48,6298086.85,6477190.74,7101709.31,7584174.09,7915758.96,8188740.56,8553204.03,8584726.53,8580948.1,8575053.98,8446851.63,8163604.84,7903923.88,8594056.54,8908823.28,8723136.34,8387214.44,7851703.07,7253676.67,2020-05-21
1968,6814022.69,6524916.23,6358746.91,6257512.19,6310162.18,6340662.44,6536025.33,7137036.1,7614654.95,7871566.54,8136341.1,8402039.51,8376192.86,8343738.01,8274741.58,8199916.06,7974793.46,7712921.18,8379997.76,8686028.34,8535228.48,8192776.27,7643565.85,7097353.64,2020-05-22
1969,6667206.62,6388973.14,6201807.32,6075901.12,6111821.04,6072096.21,6185781.28,6677069.96,7157883.19,7485293.25,7702815.39,8010195.4,8142811.01,8098832.44,7960246.95,7859855.22,7670983.74,7445454.69,8155304.75,8553964.78,8417298.81,8037423.87,7521146.97,7009822.58,2020-05-23
1970,6603936.01,6298701.08,6073556.42,5917651.08,5860492.32,5740341.09,5728825.65,5975628.89,6313832.2,6598069.29,6907398.25,7168781.22,7341949.0,7401955.29,7318010.74,7184496.93,7041592.76,6896137.7,7630998.35,8040847.45,7953701.58,7750682.77,7255539.19,6788363.74,2020-05-24
1971,6421365.04,6161929.81,6150385.24,6214735.69,6242123.0,5813706.45,5748076.07,6112982.62,6503202.78,6830793.32,7131054.12,7425370.65,7589659.2,7589034.47,7507379.26,7461278.8,7246692.94,6985397.59,7746278.4,8230234.86,8179878.53,7852122.27,7394897.55,6952287.99,2020-05-25
1972,6563985.01,6323608.96,6123046.3,6036111.92,6070293.39,6178661.11,6596094.05,7251849.41,7732293.29,8058378.96,8386835.19,8679163.07,8768103.93,8694587.67,8640595.05,8484621.25,8159367.08,7956710.97,8574605.87,8863692.46,8702194.23,8344096.44,7781599.61,7125789.13,2020-05-26
1973,6714015.55,6399888.74,6218436.13,6097605.24,6139041.62,6233805.83,6314676.45,6855116.5,7351202.83,7626506.93,7914394.2,8168545.95,8235300.58,8186919.18,8163059.12,8089117.27,7814905.78,7586571.88,8305586.95,8599637.42,8458957.99,8097112.89,7485894.64,6893205.99,2020-05-27
1974,6487803.13,6212532.15,6014001.17,5921875.68,6014651.93,6134579.43,6333125.82,6940032.54,7414853.08,7666503.47,7898669.3,8163124.34,8211733.41,8146738.17,8071425.01,7981012.52,7710111.78,7600137.47,8307984.66,8643170.82,8435810.22,8018668.03,7404087.75,6779406.51,2020-05-28
1975,6376632.3,6140681.41,5986475.03,5917943.02,5988447.95,6055085.87,6268100.81,6889136.11,7333938.1,7563243.45,7924475.55,8271785.06,8293895.6,8220371.76,8173710.3,8083983.34,7878109.89,7746985.54,8404724.86,8647976.3,8402598.36,8048409.72,7544731.39,6948571.76,2020-05-29
1976,6534102.96,6186500.01,5981525.32,5909069.72,5898532.9,5930243.57,6028613.31,6467406.12,6906341.98,7200174.33,7493716.9,7712741.88,7699445.59,7480844.21,7287127.95,7187590.14,7101569.49,7122118.67,7811593.97,8021812.85,7791258.87,7395499.18,6826151.43,6285114.46,2020-05-30
1977,5952928.66,5839774.87,5737584.18,5636976.22,5582458.62,5367596.04,5354691.79,5642500.74,6005349.86,6282130.36,6464090.68,6589215.11,6673125.27,6558342.46,6543823.42,6499556.46,6496480.37,6592925.69,7313977.4,7745759.55,7600375.76,7164162.35,6739871.79,6508404.5,2020-05-31
1978,6320996.04,6091708.1,5959767.82,5878347.97,5962766.39,5996733.0,6328185.41,6839540.6,7244823.27,7521672.48,7774399.88,8087940.69,8199744.07,8185652.15,8149472.14,8059188.47,7855426.61,7628920.05,8325727.29,8733263.65,8550135.13,8027058.44,7436547.91,6905947.95,2020-06-01
1979,6430890.08,6232661.65,6055205.37,5922203.18,6020434.71,6093384.75,6316705.47,6928252.47,7380349.22,7686853.65,7982797.74,8275319.81,8341460.49,8294536.09,8232868.77,8175140.0,7959633.07,7743957.79,8384615.49,8705513.57,8539577.17,8162142.57,7570324.97,6855801.44,2020-06-02
1980,6525504.84,6243955.0,6114245.32,6027398.41,6122845.07,6225599.86,6442529.56,7001484.86,7487080.75,7806066.19,8046015.26,8294573.92,8321248.23,8372803.13,8386684.92,8319509.76,8126307.05,7923037.21,8486635.26,8857569.85,8693484.73,8198343.27,7640923.25,7004240.45,2020-06-03
1981,6545330.22,6258118.74,6093964.71,6018943.75,6115752.92,6220953.93,6445006.69,7061220.34,7574186.98,7875349.46,8214567.95,8511675.49,8575943.08,8499952.48,8508257.38,8490876.03,8249604.17,7988229.4,8630799.63,9039394.91,8869422.92,8470083.3,7911424.5,7290234.5,2020-06-04
1982,6857747.36,6560744.35,6404850.69,6330782.35,6361828.36,6397615.7,6682652.91,7306222.36,7815892.5,8132055.12,8458330.21,8775442.42,8836550.63,8729123.92,8675981.43,8639724.49,8391492.48,8101465.46,8743464.83,9125339.37,8999143.81,8580788.98,7979346.74,7337327.41,2020-06-05
1983,6918833.52,6580427.26,6308769.58,6177815.17,6202353.03,6180703.0,6183869.39,6638498.12,7054489.63,7441982.72,7767388.52,8038428.1,8103471.38,7932336.77,7740352.37,7622098.55,7480878.59,7404012.05,7949055.5,8294549.15,8071332.27,7675057.14,7197777.13,6737868.21,2020-06-06
1984,6313206.52,6059000.87,5861921.78,5707415.91,5662089.45,5456226.85,5293914.83,5571126.77,5953333.3,6313518.07,6612541.07,6893941.46,7096323.73,7140278.3,6997891.8,6843212.5,6714170.24,6688570.27,7440876.68,7953548.64,7936577.36,7580677.06,7088488.48,6641857.47,2020-06-07
1985,6376204.89,6180136.47,6034625.69,5950816.81,6006430.77,6116495.21,6342764.02,6963734.25,7537344.38,7907407.86,8197718.25,8510446.52,8601301.05,8629137.04,8673876.55,8614745.14,8335703.59,8026074.08,8530462.07,9036808.75,8909875.11,8433615.0,7839173.26,7226049.91,2020-06-08
1986,6766654.84,6518836.75,6310292.91,6246884.76,6337884.69,6382028.26,6581293.25,7191159.88,7663141.15,7976347.36,8313600.14,8626324.94,8702369.8,8714638.82,8702479.27,8586412.76,8340522.85,8061504.35,8530449.3,8793804.98,8623116.08,8192112.76,7570776.11,6931304.78,2020-06-09
1987,6501816.48,6227141.9,6072849.45,5876173.99,5933733.55,6061344.29,6340171.03,6940042.06,7380293.62,7638036.32,7913735.16,8161297.04,8203004.37,8119110.1,8152529.99,8112337.41,7898635.97,7688335.46,8284657.28,8628128.19,8369576.61,7943036.28,7319095.96,6742462.21,2020-06-10
1988,6344265.45,6117883.08,5929267.42,5898451.01,5974304.63,6066130.61,6339703.99,6944230.81,7433010.61,7747191.74,8057909.74,8317607.71,8384203.29,8389921.22,8382228.14,8295154.63,8106655.07,7842963.75,8429455.44,8796634.92,8630847.56,8213507.79,7625611.37,7028677.83,2020-06-11
1989,6553221.66,6263119.75,6099237.96,6022751.39,6025602.62,6126605.36,6334560.09,6939300.03,7416242.14,7703868.13,7961779.67,8247297.44,8359061.69,8297822.79,8248428.61,8191292.13,7961091.43,7742195.24,8308979.29,8659969.6,8552996.96,8144169.25,7577598.91,6980207.94,2020-06-12
1990,6557092.28,6330702.33,6127565.48,6030815.8,6033240.18,6046968.94,6153805.74,6645513.18,7129146.67,7498136.51,7802697.33,8043915.88,8164617.35,8100556.8,7955591.45,7826686.59,7639211.38,7505407.28,8128399.51,8531704.73,8375159.12,8019902.34,7497987.7,6912026.42,2020-06-13
1991,6522504.56,6240387.29,6018268.4,5867469.66,5783994.24,5636303.65,5724911.71,5891614.82,6204186.3,6488664.7,6706006.33,6950738.24,7114525.29,7109621.05,7006824.59,6879575.64,6746647.11,6691824.91,7389052.78,7893951.47,7829413.88,7519795.43,7107839.57,6701886.48,2020-06-14
1992,6329549.17,6057453.42,5846087.85,5725554.08,5670231.44,5622403.81,5638083.23,6037324.65,6360825.24,6719105.75,7064195.97,7341439.25,7490957.39,7464775.84,7385627.06,7281787.23,7125102.34,7123824.8,7897338.13,8354229.85,8106972.94,7755075.76,7210649.33,6730414.13,2020-06-15
1993,6368033.12,6163358.35,5994758.94,5921169.0,6024768.49,6098749.01,6351151.11,7025727.31,7623929.65,8058047.3,8426420.18,8796642.43,8832908.39,8772733.02,8680873.71,8582647.33,8325179.54,8037562.58,8656267.3,9000950.99,8841157.43,8387856.85,7780622.8,7164151.49,2020-06-16
1994,6733787.33,6512075.8,6332116.37,6231785.52,6263006.18,6329520.07,6537922.41,7143324.65,7582643.65,7973655.31,8307659.68,8649068.69,8664735.71,8543561.84,8469154.86,8414481.15,8189904.92,7923073.84,8531881.86,8863367.87,8706108.75,8238662.82,7650513.13,7006087.86,2020-06-17
1995,6634332.97,6426376.64,6277151.4,6197486.66,6238007.77,6310042.67,6526435.62,7186366.06,7773960.04,8038814.33,8505625.87,8820608.23,8804536.86,8773725.85,8749774.73,8763418.12,8567745.01,8326808.23,8796271.19,9050218.72,8835450.0,8470709.22,7772012.49,7167520.07,2020-06-18
1996,6788285.58,6559143.57,6345994.1,6246121.24,6339572.62,6424747.65,6620797.3,7245026.3,7775316.34,8149532.91,8490060.18,8780289.39,8868322.98,8888519.92,8936708.86,8865772.77,8651382.23,8396101.84,8842883.74,9204938.86,9058227.58,8638098.03,8078713.23,7481323.77,2020-06-19
1997,6926944.19,6653005.51,6436953.61,6309785.42,6350087.66,6325174.81,6405978.0,6904916.62,7347033.22,7659435.23,7956319.8,8190214.95,8313214.49,8185356.39,8233127.62,8077843.46,7945322.24,7883578.75,8488686.94,8830112.51,8457187.27,8044260.75,7558824.09,7087715.84,2020-06-20
1998,6606858.61,6304273.41,6067146.31,5934096.41,5838702.44,5649530.55,5476827.75,5787953.72,6231205.64,6650787.05,7101929.62,7367973.47,7517908.84,7437252.49,7249125.17,7095918.99,6973719.44,6937623.99,7621991.32,8106814.71,8044412.08,7843810.26,7479161.43,7043674.93,2020-06-21
1999,6353589.0,6005263.67,5770195.22,5619934.31,5631345.27,5592348.54,5468531.32,5804507.68,6423035.15,6793492.03,7156189.44,7488192.15,7658836.09,7637433.08,7523294.36,7235239.54,7265683.68,7262059.21,8022359.69,8428746.07,8321537.88,8042637.37,7419366.66,6866020.6,2020-06-22
2000,6552186.67,6292121.75,6128254.63,6053250.6,6133041.96,6224107.24,6443387.16,7123469.26,7667363.37,8058531.24,8385967.76,8761137.2,8840107.02,8820035.91,8807339.11,8688595.34,8401637.65,8114311.99,8782258.32,9194117.83,8960336.75,8513545.94,7890605.18,7228739.33,2020-06-23
2001,6749651.78,6444404.78,6268803.52,6177153.94,6249757.87,6311455.41,6506375.83,7129585.57,7598445.91,7962300.84,8336298.6,8702024.13,8757228.34,8687393.13,7823541.05,6999071.0,6808983.8,6985613.67,7904293.0,8504318.13,8643779.04,8323062.48,7759943.04,7174380.09,2020-06-24
2002,6781373.35,6543986.22,6343598.29,6252268.61,6290454.24,6359224.83,6557138.24,7247470.39,8109712.32,8394832.81,8703572.01,9002031.62,9069570.61,9068407.31,9108966.88,9045745.52,8800094.42,8211552.38,8784753.47,9189155.13,9009696.85,8550205.7,7920411.79,7303829.19,2020-06-25
2003,6846260.67,6577780.75,6382559.63,6259541.72,6324749.21,6437491.03,6648698.04,7289058.81,8090295.05,8341177.36,8647074.41,8924418.66,8987412.08,8973097.33,9021500.86,8953788.6,8684449.29,8108635.47,8571477.14,9008530.25,8825140.91,8477910.68,7866854.59,7279453.62,2020-06-26
2004,6809669.21,6539938.44,6327694.85,6229601.38,6252649.28,6290945.15,6361281.85,7159180.27,7636352.07,7950052.43,8230307.56,8507027.56,8545599.41,8449643.03,8336610.41,8225965.41,8051538.13,7900858.6,8511123.1,8916813.0,8760235.58,8412079.5,7930561.32,7408241.57,2020-06-27
2005,6614908.61,6255122.37,6075141.34,5947136.85,5860568.33,5693980.68,5498674.1,5818109.91,6183376.07,6493164.8,6715212.01,6958068.85,7123276.71,7094299.15,6966109.05,6883140.16,6771802.67,6773124.29,7429938.58,7796719.38,7783224.84,7561663.37,7060790.5,6530458.55,2020-06-28
2006,6212897.9,5974589.52,5822881.46,5747881.35,5746870.04,5734189.62,5681506.11,6019690.36,6412991.32,6830174.41,7196229.89,7428952.35,7560866.53,7532281.16,7471939.05,7364229.72,7210183.38,7161796.19,7973282.83,8554960.23,8426110.35,8068569.39,7471387.66,6680703.44,2020-06-29
2007,6508832.19,6274532.25,6127588.4,6023441.48,6124672.57,6273055.0,6491634.08,7150900.78,7715506.44,8074249.22,8419372.19,8770138.06,8859959.93,8839615.59,8786403.76,8761832.33,8494900.73,8307685.1,8866045.51,9213381.51,9034126.41,8592384.54,8004123.21,7395362.91,2020-06-30
2008,7001326.74,6811886.03,6637864.51,6486604.84,6490211.06,6587898.62,6787973.02,7452993.84,7930741.67,8233840.65,8544794.08,8862393.3,8915277.99,8895221.83,8898033.86,8825837.09,8533159.31,8353023.9,8896260.31,9282858.18,9105663.86,8691041.3,8127456.62,7470804.2,2020-07-01
2009,7001489.98,6713443.02,6519649.68,6420610.89,6453925.84,6598852.96,6802022.41,7373083.55,7839441.31,8095082.35,8413244.96,8789523.49,8732284.32,8596220.34,8562121.65,8535198.75,8305110.65,8077154.05,8726112.58,9044645.01,8822956.48,8459503.0,7798853.8,7149938.04,2020-07-02
2010,6586718.17,6376249.27,6166179.07,6092768.17,6170911.49,6303417.74,6524997.09,7198160.44,7688724.53,8037437.13,8415678.46,8721947.71,8830503.92,8738272.53,8737372.5,8598284.67,8358859.5,8148072.32,8864834.52,9188597.64,8992647.04,8494072.65,7998162.53,7379811.31,2020-07-03
2011,6986204.04,6674491.78,6478254.06,6374871.48,6350276.63,6384663.38,6392287.94,6879938.53,7344589.11,7553991.36,7881574.63,8136545.68,8181631.4,8117454.87,7965837.89,7832799.81,7687169.17,7731711.7,8522557.46,8852697.59,8661486.01,8236345.78,7444884.47,6807106.4,2020-07-04
2012,6671684.16,6532717.95,6315036.18,6192784.7,6146025.19,6018457.28,5814678.06,6080204.62,6416023.12,6702694.56,7003007.63,7267306.69,7432343.48,7444075.02,7331129.88,7234287.56,7116779.86,7087265.7,7773473.59,8343711.2,8305178.03,8054620.01,7237111.47,6959763.08,2020-07-05
2013,6824206.8,6525017.55,6420502.49,6363405.87,6456998.99,6550977.8,6822780.76,7465555.08,7780851.89,8049333.9,8341567.36,8938393.08,9045419.56,9046769.09,8882483.43,8903652.35,8779020.22,8466020.1,8611021.78,9043978.59,8839843.32,8587480.31,8179299.21,7601966.93,2020-07-06
2014,7201149.72,6949608.64,6785470.64,6698549.41,6769941.7,6911906.2,7105810.11,7621909.42,7832418.38,8074990.64,8368301.88,8643740.42,8679727.66,8534444.43,8448472.36,8421692.54,8266650.18,8205244.41,8519160.27,8853490.81,8738633.56,8381850.52,7891677.19,7299223.0,2020-07-07
2015,6598854.84,6336516.33,6517206.26,6481630.91,6564952.58,6400362.06,6703240.52,7537258.14,7800951.14,8123643.95,8338697.64,8499428.29,8497070.06,8476062.76,8517329.45,8506180.01,8354281.48,8337612.66,8610567.31,8898663.25,8736922.97,8510752.94,8002352.05,7408407.08,2020-07-08
2016,6651092.11,6403482.28,6223840.03,6139955.96,6230812.72,6321706.44,6595810.43,7201815.95,8057518.8,8354342.37,8662656.59,8995980.91,8983535.54,8677155.64,8772124.35,8972811.29,8701785.04,8202909.07,8520592.74,9025889.34,8896108.19,8656089.73,8196185.09,7390794.67,2020-07-09
2017,6933170.66,6733073.07,6529924.01,6456287.68,6451115.22,6484918.56,6653114.01,7332147.99,8127304.96,8356780.05,8485582.36,8760321.16,8804872.12,8749524.33,8741905.58,8692869.58,8703485.64,8515229.94,8757783.37,9203209.51,9170797.13,8926231.47,8352448.28,7337290.24,2020-07-10
2018,6880176.99,6656572.39,6580877.08,6591950.79,6656644.76,6600978.7,6646382.94,6902909.78,7671123.27,7944340.0,8175008.85,8371955.66,8343299.4,8179093.01,8041447.05,7954647.75,7842431.13,7781199.47,8262898.88,8500029.92,8295747.58,8084015.32,7495821.23,6667428.09,2020-07-11
2019,6241755.87,5992010.4,5851983.7,5703336.4,5643802.59,5599935.19,5628849.92,5845704.78,6423059.34,6726673.23,6986998.0,7280615.47,7236474.81,7224697.53,7104898.17,7151446.2,6751221.91,6708400.2,7653086.71,8176205.78,8201804.22,7928495.0,7433334.28,6769574.53,2020-07-12
2020,6438683.96,6350631.37,6279934.84,6283301.57,6233260.91,6262092.67,6593111.12,7107849.65,7609607.67,7970975.67,8554595.75,8984160.86,9052776.48,9059108.22,9081674.2,9053199.14,8678890.11,8313967.02,8689244.6,9173482.9,9021891.25,8569240.15,7897239.15,7366484.59,2020-07-13
2021,7168644.92,6945941.56,6711220.57,6532808.78,6606677.76,6713503.71,6935865.54,7305680.9,7810047.6,8035647.96,8296207.05,8517087.55,8543500.49,8603824.51,8679350.45,8659802.19,8451938.35,8141742.27,8554862.46,9121682.63,9005253.49,8630819.61,7993576.71,7499611.39,2020-07-14
2022,7215625.66,6901829.08,6803894.51,6742435.46,6763533.69,6758863.53,6906950.72,7368623.8,7856040.24,8172912.75,8540221.91,8833203.93,8806505.14,8859492.29,8901402.86,8811416.46,8573589.13,8294867.52,9066862.78,9606288.87,9417619.85,8998120.65,8416107.22,7714822.32,2020-07-15
2023,7161229.17,6849221.12,6607087.45,6523158.67,6562906.94,6657452.18,6847390.56,7496600.2,7824134.32,8113122.82,8451411.89,8723051.17,8744251.84,8759310.43,8826495.35,8700897.19,8433413.86,8133425.19,8929366.49,9209778.23,8963394.58,8567556.37,7949207.61,7384936.77,2020-07-16
2024,6939752.81,6702052.11,6512742.02,6416244.99,6454216.0,6541485.85,6657088.75,7235855.52,7732733.22,8062600.69,8413807.17,8744024.13,8822179.85,8835848.71,8874342.52,8784490.67,8524466.05,8214991.24,8629923.26,9233873.97,9087432.46,8703568.3,8114740.04,7560650.93,2020-07-17
2025,7131782.35,6907908.05,6796997.07,6660888.21,6703478.31,6638783.35,6661776.52,6963495.23,7439210.56,7751113.89,8091057.71,8368914.16,8452952.2,8422014.26,8297585.44,8110719.55,7838666.08,7700504.22,8304517.68,8740664.0,8549435.33,8181693.82,7599226.26,7134236.43,2020-07-18
2026,6881878.59,6616310.8,6391238.07,6261084.81,6188865.59,6039396.15,6015825.34,6057207.84,6378280.78,6707988.04,6953767.23,7251487.19,7512675.63,7567376.31,7473384.66,7370724.56,7232449.85,7180517.57,7766906.41,8381238.3,8292106.06,7993304.2,7545504.23,7067936.23,2020-07-19
2027,6603942.23,6329251.64,6146950.48,5999258.19,5954461.38,5912066.46,5737789.39,6004237.12,6392907.37,6802702.58,7105516.76,7390255.63,7552171.35,7576791.85,7454104.8,7364661.63,7178663.85,7083857.67,7839303.78,8407000.04,8264910.09,7903699.41,7429956.07,6896174.11,2020-07-20
2028,6534508.67,6357340.46,6203919.83,6149066.15,6205122.82,6368475.49,6614695.71,7254437.12,7786957.71,8139520.56,8512531.23,8798121.96,8846728.82,8760249.49,8662878.18,8519770.36,8297286.57,8086423.9,8573546.66,8965993.43,8732764.56,8311020.46,7724729.49,7071746.38,2020-07-21
2029,6666458.48,6431925.88,6301374.72,6210522.21,6299786.95,6405255.64,6627868.3,7232773.39,7672981.95,7996561.89,8262246.92,8554595.29,8545540.67,8579402.66,8610927.62,8543317.8,8359095.57,8089227.52,8644373.84,9073611.85,8913495.8,8521568.62,7880039.54,7191295.53,2020-07-22
2030,6804332.21,6582128.35,6417910.95,6311392.98,6393042.86,6546306.61,6733380.42,7346551.53,7812332.59,8103301.85,8369132.23,8640057.38,8600386.3,8594233.23,8605066.57,8551792.21,8384290.5,8112550.5,8574309.89,9045176.5,8867091.15,8449920.02,7857487.36,7246779.14,2020-07-23
2031,6868424.8,6630370.74,6443253.42,6337885.57,6398620.87,6528816.86,6697704.59,7241876.88,7641738.03,7877172.21,8223746.85,8590596.08,8588418.08,8570270.52,8627995.95,8605664.47,8387732.85,8056034.36,8563234.82,8916990.99,8670291.22,8315389.71,7797259.66,7177679.95,2020-07-24
2032,6738199.37,6494440.26,6296892.89,6181443.47,6181206.44,6255775.0,6258977.6,6713558.86,7136168.33,7371932.09,7659584.37,7944698.4,8006901.29,7908603.55,7764213.19,7618121.72,7432598.13,7356606.62,7911619.05,8319392.06,8109331.9,7734537.8,7212429.5,6685177.85,2020-07-25
2033,6277280.85,5998998.52,5822210.55,5730092.98,5711581.23,5674659.23,5476307.25,5750945.31,6154996.49,6504615.84,6789028.91,7049461.77,7261898.01,7331653.64,7250013.4,7105237.52,6928442.67,6875650.52,7590483.08,8131683.33,8014128.2,7721845.15,7189313.13,6673892.41,2020-07-26
2034,6327628.15,6082505.6,5919416.58,5897827.97,5996356.62,6178895.45,6434697.11,7109075.1,7683822.06,8119105.71,8486428.24,8786365.15,8870228.72,8871489.61,8923611.44,8647057.02,8369903.6,8135101.51,8678609.26,9069723.94,8888530.25,8470041.61,7893498.55,7195173.46,2020-07-27
2035,6751836.77,6498804.74,6307785.73,6241224.52,6323017.5,6480923.72,6719386.59,7367004.38,7859568.56,8150763.11,8496126.19,8833183.68,8839004.16,8823326.85,8842924.97,8852344.26,8660828.11,8336896.19,8727569.18,9265364.77,9101417.62,8718044.15,8154026.46,7401730.89,2020-07-28
2036,6916669.81,6671879.59,6644277.4,6687335.96,6676425.67,6675260.54,6872579.46,7447935.55,7950898.08,8266833.94,8561262.59,8896205.49,8894420.73,8895204.16,8927586.78,8843745.16,8541706.79,8265434.42,8837003.56,9270398.84,9115709.81,8674154.25,8098069.79,7426829.34,2020-07-29
2037,7302025.99,7087819.09,6915174.5,6807909.79,6885362.62,6960639.16,7016584.49,7480599.64,7968564.2,8393485.48,8611795.19,8916964.81,9019784.63,9039786.93,9044210.57,8930265.69,8594617.14,8208884.02,8951107.93,9385585.1,9148235.4,8669602.74,8154352.77,7644484.73,2020-07-30
2038,7384315.68,7129875.59,6965063.84,6847740.6,6887423.79,6968297.22,7148390.0,7696478.3,8113768.3,8378836.52,8601342.74,8969677.04,9043776.29,9002441.29,9041484.14,8896306.03,8541606.47,8271974.24,8919898.65,9184920.81,9009909.03,8855906.16,8510922.95,7884486.14,2020-07-31
2039,7106672.98,6744435.13,6525038.15,6413800.06,6402748.07,6418720.94,6429590.52,6906712.75,7388212.99,7776900.86,8089581.64,8272977.53,8441207.98,8405153.81,8323264.5,8161364.96,7941118.64,7807972.41,8373855.62,8837236.7,8665418.32,8304566.06,7794790.09,7314420.87,2020-08-01
2040,6883169.73,6608061.65,6388397.17,6196640.16,6089231.64,5921069.62,5709027.74,5997284.05,6378332.67,6728397.37,7018715.72,7329408.68,7510318.58,7578101.92,7472987.16,7372059.5,7217240.47,7125555.85,7834065.46,8374608.01,8353134.66,8021200.13,7613469.85,7150102.14,2020-08-02
2041,6759845.31,6467378.71,6276167.09,6203445.58,6268559.2,6388096.93,6657462.82,7292070.31,7810080.51,8226838.49,8567314.51,8859121.28,8931061.08,8933347.4,8940048.4,8837388.07,8557863.13,8263963.71,8698102.36,9136438.61,8994585.63,8594811.77,7986980.46,7378416.54,2020-08-03
2042,6936151.37,6659360.15,6499402.67,6412910.79,6501780.84,6618052.62,6798035.22,7413344.2,7929783.85,8185451.21,8547489.22,8830003.31,8868153.05,8858210.24,8831274.31,8755418.63,8411406.81,8093567.9,8754100.83,9230232.39,9066568.43,8693685.49,8028412.46,7360102.82,2020-08-04
2043,6920916.77,6684290.11,6528757.63,6452370.54,6536848.74,6661102.23,6846686.51,7404268.54,7841184.38,8168001.29,8528103.54,8836253.61,8896275.1,8931865.18,9015219.46,8938669.02,8652908.83,8323369.6,8817058.03,9258216.98,9080398.79,8701400.07,8136213.31,7465607.85,2020-08-05
2044,7122555.37,6851502.93,6599934.15,6474086.26,6560446.3,6720390.95,6948045.07,7541199.83,8023520.04,8309448.03,8587797.56,8869066.44,8888213.03,8866855.5,8844738.78,8774698.64,8477807.55,8196257.79,8696308.98,9137664.52,8987169.86,8579388.57,8036847.86,7463710.28,2020-08-06
2045,7152189.68,6933046.91,6756711.83,6626466.38,6614590.23,6550043.88,6454933.1,6860427.7,7233927.88,7583301.33,7885980.8,8219572.41,8381049.43,8395675.2,8272673.63,8123223.45,7954480.82,7851914.69,8570580.32,9121431.06,8858961.68,8438846.77,8045216.06,7393661.87,2020-08-07
2046,6993383.26,6673945.29,6483374.27,6349286.53,6313289.6,6377626.08,6378862.03,6965881.34,7305663.15,7633681.09,7919270.16,8148506.9,8254186.0,8231908.65,8159043.07,8040200.73,7788460.87,7624955.57,8263356.23,8776215.13,8636822.66,8267582.03,7764852.37,7261909.49,2020-08-08
2047,6855127.19,6513829.43,6255696.42,6132267.57,6065899.85,5931908.14,5699928.65,5995284.16,6319811.95,6649326.95,6897883.96,7196533.29,7407656.09,7439519.01,7336624.85,7236601.13,7130318.81,7113643.82,7869764.77,8390076.89,8318808.87,7981538.4,7585416.19,7117160.49,2020-08-09
2048,7003184.41,6848806.92,6665354.43,6604173.25,6664594.48,6583285.0,6749732.22,7436332.69,7973400.01,8275926.34,8659600.49,8957335.66,9083752.06,9085159.57,9026282.46,9005976.86,8761825.4,8462934.45,8868559.49,9279095.53,9136251.41,8765633.79,8165690.27,7494908.73,2020-08-10
2049,7068496.47,6812830.34,6656501.62,6582930.66,6652242.57,6773632.68,6985386.91,7625371.09,8102755.81,8510892.12,8937747.72,9275293.91,9338610.6,9304507.86,9378169.33,9263101.32,8930772.85,8579083.44,9180705.38,9529307.4,9344480.8,8945774.14,8259364.51,7619636.82,2020-08-11
2050,7165231.28,6886089.31,6684161.87,6522844.83,6595186.39,6757334.2,6959555.21,7614825.79,8225546.25,8648016.16,9046112.59,9371010.85,9368709.79,9313282.15,9362838.35,9347057.46,8999662.56,8667602.1,9306835.13,9702182.34,9415747.52,9023723.23,8388256.16,7730659.06,2020-08-12
2051,7360162.29,7186770.31,6908843.99,6775986.5,6813800.22,7112252.75,7404733.36,7799884.09,8390685.65,8837750.58,9258874.0,9430382.6,9367932.98,9391351.36,9365598.68,9296488.15,9198986.67,8775385.4,9205635.71,9376957.48,9221754.23,8883549.47,8203821.32,7581882.33,2020-08-13
2052,7201743.28,6901477.64,6693232.65,6572673.1,6636587.32,6766246.84,7023623.13,7752593.28,8431458.55,8913962.54,9241076.76,9450620.73,9463738.28,9343909.64,9122489.54,9026474.53,8776280.29,8460666.69,8856747.23,9186708.29,9025774.35,8722185.7,8123961.42,7525729.27,2020-08-14
2053,7095010.55,6820847.48,6665378.25,6581642.06,6574587.68,6606023.28,6621202.4,7103488.48,7520373.06,7821220.38,8095509.82,8318448.22,8427432.36,8366900.9,8262104.68,8191123.99,7982599.89,7785848.81,8428650.53,8798905.84,8610341.8,8217865.69,7704458.3,7202830.26,2020-08-15
2054,6715040.71,6437482.29,6210764.6,6080992.1,5927700.22,5827587.35,5607841.35,5915655.32,6620380.24,6962759.26,7203799.3,7458097.17,7342583.48,7359325.87,7274537.59,7157951.26,6981039.59,6862299.49,7669789.57,8083710.73,7951197.45,7696024.12,7277768.26,6837204.54,2020-08-16
2055,6497545.6,6159200.18,5997706.15,5871733.65,5863193.61,5802633.41,5656789.97,5991857.74,6459582.36,6822176.1,7231933.69,7593255.58,7795159.1,7753819.68,7617834.88,7468121.88,7254218.03,7334034.18,8091336.38,8518045.75,8308898.25,7946229.89,7449964.77,6903360.41,2020-08-17
2056,6562884.15,6420339.14,6568338.68,6527051.46,6601863.3,6780562.64,7043285.33,7703521.35,8247228.89,8590440.23,8935421.49,9245454.29,9081441.52,9102251.79,9180536.66,9244485.3,8998136.53,8784347.37,9128663.47,9478393.05,9253546.29,8799288.76,8288957.23,7626723.45,2020-08-18
2057,7345693.7,7075393.93,6925514.7,6810220.62,6893841.19,7035505.16,7247984.5,7839987.21,8301321.2,8553864.92,8836878.05,9130081.84,9178140.81,9139715.61,9036022.44,8962214.75,8746079.61,8610758.12,9209314.79,9422421.39,9247836.4,8867480.37,8218707.22,7603790.14,2020-08-19
2058,7199046.82,6944349.35,6772355.29,6708156.92,6789267.43,6963971.31,7208973.99,7823155.16,8278745.69,8577386.09,8844361.61,9159280.0,9165226.96,9124386.12,9178735.93,9136035.23,8872856.38,8638701.34,9225473.36,9726994.7,9547154.46,9167044.1,8613945.88,7857113.42,2020-08-20
2059,7265895.3,6995933.83,6816346.26,6705924.75,6751832.97,6943604.89,7166263.04,7806359.62,8311497.24,8623904.06,8908281.99,9222617.27,9241057.98,9197249.45,9245534.33,9214878.02,8948393.27,8663164.94,9115739.17,9494329.43,9331962.06,8908367.44,8303913.42,7669717.49,2020-08-21
2060,7266413.65,6997498.58,6803937.86,6706042.66,6758814.79,6816051.82,6825653.86,7297062.08,7778928.78,8136732.98,8472101.05,8704846.87,8729339.03,8590072.19,8436283.26,8249430.31,8054568.95,7988782.65,8720693.63,9040584.57,8758747.92,8313089.14,7781143.25,7232648.48,2020-08-22
2061,6848446.42,6578889.34,6367586.3,6228921.29,6199419.9,6116157.89,5894579.15,6190820.76,6592172.91,6936211.13,7252298.88,7526391.48,7668555.77,7632644.72,7470490.25,7311378.42,7205227.85,7200076.65,7992127.27,8367724.06,8274750.29,7774965.55,7305462.68,6848974.15,2020-08-23
2062,6708472.87,6434933.84,6336997.81,6287847.59,6406426.52,6566439.26,6869838.02,7539656.55,8101117.86,8446672.26,8743608.59,9109793.78,9116020.18,9061417.14,9101413.49,9030418.06,8852839.34,8661456.64,9240823.61,9484497.84,9282734.55,8823254.75,8186565.83,7495789.76,2020-08-24
2063,7079609.4,6838973.25,6684512.73,6586617.77,6645797.97,6838460.73,7109136.7,7714869.48,8148482.18,8410727.24,8722756.26,9011304.49,9033521.16,9013463.36,9079884.8,8993022.39,8806392.85,8567601.57,9178512.93,9451385.89,9214725.83,8792060.0,8221893.62,7566806.3,2020-08-25
2064,7129654.26,6886791.02,6732284.12,6661448.82,6745889.73,6930715.31,7187444.3,7783432.5,8234083.03,8505698.79,8800427.87,9055867.91,9075806.39,9020106.77,9060088.83,8974259.41,8788069.01,8548957.36,9162615.11,9452507.05,9295606.18,8941487.28,8326280.23,7692819.55,2020-08-26
2065,7227663.44,6968304.27,6831516.23,6749020.04,6842434.44,6987787.6,7241836.94,7851925.61,8303491.79,8623464.2,8929017.19,9223866.87,9229098.17,9172369.37,9151307.35,9162353.69,8928189.74,8594058.04,9306237.29,9655790.57,9444369.0,9080606.89,8428423.49,7726787.89,2020-08-27
2066,7334922.43,7072811.01,6838752.32,6803463.16,6889842.4,6998699.34,7259480.66,7899999.93,8411400.42,8748159.24,9055282.57,9339217.95,9334710.41,9320925.39,9392072.23,9348949.86,9105077.33,8725907.6,9345117.38,9672699.62,9515124.18,9132084.14,8610030.15,7983753.1,2020-08-28
2067,7549246.66,7245415.85,7051445.85,6933643.2,6958135.78,7036639.25,7078255.42,7525540.46,8051747.93,8414094.72,8753569.16,8978484.26,8984189.0,8846111.65,8626118.53,8451337.0,8301299.73,8160769.47,8852973.34,9013169.93,8785362.49,8404150.53,7879920.9,7402420.27,2020-08-29
2068,6822524.42,6530004.1,6461682.61,6350141.09,6276067.39,6200552.89,5957571.9,6176276.75,6436013.2,6853320.81,7145819.67,7388438.82,7512693.02,7491333.19,7381804.89,7291075.47,7191600.2,7145596.07,8026142.72,8344689.02,8251887.44,8043644.25,7652098.33,7179815.75,2020-08-30
2069,6811750.1,6559870.79,6472825.03,6388575.62,6476413.01,6660984.35,6973749.0,7615521.26,8178226.61,8573150.99,8919051.46,9181982.55,9215142.95,9164175.29,9163638.13,9127523.58,8948304.21,8699826.06,9309499.74,9480604.65,9321025.83,8943162.57,8323000.85,7668310.52,2020-08-31
2070,7205571.74,6980837.93,6817893.96,6736921.71,6813183.82,6966180.92,7181215.81,7826860.7,8337331.74,8685496.04,8996655.69,9256411.85,9266696.89,9244476.9,9286065.32,9168184.49,8915742.94,8644796.64,9345289.06,9551367.9,9381633.7,8955296.74,8320556.8,7633688.12,2020-09-01
2071,7211662.76,6945099.62,6783974.78,6685662.51,6771031.58,6945236.61,7182449.97,7762030.88,8219169.83,8444689.29,8724729.25,8994934.26,9009724.07,8985240.47,9002143.92,8938887.52,8749259.22,8482850.72,9222236.67,9449398.99,9196673.53,8767579.35,8181166.04,7516385.47,2020-09-02
2072,7109686.77,6883790.88,6733742.78,6662268.94,6764406.16,6910916.8,7190707.92,7843519.16,8382108.03,8743469.85,9007610.59,9329481.58,9313077.7,9247898.63,9214565.5,9150682.71,8970587.51,8701392.27,9379259.63,9632409.38,9440993.36,9029677.21,8436715.93,7756144.34,2020-09-03
2073,7299406.59,7031428.31,6881821.48,6807478.8,6877595.46,7021240.57,7252673.08,7807898.88,8339642.77,8675473.33,9026891.92,9291517.08,9293747.16,9283157.75,9247651.28,9087693.69,8963405.67,8790659.9,9467825.56,9655811.63,9449988.2,9042032.23,8446212.79,7813863.62,2020-09-04
2074,7373915.94,7091061.55,6890345.65,6781771.43,6825259.38,6871816.43,6959963.86,7506011.8,8045849.47,8492617.86,8830868.84,9063725.33,9053922.8,8932067.13,8820264.97,8655584.42,8495781.86,8422483.85,9176608.55,9407945.22,9150277.29,8753496.67,8170571.27,7639267.02,2020-09-05
2075,7233941.77,6918077.13,6653039.4,6484669.78,6391141.41,6239690.3,6020042.01,6331029.56,6728635.06,7056053.45,7309930.93,7526888.96,7705064.1,7724783.4,7593420.14,7422989.59,7242193.27,7321608.5,8184422.52,8532187.06,8434697.95,8158928.7,7720998.06,7245002.66,2020-09-06
2076,6735508.71,6495024.91,6254517.41,6202760.97,6286359.87,6761207.63,7082816.06,7735010.16,8268583.17,8600419.45,8934256.91,9227593.38,9222226.52,9184559.75,9219754.95,9186163.21,8978229.14,8766778.93,9444288.78,9626610.23,9435453.38,8978113.97,8333199.32,7476538.92,2020-09-07
2077,6950698.0,6887659.11,6698588.62,6623503.77,6703636.56,6856755.37,7166207.74,7755578.75,8190520.76,8466851.8,8756835.27,8985303.86,8970821.47,8951260.45,9009168.1,8992941.77,8812271.54,8652379.78,9317076.25,9499509.66,9270147.54,8823860.08,8192974.86,7423903.45,2020-09-08
2078,7100652.92,6837083.57,6661770.76,6605260.67,6685454.64,6853331.77,7092056.78,7736837.05,8274676.62,8617115.42,8926978.42,9145641.51,9118687.02,9116675.65,9193432.1,9168906.64,8923007.16,8676518.38,9365483.49,9533476.23,9301005.92,8825723.31,8193690.58,7612787.22,2020-09-09
2079,6953444.44,6808616.98,6742858.71,6617384.61,6737234.4,6872301.91,7191640.78,7819956.17,8365254.27,8719116.02,9085261.43,9350193.29,9375380.4,9387287.19,9475739.21,9391142.5,9140332.36,8943278.52,9624506.91,9810458.38,9617276.41,9205462.84,8531457.38,7885865.82,2020-09-10
2080,7431984.07,7171443.83,6958136.52,6855051.3,6954953.96,7109377.51,7398143.04,8045806.61,8582841.26,8926893.74,9183727.91,9493581.4,9526805.39,9491066.07,9526097.17,9426844.87,9170985.85,8908121.72,9594499.48,9753743.38,9545377.9,9152565.05,8607702.23,7980179.68,2020-09-11
2081,7534101.41,7236945.1,7066626.32,6937223.36,6984540.65,7016273.82,7080378.23,7599259.05,8135817.67,8500146.05,8865560.91,9053129.63,9034368.04,8892772.91,8712567.65,8566334.43,8400295.55,8370915.61,9185707.15,9305349.82,9037290.23,8603772.82,8088097.36,7567939.79,2020-09-12
2082,7136067.19,6852681.71,6653652.72,6532424.43,6449457.36,6345750.46,6204795.81,6474342.51,6785650.71,7217330.79,7500461.63,7692895.32,7735135.97,7672217.87,7503175.82,7386127.07,7225347.58,7367767.69,8328374.18,8621629.45,8507807.13,8229799.63,7768027.68,7254365.32,2020-09-13
2083,6913855.06,6705569.37,6557005.21,6480186.5,6572568.38,6740622.41,7055274.28,7745405.85,8339040.9,8716677.7,9084665.44,9425115.93,9423734.95,9428096.89,9455316.66,9382104.32,9151438.66,8896217.43,9618715.78,9785522.82,9587097.59,9162795.15,8570604.33,7945735.93,2020-09-14
2084,7447344.96,7153374.55,6974809.57,6911618.09,6968376.17,7090791.3,7385686.43,8031198.57,8527126.81,8880824.38,9202015.98,9467397.13,9444550.46,9368060.3,9333873.24,9203433.17,9069227.14,8888022.31,9612168.19,9745329.32,9547662.46,9104327.02,8483719.79,7839731.9,2020-09-15
2085,6970633.53,6683626.86,6663350.75,6627087.46,6696250.85,6833696.56,7080294.6,7754192.46,8174773.64,8450760.01,8699606.86,8943017.93,8950969.52,8916352.66,8985057.96,8929223.79,8808676.26,8674327.21,9381659.37,9473037.61,9211445.08,8750473.97,8009962.1,7412266.59,2020-09-16
2086,7251913.31,7010940.42,6855269.48,6786305.42,6886806.7,7027611.59,7315465.19,7949949.02,8514643.06,8907433.73,9225866.95,9466795.23,9402731.53,9358440.5,9327841.65,9331548.57,9185402.33,8981362.12,9643753.69,9715074.02,9423465.07,9018616.77,8416103.51,7814520.55,2020-09-17
2087,7339033.46,7065616.98,6889581.37,6814366.39,6906990.67,7070832.53,7329191.16,7974793.9,8520920.49,8801732.3,9088869.98,9338611.69,9289349.45,9233159.33,9203963.49,9149705.72,8971059.62,8882390.12,9584919.46,9623457.82,9403078.9,8978950.95,8350160.29,7769601.75,2020-09-18
2088,7282539.5,7001090.66,6804851.04,6752763.6,6784831.84,6818987.69,6929516.44,7504429.7,8028117.17,8418936.07,8765027.44,8914533.83,8907641.61,8704271.99,8485787.25,8442614.16,8358437.64,8370975.38,9172330.02,9168732.42,8960299.22,8447230.98,7863389.13,7321046.94,2020-09-19
2089,6909179.03,6556976.52,6393722.49,6326460.46,6362039.72,6353222.63,6135182.59,6351408.72,6539535.11,7085792.29,7354307.28,7586352.78,7696336.36,7632062.75,7450009.03,7288336.14,7197348.15,7333769.44,8343784.47,8596303.28,8468725.78,8205084.95,7760859.67,7178062.06,2020-09-20
2090,6942916.89,6682619.67,6508210.15,6466467.35,6555945.86,6709950.28,7049069.94,7749050.34,8303571.33,8655879.13,9108072.29,9438814.11,9450057.47,9382186.03,9339610.35,9231130.02,8975392.36,8770614.95,9462906.2,9555738.01,9326211.53,8837915.42,8221046.48,7602784.16,2020-09-21
2091,7165040.31,6908615.58,6745836.49,6673096.0,6793012.41,6919637.09,7222491.06,7903493.9,8414202.97,8740119.66,9128090.83,9480916.51,9511842.17,9506820.49,9506157.03,9488333.19,9242700.79,9000075.19,9802711.82,9913294.07,9645757.78,9199344.9,8575047.21,7943723.55,2020-09-22
2092,7405765.29,7121702.8,6959673.96,6891066.8,6965537.13,7138944.46,7360603.44,8003719.34,8515977.83,8835675.27,9163832.99,9451501.72,9422397.97,9347693.78,9351018.5,9302688.32,9105218.87,8994703.08,9756297.29,9817538.57,9564522.47,9110436.26,8399506.67,7804466.12,2020-09-23
2093,7303505.66,7022381.98,6838383.04,6752619.09,6839675.02,7011626.95,7233877.29,7881940.07,8335264.63,8548391.21,8843375.74,9165688.17,9106479.86,9068032.53,9129710.99,9111510.21,8885114.5,8771602.31,9556321.91,9595181.34,9351720.48,8851870.86,8178402.37,7537372.21,2020-09-24
2094,7071462.21,6746439.23,6538809.61,6474905.67,6567374.23,6736237.98,7088038.81,7766121.36,8329077.79,8642700.0,8984509.76,9298699.52,9290835.42,9241256.35,9314269.46,9244226.38,9053767.03,8937511.69,9658570.49,9661637.04,9444307.52,9030673.97,8424449.19,7848008.92,2020-09-25
2095,7375343.65,7095504.56,6915720.8,6836296.19,6918368.58,6944461.07,7063559.76,7575181.59,8094471.36,8518096.06,8865855.81,9008463.42,8862879.45,8655706.94,8468249.37,8356584.38,8216947.26,8238574.58,9095925.71,9069516.02,8786472.53,8407023.72,7851974.54,7356389.64,2020-09-26
2096,6716734.39,6407933.87,6178657.94,6153017.89,6025486.18,5921616.16,5904870.09,6135536.15,6720741.35,7064686.26,7196560.45,7375176.32,7490237.17,7395821.02,7252026.16,7228458.82,7158656.05,7218829.45,7913280.5,8050597.32,7912584.73,7665248.36,7247577.36,6947442.12,2020-09-27
2097,6683889.53,6531203.88,6406295.66,6339073.7,6464062.61,6672654.88,7002547.0,7661402.68,8259733.89,8659033.37,9030879.55,9356152.09,9344462.91,9356702.66,9418385.63,9262110.06,9058289.31,8865847.38,9566691.9,9604980.45,9404884.63,8971715.45,8302004.26,7648630.8,2020-09-28
2098,7135710.53,6912188.45,6775295.63,6672763.45,6785842.82,6921898.51,7221071.84,7876810.9,8445130.05,8749833.57,9119367.69,9425191.37,9423509.28,9382067.9,9432832.18,9379696.97,9173064.3,8993565.47,9770057.55,9786729.06,9585371.12,9106924.48,8360636.52,7718255.01,2020-09-29
2099,7259164.63,6942749.47,6759229.06,6665385.24,6740785.2,6833437.4,7175932.62,7788772.9,8245250.58,8559267.82,8904034.25,9125225.17,9112556.15,9106070.87,9203011.79,9162320.22,8976760.74,8885556.22,9596204.67,9660612.79,9438345.53,8966513.73,8290912.02,7603132.53,2020-09-30
2100,7163602.29,6912631.98,6789406.17,6724100.08,6829702.65,6976055.03,7230679.99,7873227.56,8395946.04,8728848.72,9077346.77,9366371.4,9342525.22,9332308.64,9432815.42,9390610.5,9171114.91,8969814.29,9748046.14,9740048.21,9511855.49,9074485.59,8374285.29,7736795.67,2020-10-01
2101,7274694.69,7058445.09,6888572.26,6778102.69,6850662.75,7020833.87,7288218.15,7956708.42,8499962.96,8855671.14,9190284.65,9464981.86,9419110.68,9316262.31,9346508.18,9211620.11,9042147.44,8918793.62,9642884.4,9614751.82,9419968.41,8960393.64,8354986.77,7779726.61,2020-10-02
2102,7312717.45,7044166.09,6852098.65,6720212.94,6802603.25,6854348.09,6963529.76,7541565.25,8118609.49,8584109.26,8955147.69,9098260.57,9076297.01,8852165.04,8650553.96,8455456.82,8271190.0,8364007.86,9302657.58,9258690.28,8911962.9,8393688.68,7815565.58,7241502.57,2020-10-03
2103,6854724.52,6571743.66,6390024.47,6252694.65,6216912.32,6147967.21,5989819.75,6237751.81,6564846.14,6945639.62,7204605.78,7406002.13,7498549.31,7474639.54,7346017.74,7199244.88,7145769.33,7322183.67,8256120.35,8428009.87,8261913.48,7940521.5,7480385.34,7044030.05,2020-10-04
2104,6719131.83,6505827.7,6349590.48,6302628.91,6424910.85,6602705.55,6911178.64,7578012.16,8179334.52,8579267.83,8914262.42,9261939.32,9293381.24,9287986.15,9364432.08,9285126.16,9005181.27,8873902.23,9615635.18,9641437.19,9407199.34,8943288.44,8314426.03,7634547.98,2020-10-05
2105,7146195.58,6866704.51,6701558.37,6626130.37,6748336.82,6900934.8,7156942.74,7792377.58,8349562.77,8679098.9,8999370.15,9321222.07,9298028.66,9294570.12,9367577.09,9316731.42,9126355.08,9038764.27,9800350.43,9744876.33,9450677.59,9045238.06,8393465.36,7741528.6,2020-10-06
2106,7282710.16,7006022.78,6856268.1,6771454.75,6855155.42,7012780.47,7271490.21,7978774.03,8565038.65,8881040.03,9249829.67,9509279.89,9457552.03,9394710.0,9400793.85,9296864.97,9048140.38,9092168.12,9933889.21,9703393.87,9417475.56,8921593.96,8278467.44,7662855.56,2020-10-07
2107,7167378.81,6918264.5,6738926.31,6649691.63,6736319.85,6865176.52,7110772.6,7782255.51,8320214.59,8631805.86,9002529.87,9339941.3,9284930.99,9307397.7,9357599.36,9286747.21,8980473.86,8929620.87,9686376.57,9661565.31,9336293.5,8900522.31,8234285.33,7567168.11,2020-10-08
2108,7140265.85,6898550.57,6723385.37,6653069.56,6759973.87,6882470.34,7164509.28,7835306.53,8385364.12,8723295.65,9083862.89,9437744.98,9411699.28,9436104.03,9501440.83,9460967.86,9255358.87,9130488.97,9953227.56,9940676.86,9616288.05,9140350.81,8515699.63,7894969.74,2020-10-09
2109,7436607.71,7161640.71,6963062.54,6860353.44,6913719.06,6913037.95,7048026.53,7570800.72,8164106.59,8549599.7,8836827.37,9087379.19,9065801.46,8957274.79,8847502.13,8705087.73,8518599.34,8543042.73,9402866.67,9378407.52,9091740.32,8686772.78,8184801.84,7709578.41,2020-10-10
2110,7272920.11,6968960.39,6775835.04,6655733.42,6603383.39,6399694.2,6284740.47,6580444.26,6969587.29,7297561.26,7618220.22,7852441.93,7943480.67,7892295.38,7778116.57,7680905.79,7557359.39,7713542.78,8642335.7,8713054.63,8537916.55,8282138.6,7883383.21,7476209.66,2020-10-11
2111,7091835.71,6839725.34,6660035.73,6517385.37,6442970.34,6482268.64,6438427.67,6786278.79,7182965.84,7535774.38,7887925.05,8206397.81,8324244.21,8189830.89,8088762.19,7974602.96,7913169.33,8082842.65,8969105.55,9069937.76,8890381.65,8522713.12,7967208.24,7502878.25,2020-10-12
2112,7127154.73,6885195.11,6731357.67,6685408.41,6798441.0,6956888.12,7266616.04,7916423.69,8477779.84,8711909.92,9033413.93,9346823.5,9273866.88,9228133.71,9302422.44,9244160.15,9112033.45,9066819.97,9822027.04,9749520.01,9460621.89,8996809.21,8320994.61,7646289.29,2020-10-13
2113,7200782.8,6911651.6,6750194.93,6710191.72,6829634.29,6998839.51,7298904.29,7955229.84,8487648.97,8779376.64,9131654.85,9412884.05,9353918.3,9294049.96,9368839.27,9325414.15,9158049.76,9061070.23,9781794.16,9742727.05,9423871.98,9026619.24,8317799.4,7642896.75,2020-10-14
2114,7191061.39,6946992.73,6787702.65,6712840.98,6816158.61,6969993.37,7314885.62,8043730.74,8598541.84,8881567.22,9214658.32,9586299.33,9537235.13,9499487.31,9594997.79,9552034.51,9337725.58,9256959.05,9971200.06,9950144.83,9717482.9,9297886.76,8638584.83,7970892.31,2020-10-15
2115,7508911.43,7250766.83,7091372.15,6977812.49,7070108.24,7225541.25,7482630.44,8143801.91,8682737.08,9044481.0,9371192.75,9718664.36,9715835.96,9678455.0,9773612.95,9718976.96,9479132.92,9372245.85,10051863.16,9997463.2,9728971.52,9342474.31,8768663.24,8167867.6,2020-10-16
2116,7699139.44,7368815.09,7180921.12,7036243.48,7067685.23,7056594.06,7223257.54,7812539.86,8336986.33,8701429.93,8994227.32,9214285.41,9192714.2,9020952.93,8810298.49,8634704.48,8441053.4,8614194.01,9397134.38,9324833.65,9012556.97,8519185.21,8027093.97,7504181.12,2020-10-17
2117,7138340.77,6839153.84,6614673.8,6501363.89,6384673.06,6238112.75,6128086.62,6447510.38,6863165.68,7236797.46,7509322.47,7797615.33,7943243.26,7893013.78,7742899.44,7565964.51,7402577.33,7645098.44,8447951.8,8548601.76,8435358.03,8121467.85,7639681.32,7123589.31,2020-10-18
2118,6808313.0,6556852.9,6420965.21,6347811.37,6451148.36,6632723.06,6942329.81,7586626.19,8122054.62,8460523.85,8811169.25,9133065.45,9122912.72,9085227.98,9164381.12,9144931.91,8965817.92,8960218.51,9639250.0,9541052.19,9232656.66,8790080.27,8114286.09,7487704.16,2020-10-19
2119,7028519.63,6776689.62,6639095.66,6571892.59,6683160.63,6847707.5,7155304.24,7825789.53,8376498.9,8726357.36,9060775.61,9345216.33,9271160.47,9261297.57,9321232.7,9292593.3,9114004.15,9051841.57,9769033.76,9714229.77,9470742.87,8969780.95,8284043.72,7665783.24,2020-10-20
2120,7241630.07,6992962.66,6798328.23,6733592.04,6838629.84,7039943.06,7287992.66,7972756.46,8454599.6,8794750.27,9135529.89,9367702.29,9347069.72,9366637.89,9474704.57,9452575.75,9193377.22,9234238.8,9913048.41,9873592.37,9627382.67,9180087.32,8467821.91,7831556.91,2020-10-21
2121,7377798.32,7103828.8,6938933.87,6869596.5,6945651.79,7125659.05,7385527.77,8060108.22,8575477.94,8930233.11,9256171.33,9558507.96,9530916.56,9507304.87,9571462.04,9515404.33,9312298.03,9245862.08,9975060.59,9950539.78,9723144.38,9259762.41,8584146.53,7949653.91,2020-10-22
2122,7488901.9,7181013.58,7022479.36,6927315.8,7029865.64,7183339.31,7496339.39,8169961.05,8735218.84,9088824.67,9409806.16,9702030.88,9593205.52,9533180.32,9504093.98,9391210.42,9202733.38,9265967.64,9810578.36,9738379.53,9473382.8,9044164.59,8421987.94,7818585.33,2020-10-23
2123,7424118.62,7162323.25,6966914.24,6884209.1,6895450.46,6921570.41,7024544.11,7549568.05,8111361.84,8463667.87,8798877.44,8983703.98,8853790.72,8676931.01,8492245.35,8381133.03,8292750.79,8494084.5,9224626.95,9128709.55,8854049.14,8360807.84,7850641.62,7388903.65,2020-10-24
2124,6961714.83,6693241.93,6532334.08,6398975.72,6301602.84,6179095.38,6038259.84,6363295.27,6747996.62,7118521.3,7413618.41,7599753.55,7741862.19,7727496.32,7592716.46,7493669.62,7406467.23,7681491.8,8602205.8,8717647.77,8569254.79,8224436.21,7761212.25,7314112.08,2020-10-25
2125,6975519.74,6715634.8,6562136.41,6503881.06,6584340.55,6783963.04,7125100.1,7793877.15,8395057.19,8793317.46,9150321.55,9429250.57,9465970.47,9390098.0,9483692.73,9517023.79,9350025.11,9311753.89,9933433.22,9946017.69,9695668.26,9223981.03,8575037.92,7947306.14,2020-10-26
2126,7526952.13,7264195.59,7051342.62,7005880.12,7111442.1,7220020.45,7534926.92,8217283.99,8760684.6,9069730.33,9358914.41,9673441.74,9625318.36,9626706.82,9704586.51,9708598.32,9509002.68,9505216.76,10068840.96,9966748.91,9730383.51,9235037.78,8531048.81,7852379.03,2020-10-27
2127,7410192.6,7158800.77,6985148.09,6963803.51,7069077.81,7224138.88,7468367.01,8124777.58,8657224.4,9010705.57,9329576.99,9628131.73,9569417.54,9554236.55,9580813.41,9545816.85,9330042.28,9320339.54,9881551.1,9802485.23,9615270.95,9166065.37,8484462.46,7866162.16,2020-10-28
2128,7401715.83,7130557.39,6959607.89,6865084.93,6976241.83,7158384.72,7443648.49,8092619.58,8727939.29,8935630.16,9248859.42,9497896.19,9469831.95,9469143.52,9618892.7,9574119.5,9371314.16,9494734.12,9968536.14,9858389.08,9638607.33,9193430.07,8650498.76,7815397.3,2020-10-29
2129,7687471.33,7535080.4,7379997.48,7298871.42,7411178.86,7579982.22,7830053.97,8473640.93,8968795.31,9186972.08,9325629.47,9557132.67,9509665.39,9479000.55,9548108.12,9450764.2,9492305.41,9492387.75,9892725.29,9784672.07,9503621.96,9197437.87,8740827.08,8108593.58,2020-10-30
2130,7550703.06,7483423.25,7349868.63,7292932.68,7260207.6,7345673.92,7394049.97,7826629.72,8141954.0,8446536.79,8743625.91,8902465.34,8795617.84,8559177.13,8370956.06,8530291.48,8149299.19,8366677.29,9051190.47,8913540.63,8553743.79,8151095.98,7797605.57,7516018.46,2020-10-31
2131,7184203.31,6898183.38,6742017.28,6636280.08,6570450.26,6506952.51,6332437.56,6617644.2,7060413.17,6963638.7,7100862.67,7319926.97,7394446.47,7365635.41,7639533.14,7646931.2,7588072.75,7807201.91,8231295.29,8209172.38,8062967.85,7992859.51,7317487.69,7249997.42,2020-11-01
2132,6964815.52,6691801.45,6463033.07,6293610.24,6347406.7,6309664.31,6264091.7,6656424.06,7205968.08,7382979.72,7658587.6,7922908.91,8041930.1,8031487.9,7929340.28,7838980.76,7704999.59,7893997.92,8850624.31,8959544.31,8788777.64,8475506.49,7921396.46,7442343.48,2020-11-02
2133,7406974.71,7208428.56,7066647.64,7014752.25,7123295.43,7305418.95,7469355.94,8058949.79,8635007.87,8867509.2,9102368.45,9407059.46,9400116.24,9424060.43,9470588.63,9469388.45,9213899.86,9153271.2,9849928.18,9803518.25,9540849.57,9114960.42,8589527.27,8162785.09,2020-11-03
2134,7737648.63,7504725.25,7333752.09,7270927.97,7370171.74,7535807.03,7794603.17,8320796.08,8959277.71,9219229.9,9601111.27,9871283.0,9919851.7,9929032.44,9977145.71,9929395.91,9735560.93,9729945.42,10014297.99,9874739.85,9613230.21,9368981.96,8770280.54,8044484.94,2020-11-04
2135,7791484.65,7579843.08,7284915.59,7186248.61,7309623.76,7463252.93,7645792.84,8349414.12,8883917.04,9174506.3,9426549.88,9653375.32,9599028.03,9392935.18,9347360.49,9434292.48,9444651.19,9423768.93,9874006.49,9742032.36,9491286.19,9012829.3,8485776.16,7996685.35,2020-11-05
2136,7602023.5,7324088.93,7184012.43,7154343.29,7226067.35,7427964.98,7761288.34,8488764.47,8992508.29,9290620.9,9503212.52,9629582.64,9616487.64,9676640.87,9658040.85,9534931.61,9501106.72,9511999.28,9798138.98,9715968.29,9690853.78,9401946.12,8757940.34,8160195.93,2020-11-06
2137,7686532.33,7450009.44,7300965.87,7179793.82,7218987.95,7285083.44,7393190.49,8031357.75,8602387.43,8920861.08,9246270.7,9385758.24,9276229.67,9260743.34,9135429.14,8846622.08,8860158.81,8979982.91,9312656.07,9233907.08,9129874.6,8895483.2,8396853.35,7901126.01,2020-11-07
2138,7497063.68,7214491.1,6981198.75,6882572.2,6881164.97,6778101.75,6596599.83,6935899.68,7308401.85,7729371.99,8109130.87,8341536.03,8401241.63,8306331.11,8134179.37,7998483.85,7957932.13,8249031.07,8929471.61,9034516.61,8893556.33,8724352.51,8280629.13,7776834.89,2020-11-08
2139,7409334.14,7192870.19,7047716.88,6992900.16,7082346.32,7291790.02,7617154.27,8289661.68,8836439.41,9156696.62,9504293.31,9779022.45,9721832.14,9717933.16,9742540.25,9724152.72,9552793.0,9631981.86,10054601.32,9950180.9,9876226.58,9453898.17,8806588.3,8139275.83,2020-11-09
2140,7700480.27,7402087.05,7189961.01,7149645.83,7300462.66,7509107.28,7801654.27,8482098.92,9053128.53,9313683.61,9622808.54,9883251.05,9807460.5,9797170.65,9859055.87,9802981.27,9674268.43,9758498.77,10210468.48,10118357.44,9939189.88,9505962.39,8867232.42,8213499.0,2020-11-10
2141,7712843.5,7546376.23,7384869.0,7301496.98,7367312.1,7578907.43,7856170.05,8448357.17,8911507.25,8954498.1,9070320.27,9286832.97,9215946.24,9422295.59,9612882.24,9635624.14,9482626.16,9535981.34,10085742.32,9975081.51,9537721.26,9031525.16,8632963.65,8033345.24,2020-11-11
2142,7574482.93,7387868.6,7248735.89,7182958.98,7320604.34,7498748.89,7710455.09,8383806.14,8825943.85,9072720.35,9346043.27,9465833.22,9612602.89,9604754.61,9649437.72,9676565.05,9563933.09,9654023.08,10182381.3,9986792.72,9496571.19,9106002.52,8708057.75,8035943.81,2020-11-12
2143,7580267.22,7340315.35,7176873.79,7107308.53,7265015.61,7495461.2,7722398.34,8319062.19,8840299.13,9131349.35,9394606.61,9659432.35,9629234.56,9543670.37,9607496.44,9660510.88,9571777.93,9534531.83,10055620.85,9909567.94,9616603.78,9153443.51,8512925.41,7920371.33,2020-11-13
2144,7493488.5,7228169.8,7061488.69,7024595.41,7085119.52,7176490.54,7283524.23,7781166.03,8262650.8,8590048.51,8814890.85,8993693.83,8989085.1,8801692.83,8636118.61,8553359.07,8476580.04,8775106.25,9437628.32,9373842.66,9020038.7,8533713.22,7994460.94,7513199.5,2020-11-14
2145,7120451.82,6913653.73,6763481.17,6639890.32,6599464.36,6545390.72,6339214.91,6409425.67,6885766.0,7239725.15,7551061.35,7768623.62,7849995.52,7940512.53,7953198.31,7887877.61,7849882.24,8117899.67,8901176.56,8900200.6,8707586.67,8438025.19,7987690.05,7551388.66,2020-11-15
2146,7210199.75,6939877.36,6793577.5,6682931.12,6716876.77,6748354.74,6627229.15,6963716.89,7389900.55,7740670.75,8126028.35,8373407.89,8493761.24,8503524.23,8390563.44,8328379.62,8293385.87,8572640.22,9351210.51,9401779.43,9192719.54,8802740.66,8295446.7,7741477.23,2020-11-16
2147,7297122.77,7058699.75,6952981.3,6887671.53,6982655.74,7209877.07,7519279.14,8156043.56,8651289.53,8927428.23,9180765.56,9450670.09,9463482.97,9456626.24,9536299.37,9543184.44,9522443.92,9598582.89,10155612.63,10021203.76,9708974.16,9154905.68,8481908.46,7833495.49,2020-11-17
2148,7428698.01,7194370.43,7057267.65,7037875.42,7179547.95,7384246.68,7597591.52,7881331.8,8400052.84,8673192.57,8937204.94,9232170.14,9141820.29,9075853.37,9087622.15,9109265.78,9004272.45,9469777.43,10012286.31,9938080.47,9704306.64,9220135.54,8582843.77,7901752.42,2020-11-18
2149,7435545.11,7203894.73,7033764.49,7003017.59,7114174.42,7284578.03,7607796.23,8130861.85,8632478.02,8925682.94,9242156.1,9485337.11,9453178.26,9467226.0,9551988.67,9505202.5,9354219.31,9410503.02,10210138.27,10161153.1,9936426.78,9447568.11,8716244.75,8048128.0,2020-11-19
2150,7622907.86,7334013.1,7173713.73,7108697.48,7254342.75,7406082.41,7707373.98,8424066.02,8939433.78,9254486.93,9565359.16,9841114.86,9816349.8,9775441.36,9791486.97,9753491.3,9571901.15,9662639.96,10278274.96,10150617.25,9867417.95,9438563.21,8826511.63,8252290.57,2020-11-20
2151,7793026.7,7431845.7,7208052.0,7029144.15,7080751.74,7146873.93,7137616.46,7688180.93,8496644.86,8934802.97,9240532.61,9476998.81,9424574.67,9250280.85,9085611.52,8953925.15,8827546.62,8946130.9,9438176.21,9343132.98,9028423.73,8903925.52,8476583.98,7958133.11,2020-11-21
2152,7391226.95,6901200.47,6725696.1,6615011.86,6540892.75,6384984.06,6252956.13,6548487.42,6967216.43,7337531.19,7611603.96,7867894.31,8234139.93,8297360.62,8195960.86,8064599.05,8005440.22,8203151.44,8759854.81,8827092.88,8700032.7,8726536.11,8358771.98,7767570.14,2020-11-22
2153,7332003.77,7124846.64,7047476.82,6880456.27,7032672.71,7222550.87,7361863.39,8116494.76,8774042.05,9144868.1,9497855.88,9745872.15,9685024.81,9757641.47,9690424.14,9586723.07,9391615.97,9336442.12,9988779.23,9970498.68,9725913.59,9450656.07,8909015.15,8316511.44,2020-11-23
2154,7488482.95,7238260.56,7068380.52,6977638.2,7071735.54,7246617.01,7516998.15,8157759.32,8851708.12,9278617.06,9582604.94,9690615.99,9624287.66,9655136.59,9698611.42,9593679.54,9448994.14,9534152.38,10074987.46,9944584.97,9698338.46,9246520.52,8545834.07,7948730.49,2020-11-24
2155,7640311.1,7339295.52,7318330.36,7223777.13,7188013.54,7397206.46,7709692.69,8455479.43,8990137.02,9252185.0,9546387.45,9748612.26,9678984.63,9718090.07,9826377.91,9728025.98,9537164.72,9541741.15,10032022.73,9946286.2,9722786.66,9441833.64,8775021.12,8176910.0,2020-11-25
2156,7769506.31,7696333.06,7525692.73,7438321.59,7526133.44,7711766.11,7906719.89,8377035.76,8902110.81,9123383.51,9405357.92,9713266.94,9508696.47,9480062.57,9626889.99,9657633.91,9468009.94,9553449.07,9978150.42,9855781.97,9624719.69,9370071.98,8815552.22,8179000.66,2020-11-26
2157,7767369.79,7601667.6,7404168.29,7297554.62,7380797.97,7566869.14,7805926.73,8497904.28,9014462.29,9315668.49,9624765.31,9502452.76,9350822.74,9297703.96,9348863.93,9422682.78,9370444.57,9509712.54,9810375.68,9665947.09,9436105.56,9031745.83,8680296.48,8156505.14,2020-11-27
2158,7484520.24,7236352.14,7097858.38,7048403.97,7089004.17,7258355.76,7441446.92,7992018.39,8507826.07,8855011.31,9092955.15,9227316.41,9179703.2,9145739.91,8989688.53,8804910.95,8747800.16,8902709.7,9223348.35,9127996.79,8883678.26,8637947.1,8003401.18,7563259.19,2020-11-28
2159,7155234.63,6945377.03,6720111.67,6773281.35,6425152.76,6609260.11,6519522.65,6882515.92,7255424.05,7587961.52,7859088.61,8055294.3,7946924.61,7969251.25,7947898.92,7980147.96,8019244.03,8234990.68,8935360.7,8967627.87,8902012.18,8560177.29,8076601.05,7596613.66,2020-11-29
2160,7419909.28,7129037.85,6916181.96,7023975.7,7170002.47,7368434.79,7667486.4,8300620.14,8899609.51,9244396.76,9591029.01,9846912.97,9853152.88,9839773.13,9907671.24,9788707.08,9716416.51,9718195.55,10104023.18,9983952.15,9957116.34,9622463.8,8987925.82,8339856.35,2020-11-30
2161,7866602.8,7601279.11,7404902.48,7317333.58,7409084.3,7662405.08,7807749.88,8416291.62,9020667.12,9337350.33,9628467.64,9878353.84,9738434.41,9724904.58,9803186.65,9765251.48,9644443.65,9725293.16,10320299.26,10270073.7,10052099.96,9593085.8,8927349.76,8223203.68,2020-12-01
2162,7780229.68,7518352.43,7356841.99,7267156.84,7371532.33,7615579.07,7854892.55,8435366.12,8926062.19,9245637.81,9537068.32,9809983.75,9742201.74,9717081.89,9774914.52,9747421.0,9634623.36,9611542.36,10148332.19,10087416.61,9898434.1,9522191.7,8885652.59,8058888.06,2020-12-02
2163,7491487.46,7123388.11,6937088.13,6871625.77,6965223.38,7184944.72,7432624.84,8073912.78,8559540.63,8880891.24,9298569.86,9618835.84,9585794.66,9602104.33,9688142.68,9600371.65,9440850.01,9401777.78,9983123.5,9981867.71,9761500.72,9335201.78,8673789.1,7964581.37,2020-12-03
2164,7424398.52,7159603.01,6956433.51,6877631.56,6986420.15,7178247.66,7428522.0,8064730.97,8604481.09,8943195.46,9312188.42,9585736.63,9567390.52,9511516.58,9624809.19,9584848.64,9405302.07,9301627.8,10045085.8,9960388.93,9729626.7,9298376.02,8644987.35,8005964.96,2020-12-04
2165,7495139.5,7178066.37,6980877.35,6876899.56,6919765.3,7027987.96,7128339.34,7688481.6,8374445.61,8742319.68,9022794.81,9206793.6,9162244.55,9022915.68,8880567.48,8725731.21,8530270.69,8706546.22,9587782.29,9549935.14,9312546.13,8868345.6,8300995.57,7754253.36,2020-12-05
2166,7335068.8,7035726.81,6810730.14,6678595.71,6614744.68,6572307.67,6400332.87,6703331.18,7187962.63,7623665.8,7931377.91,8177716.77,8268230.22,8223671.56,8111561.9,8024916.23,7873054.2,8030733.27,8992718.81,9112314.79,8924781.36,8652692.82,8188269.6,7687835.53,2020-12-06
2167,7090633.3,6769136.3,6599722.4,6528114.28,6629733.82,6821459.68,7036172.95,7700164.76,8377052.1,8735183.41,9023735.75,9305146.05,9296159.65,9200348.23,9313505.7,9273731.44,9029809.73,8971935.47,9661340.46,9357820.06,8967695.42,8549456.31,8060384.01,7607314.95,2020-12-07
2168,7346329.32,7097791.06,6799998.65,6732400.06,6756397.68,6753462.45,6564128.72,6959587.48,7492255.45,7894949.55,8174549.91,8359446.73,8437851.03,8394366.09,8274149.42,8263108.23,8101989.36,8224733.07,9104246.43,9146822.5,8960219.63,8594168.38,8108449.9,7668888.18,2020-12-08
2169,7486076.07,7236127.9,6969057.42,6916651.79,7041274.53,7247540.11,7449720.37,8220146.0,8845941.0,9114463.46,9334782.59,9550794.57,9542159.2,9505539.66,9562410.41,9521319.09,9375668.03,9565354.94,10075499.1,10018361.77,9786618.57,9327333.95,8652824.64,7952097.89,2020-12-09
2170,7489874.48,7219115.65,7018145.92,6930970.13,7080932.76,7297008.48,7487578.32,8116660.68,8651905.54,8993802.21,9480882.21,9700177.0,9656011.49,9593678.53,9668548.57,9671106.32,9608165.93,9531350.83,10170997.06,10131189.7,9885405.68,9666497.87,9041640.38,8350470.48,2020-12-10
2171,7908928.96,7672390.62,7442033.98,7359195.41,7230739.82,7540437.76,7713823.78,8416109.06,9060110.98,9429371.96,9734831.04,9740813.27,9668050.92,9645542.57,9746159.39,9739124.88,9527371.29,9431889.19,10114164.75,10072437.78,9827292.61,9369842.48,9009501.51,8402725.64,2020-12-11
2172,7588836.62,7279963.65,7080376.46,6984458.3,7030763.31,7132530.2,7227131.94,7871199.62,8473020.67,8973390.55,9311971.55,9321180.68,9217990.07,9090356.8,8999780.41,8901728.67,8672538.36,8725047.6,9611154.5,9570660.18,9303162.17,8890390.48,8350443.71,7829850.21,2020-12-12
2173,7363873.46,7042392.81,6830105.97,6691662.2,6634221.72,6583295.53,6401071.21,6683741.16,7099914.39,7497262.65,7802062.1,8057823.25,8180067.41,8154148.11,7996506.13,7878050.38,7743527.39,7843428.23,8853767.16,8993608.25,8885312.49,8565137.52,8156846.66,7594877.54,2020-12-13
2174,7170056.96,6913493.03,6744212.66,6662893.56,6755333.8,6948640.93,7183206.11,7874751.95,8575556.89,9022502.11,9440972.76,9850543.44,9710113.69,9615760.4,9613802.69,9571499.19,9424040.85,9286562.01,10039685.21,10046657.72,9804244.22,9386278.36,8703413.1,8007883.3,2020-12-14
2175,7524222.24,7203346.5,6988004.2,6935747.89,7089205.59,7264254.26,7449314.95,8073002.67,8669411.56,8972944.7,9280084.63,9567757.21,9526126.8,9568877.36,9667195.4,9604026.12,9376950.54,9273906.8,10009001.71,10017928.97,9859838.84,9418858.0,8748530.71,8026079.23,2020-12-15
2176,7579225.97,7284385.99,7068334.76,7011791.43,7100584.33,7304788.87,7514740.13,8117648.87,8696739.15,9030954.98,9361791.29,9666919.83,9634580.88,9641828.34,9725012.01,9722301.5,9509607.56,9347651.59,10098137.69,10060033.07,9838124.69,9428549.62,8764630.1,8061281.21,2020-12-16
2177,7591602.68,7280661.02,7094810.89,7023979.87,7154037.58,7365013.1,7565095.17,8173078.08,8725755.83,9050847.24,9341379.31,9598248.56,9573547.35,9556488.86,9655478.91,9629072.47,9413838.65,9272316.87,9968437.48,9965273.28,9750856.34,9354723.12,8694974.15,8019748.99,2020-12-17
2178,7519453.75,7224241.78,7071758.19,6996073.93,7096101.79,7335696.12,7508186.88,8119588.2,8685117.64,9020587.52,9314385.36,9556877.0,9506563.46,9496530.6,9588361.23,9558927.37,9392429.03,9243244.3,9928176.16,9905427.64,9647548.23,9272159.56,8665621.92,8083529.15,2020-12-18
2179,7620895.4,7313580.55,7114704.8,6981173.99,7080325.81,7199460.89,7286434.98,7816469.22,8363807.66,8718738.32,9005404.56,9214673.5,9159543.47,9037664.37,8938724.21,8816342.72,8659374.52,8673312.55,9503655.19,9503066.36,9236336.19,8751378.07,8305075.49,7813205.83,2020-12-19
2180,7332409.72,7025793.98,6832281.35,6694813.53,6647905.75,6613005.64,6422105.41,6734810.33,7176436.7,7533419.98,7791960.67,8015961.63,8115915.3,8079227.96,7990001.71,7897622.4,7762759.38,7854921.14,8860727.14,8985970.01,8870164.84,8590779.12,8150610.97,7631672.61,2020-12-20
2181,7206887.05,6967527.94,6801066.14,6730274.32,6800144.49,7018399.58,7180752.58,7831353.55,8434986.12,8830716.19,9181897.04,9508950.76,9508479.99,9559433.06,9664232.27,9652551.58,9435971.1,9209364.76,9949648.06,9961489.27,9786746.45,9389000.37,8728233.68,8032422.49,2020-12-21
2182,7542700.59,7261622.06,7065989.2,6956839.79,7010249.01,7256254.06,7406252.41,8041112.03,8589024.48,8968662.01,9247861.06,9551993.0,9532260.43,9538625.08,9565861.1,9498776.13,9320077.57,9143469.11,9867805.25,9933054.58,9737296.34,9348694.02,8727508.42,8059325.8,2020-12-22
2183,7584572.72,7287399.56,7052570.44,6991588.66,7063335.33,7293861.69,7419168.27,7977378.78,8526229.12,8885524.17,9190317.39,9394061.31,9365028.93,9391717.24,9434169.74,9421717.68,9197349.1,9025971.37,9738698.63,9731738.62,9547410.0,9190097.84,8588523.46,7956778.15,2020-12-23
2184,7468194.58,7149981.56,6930244.68,6787076.99,6822228.49,6914303.81,6960470.8,7468609.13,8019694.47,8328937.51,8530446.11,8657060.16,8587373.31,8398094.87,8182489.63,8077802.93,7935563.19,7986129.03,8854331.1,8781233.69,8369018.83,7871909.84,7462299.48,7120641.79,2020-12-24
2185,6811034.24,6614851.66,6399180.98,6227287.66,6110116.33,6038331.15,5674882.9,5779150.51,6056347.32,6339136.44,6606947.04,6849703.48,7043897.56,7093703.08,7008032.06,6907319.62,6796279.12,6883819.71,7767373.79,7889216.81,7741339.19,7501942.25,7132466.06,6743622.3,2020-12-25
2186,6643902.2,6333280.62,6202990.19,6133382.34,6149488.34,6172690.49,6226867.75,6679438.84,7219648.08,7627799.16,7955266.38,8200390.03,8268405.34,8196974.03,8151133.87,8083649.83,7901403.02,7916949.15,8798557.3,8864925.53,8657294.55,8292686.63,7785701.67,7285114.48,2020-12-26
2187,7003967.2,6750763.77,6715757.34,6601746.27,6532537.68,6408359.44,6115714.93,6437399.72,7058377.6,7184766.37,7446568.38,7688801.23,7795205.22,7818253.18,7720963.4,7608180.51,7504158.39,7575446.9,8478553.33,8658673.51,8485322.04,8192132.87,7733878.59,7251597.89,2020-12-27
2188,6858599.76,6602724.7,6412234.41,6344268.41,6389632.03,6606695.14,6748107.38,7396406.5,8002179.77,8375771.15,8696915.42,8944770.45,9034171.48,9042056.38,9080663.09,9040224.13,8843907.63,8720958.36,9476874.2,9518806.06,9257366.91,8820924.01,8203300.69,7578204.02,2020-12-28
2189,7133108.22,6828805.42,6653972.53,6575248.8,6640042.94,6836567.96,6954681.23,7509273.71,8071298.19,8410740.97,8755820.15,9019649.92,9019266.85,9023164.14,9108748.39,9068373.41,8841696.69,8657296.87,9402101.75,9454858.94,9215115.11,8772322.61,8161867.73,7550167.01,2020-12-29
2190,7101024.69,6786978.44,6641497.72,6573484.93,6621075.45,6816768.74,6928622.8,7498019.45,8013980.52,8333561.56,8573985.51,8895831.17,8897044.74,8907223.55,8929819.22,8844921.29,8641015.84,8507091.58,9249024.69,9279487.41,9048729.91,8628373.8,8025507.59,7450362.53,2020-12-30
2191,6983477.67,6661710.98,6441261.72,6342394.37,6366607.23,6456400.38,6448004.15,6868949.57,7346420.37,7654297.9,7881514.28,8012061.3,7960095.17,7843050.43,7736885.89,7622496.74,7523069.9,7579209.28,8464699.92,8503960.38,8139984.83,7658053.07,7250423.61,6905701.04,2020-12-31
2192,6660644.31,6469314.37,6235579.1,6052481.54,5930616.63,5828792.96,5437937.54,5472100.94,5761136.44,6052680.24,6270278.29,6470778.69,6613626.04,6669620.13,6616209.29,6515981.72,6472647.9,6526204.59,7419437.34,7657713.66,7520289.54,7309777.59,6962647.58,6665152.78,2021-01-01
2193,6346223.78,6076456.77,5928709.24,5846709.86,5840357.15,5862457.64,5787320.26,6144260.18,6604170.77,6937292.25,7233233.43,7484796.62,7600524.18,7597831.49,7515513.18,7447173.73,7357492.75,7392737.64,8251196.09,8434844.42,8244430.28,7921561.36,7457497.28,7027864.52,2021-01-02
2194,6662581.99,6360349.91,6216714.65,6124777.9,6093826.85,6091414.73,5882192.23,6068663.63,6415505.28,6733834.38,7014884.68,7253831.49,7399192.39,7397134.36,7333069.45,7265667.2,7132794.08,7200537.48,8138566.26,8385739.94,8262113.66,7983504.74,7564896.08,7091237.36,2021-01-03
2195,6695350.68,6449780.35,6286050.62,6210814.16,6300268.8,6481808.25,6620248.5,7166146.62,7745746.7,8094376.6,8429732.11,8760759.25,8824784.61,8846848.0,8910864.89,8873658.34,8673557.08,8452682.57,9174866.18,9338165.93,9127025.77,8707679.15,8056390.53,7454131.24,2021-01-04
2196,7006973.08,6723640.02,6555216.06,6461895.74,6522580.72,6699828.84,6842594.92,7374195.78,7899883.29,8266266.42,8604514.7,8917808.85,8950539.31,8978313.8,9032141.41,8994667.68,8794691.71,8603864.31,9322228.65,9442480.19,9192732.73,8767821.35,8123050.23,7495938.63,2021-01-05
2197,7068358.27,6828010.93,6668112.34,6563860.11,6614982.96,6786364.97,6933127.0,7477699.43,7996553.76,8321142.82,8668592.71,8984120.03,9024652.43,9059217.83,9116181.02,9069447.22,8894061.49,8699935.11,9355251.19,9500776.81,9270839.57,8815142.77,8196212.21,7611193.3,2021-01-06
2198,7170474.26,6901279.0,6704201.69,6629934.06,6695024.22,6883617.1,7017403.94,7562920.0,8116473.75,8435746.15,8795887.74,9073002.95,9098159.99,9107491.83,9151378.33,9103631.33,8930812.62,8689764.18,9366602.04,9506937.38,9278252.43,8843112.27,8277692.77,7685535.84,2021-01-07
2199,7227648.58,6968333.0,6791809.22,6705308.53,6761763.36,6943734.02,7058171.6,7485525.8,7974982.62,8257268.95,8588913.07,8920558.21,8945390.3,8917579.97,8955814.93,8868787.46,8653513.34,8509371.02,9172347.6,9284271.68,9022917.95,8655910.32,8119801.48,7559672.2,2021-01-08
2200,7134936.64,6848009.66,6692947.25,6581353.55,6623049.1,6700270.41,6715728.35,7062620.15,7508540.28,7862199.1,8183893.96,8413779.77,8476399.34,8394736.72,8229027.73,8123617.76,7936145.99,7926762.65,8746959.59,8879874.87,8597043.87,8193044.71,7706414.35,7259736.39,2021-01-09
2201,6899526.6,6607436.22,6448143.9,6329916.74,6285411.4,6284116.19,6040273.41,6254693.61,6612186.65,6928148.86,7184129.62,7450001.5,7619324.86,7652146.07,7553221.64,7456207.25,7335955.91,7329285.62,8197632.47,8464240.68,8322539.67,8048607.4,7660962.41,7204178.66,2021-01-10
2202,6860027.54,6594480.26,6413106.62,6292497.46,6316623.29,6354404.15,6223527.12,6379493.81,6757635.8,7106347.33,7380623.81,7692981.34,7861183.44,7921405.73,7799155.18,7726159.08,7609449.04,7612072.04,8486373.37,8807472.85,8589885.03,8234671.51,7784191.16,7275128.27,2021-01-11
2203,6921604.32,6690771.34,6524364.04,6453700.79,6535942.34,6774211.9,6920258.9,7547361.94,8085215.77,8389819.59,8733398.29,9024026.91,9060909.42,9108630.21,9199874.6,9201394.18,9013047.23,8733805.71,9353502.3,9548620.15,9324868.41,8936789.1,8324331.25,7638960.38,2021-01-12
2204,7183178.68,6921422.95,6748101.8,6668238.42,6735795.67,6949003.76,7132219.48,7714983.39,8279198.04,8600278.94,8962008.7,9254459.29,9266303.49,9295270.88,9368330.33,9341700.0,9113207.56,8828033.68,9473090.33,9640841.13,9400191.46,9010853.87,8401887.11,7714258.93,2021-01-13
2205,7242219.47,6979392.43,6776464.92,6686632.15,6752970.79,6983382.23,7135854.04,7752272.14,8319039.99,8685693.48,9044184.34,9321880.44,9358503.63,9371696.08,9485118.9,9438216.14,9216521.66,8927605.45,9540773.52,9699348.56,9490039.35,9090259.12,8426586.39,7760774.61,2021-01-14
2206,7303125.68,7089893.07,6926249.17,6846240.17,6891064.72,7107709.36,7294333.94,7868222.72,8416921.39,8702696.58,9067138.23,9354152.48,9362067.63,9381397.39,9449323.67,9390138.98,9162847.28,8856576.25,9424309.25,9604249.31,9397174.36,9028900.5,8477718.7,7873395.79,2021-01-15
2207,7419954.15,7127989.97,6943532.7,6842426.72,6868893.15,6943876.01,6948640.56,7332789.07,7865747.51,8263562.33,8588192.7,8864578.82,8893906.86,8831684.67,8728135.11,8603636.1,8454959.83,8333995.88,9040491.35,9252471.04,8954770.39,8519736.62,8021833.51,7536218.48,2021-01-16
2208,7117330.95,6835011.46,6623295.78,6467954.94,6369748.45,6291588.64,6023409.03,6123343.94,6593152.27,6971745.03,7266522.02,7571201.41,7803357.12,7797000.91,7675596.16,7602843.44,7484027.8,7481300.69,8307047.05,8702146.35,8578343.67,8325003.84,7920389.86,7419396.22,2021-01-17
2209,7003135.83,6728924.02,6579276.38,6503719.8,6589004.64,6834406.96,7101632.57,7742396.34,8353236.01,8711358.49,9068359.68,9370114.28,9395976.66,9405812.84,9508285.65,9443025.74,9223791.72,8872784.58,9458746.66,9699427.75,9486192.1,9076209.9,8449613.96,7789983.37,2021-01-18
2210,7321318.6,7063745.81,6880230.23,6803959.7,6869783.38,7108275.2,7279699.8,7854275.65,8378266.69,8694398.93,9051326.58,9380570.61,9393047.48,9384987.07,9507252.02,9513152.0,9320797.35,8965988.54,9512089.1,9747634.59,9538050.4,9108599.16,8509542.92,7820487.59,2021-01-19
2211,7358404.33,7077150.32,6908140.7,6813814.35,6893459.72,7086391.04,7299129.93,7868938.84,8421731.29,8770183.87,9056222.52,9370320.15,9387385.3,9426195.94,9473509.56,9408368.24,9245010.6,8932446.0,9507084.85,9726679.68,9528540.32,9119804.86,8508291.0,7857342.6,2021-01-20
2212,7383458.92,7123912.59,6944330.63,6869436.56,6950191.67,7173297.09,7357240.09,7910364.92,8483237.69,8829026.79,9152098.86,9440690.35,9447923.59,9465545.94,9580545.51,9557103.9,9297890.88,8919094.43,9499782.66,9710232.07,9516404.49,9101447.31,8486681.84,7834155.06,2021-01-21
2213,7364616.24,7098716.19,6918372.43,6839789.59,6925869.17,7174449.47,7384582.89,7971100.41,8536706.39,8825050.93,9195156.96,9535723.5,9530869.5,9518717.41,9587751.18,9527987.0,9307109.4,8991403.03,9564840.16,9672402.03,9420893.33,9012187.54,8465896.27,7864580.35,2021-01-22
2214,7433542.71,7128950.53,6965044.03,6858938.99,6953826.7,7057513.62,7081919.15,7518274.7,8025568.05,8382027.44,8687663.31,8875285.66,8949710.16,8863004.51,8687208.33,8551636.95,8386088.98,8279430.27,8988295.4,9264873.33,8921359.99,8450541.78,7958670.08,7460878.99,2021-01-23
2215,7072731.68,6762900.11,6594877.53,6455838.72,6406595.79,6367592.27,6130986.35,6354993.9,6748872.54,7087089.57,7415291.17,7721866.67,7895116.91,7894032.0,7763154.56,7647439.91,7539778.64,7508937.02,8304610.59,8716871.27,8576806.05,8292273.02,7870805.63,7385645.4,2021-01-24
2216,7038424.71,6791001.31,6636925.87,6575749.95,6664802.94,6945459.87,7204359.63,7824468.5,8359460.27,8682564.72,9005577.96,9318038.0,9283528.51,9284670.24,9439153.64,9408046.14,9209404.55,8825529.16,9373681.28,9612323.77,9428192.26,9002135.74,8394032.69,7745076.62,2021-01-25
2217,7299437.44,7024063.68,6850442.61,6749480.93,6823087.54,7072220.68,7332500.38,7918593.73,8455974.63,8728216.13,9084026.8,9365704.24,9362787.93,9408347.58,9514254.25,9473936.06,9271231.56,8903426.93,9467703.41,9745745.9,9528020.17,9108075.15,8478513.95,7834577.62,2021-01-26
2218,7347479.71,7079728.34,6912277.94,6829339.83,6906051.5,7140767.88,7372534.72,7938122.61,8473033.74,8806568.42,9147556.24,9470491.86,9423045.11,9442736.34,9588234.78,9595989.83,9395640.38,9031480.45,9501078.08,9806908.68,9579673.81,9150842.91,8541895.92,7915465.87,2021-01-27
2219,7432426.46,7130585.39,6942235.25,6838126.73,6926030.84,7176674.23,7406421.38,7971875.62,8498309.27,8816067.55,9143595.76,9466699.25,9453876.64,9462413.2,9581892.03,9552657.39,9337222.92,9017152.21,9558970.68,9769364.77,9545098.04,9150635.21,8533037.23,7877872.83,2021-01-28
2220,7376688.11,7095900.8,6908057.35,6829708.41,6912505.31,7156469.72,7381664.37,7977625.56,8507248.8,8816538.5,9116441.15,9391719.64,9399125.8,9392487.41,9531703.75,9482939.27,9273873.44,8932083.35,9431171.81,9706653.12,9492584.22,9101484.71,8510581.48,7845468.72,2021-01-29
2221,7384100.86,7079075.18,6875309.12,6785768.57,6804017.58,6938372.48,6988844.61,7431614.16,7962279.92,8330624.57,8681262.2,8953817.58,8923024.99,8822538.44,8675102.55,8596911.44,8304582.77,8254998.38,8900448.99,9274088.45,9045294.07,8563977.24,8054165.85,7526947.73,2021-01-30
2222,7072200.06,6754181.55,6413925.11,6225143.34,6098010.46,6125428.85,5816581.07,6042706.51,6539598.23,6978140.9,7362830.77,7662787.07,7821889.4,7842251.85,7760198.12,7695962.17,7580410.61,7516921.05,8273003.46,8751841.56,8634034.12,8366618.05,7933596.91,7414805.33,2021-01-31
2223,7021499.14,6714608.29,6529169.1,6442199.21,6555668.06,6953812.84,7254350.31,7852727.79,8425038.87,8745028.38,9098635.58,9402546.77,9414932.87,9438296.38,9544880.5,9524645.74,9310336.99,8949619.54,9490810.41,9833531.31,9653370.92,9231107.8,8582706.75,7908084.04,2021-02-01
2224,7435358.62,7153185.54,6971793.26,6910754.43,7007309.58,7274675.91,7551751.76,8103643.14,8592584.39,8916119.19,9205770.03,9452482.63,9465951.84,9464710.3,9622471.35,9600804.99,9377430.43,8961831.22,9460918.46,9771574.44,9628838.47,9211166.23,8581819.03,7896710.17,2021-02-02
2225,7422829.55,7161980.12,6984052.87,6935128.93,7021578.29,7296146.49,7558819.13,8129711.97,8643939.68,8933781.37,9261195.53,9608318.71,9553009.9,9575031.08,9724088.31,9659706.76,9468690.22,9092298.31,9625192.82,9915257.31,9703857.1,9272299.55,8651706.02,7979347.56,2021-02-03
2226,7478304.38,7197716.29,7020866.24,6950753.61,6998600.72,7270480.92,7533788.19,8081303.11,8625474.62,8918753.42,9258690.95,9588214.5,9589340.35,9581457.92,9728111.97,9756614.89,9492222.8,9173659.44,9682767.97,10006816.56,9776566.63,9311709.55,8713902.14,8106714.83,2021-02-04
2227,7622853.45,7354341.63,7168352.86,7102857.19,7182538.06,7446340.53,7737071.94,8256954.45,8749620.55,9068756.33,9403494.28,9687649.46,9638744.93,9656734.16,9735059.19,9725140.15,9491273.5,9160223.72,9646573.77,9905755.55,9639233.63,9285573.31,8757610.19,8168596.6,2021-02-05
2228,7678788.54,7384243.06,7184299.41,7090789.91,7129381.93,7271448.75,7338666.82,7765068.14,8289980.57,8675620.01,8998043.26,9242181.52,9221064.4,9077486.26,8951876.34,8903863.63,8724496.87,8535161.28,9241615.58,9496628.06,9241526.99,8823112.57,8315252.91,7809948.34,2021-02-06
2229,7371793.91,7064321.99,6842693.28,6680595.08,6656915.23,6614939.15,6377084.07,6631914.46,7027093.52,7331506.13,7616729.27,7875167.81,8048637.99,8036223.1,7935584.5,7805132.2,7687874.2,7614829.89,8404339.19,8874827.01,8826723.75,8578383.27,8148552.0,7634962.35,2021-02-07
2230,7265432.73,6993238.37,6809691.01,6734994.96,6861604.02,7142562.78,7518099.94,8104667.91,8657884.06,8982243.26,9357347.96,9635248.47,9647236.51,9695118.65,9833855.75,9837706.11,9583708.47,9162618.4,9637988.46,9911102.4,9714443.53,9281245.31,8705146.36,8037894.03,2021-02-08
2231,7486984.89,7114227.98,6913613.22,6819008.18,6920344.35,7283968.64,7687160.82,8222148.86,8724023.62,8980362.71,9314437.96,9617254.84,9583276.61,9619311.6,9787303.28,9713718.32,9540593.89,9164091.29,9656991.26,9947475.38,9711784.77,9285507.39,8688284.05,7987843.69,2021-02-09
2232,7526631.78,7251993.45,7054939.5,6985437.44,7085657.83,7338843.45,7645659.28,8159967.33,8618083.73,8886384.22,9195914.31,9510421.41,9503536.5,9549679.99,9637897.41,9601790.01,9416417.78,9075148.06,9563717.53,9861511.67,9673089.43,9244143.2,8627908.09,7966430.73,2021-02-10
2233,7512359.8,7243702.1,7061214.07,6988437.59,7072548.37,7353566.33,7637291.02,8152404.16,8643020.44,8957373.08,9271315.17,9552915.97,9538371.26,9563408.41,9697826.89,9666624.78,9449211.58,9130905.58,9637028.46,9981994.57,9776060.41,9363039.91,8784202.96,8104020.71,2021-02-11
2234,7608770.18,7303937.65,7113746.9,7001593.05,7101275.57,7341536.63,7619615.14,8161444.91,8690970.39,8872128.3,9199003.78,9545352.97,9479237.29,9552648.5,9725342.6,9681070.65,9475749.34,9205038.16,9661015.68,9906167.9,9672525.02,9261865.21,8731514.41,8143786.51,2021-02-12
2235,7680957.32,7379147.32,7205459.15,7090737.2,7112745.16,7210091.49,7289373.41,7705501.03,8286095.47,8617042.14,8956646.66,9174884.69,9157119.89,9025078.15,8910779.49,8806962.7,8610921.93,8481375.21,9100165.4,9384742.7,9139774.26,8709256.15,8203521.54,7720067.57,2021-02-13
2236,7267896.35,6996385.07,6791929.47,6663944.36,6646807.42,6602369.36,6404955.67,6604714.72,6966379.44,7294597.21,7592675.53,7840578.52,7994029.43,7953318.46,7868876.45,7716459.29,7617382.37,7504305.85,8322697.96,8764072.56,8667332.66,8394412.86,7897704.81,7371299.24,2021-02-14
2237,7125942.72,6883487.87,6722516.37,6629253.56,6735156.18,7051020.89,7406310.82,7940327.13,8459739.58,8731097.47,9049598.11,9336498.48,9481176.2,9506195.28,9605482.09,9553612.35,9321129.73,8982038.65,9529776.67,9859033.05,9671676.04,9238742.64,8623843.05,7952229.25,2021-02-15
2238,7519986.12,7211806.74,7021455.68,6947434.54,7034465.15,7280541.13,7586455.75,8106083.88,8569699.28,8859413.93,9217690.61,9503655.17,9458371.59,9535474.3,9669003.5,9611891.6,9367815.92,9030172.28,9565485.55,9832330.41,9646955.72,9220397.9,8602061.99,7918395.29,2021-02-16
2239,7446008.03,7128031.84,6957189.28,6848824.27,6947612.74,7233653.03,7560440.15,8048336.54,8509264.43,8786439.79,9105967.75,9387828.58,9395273.41,9450201.07,9571378.58,9570561.89,9368949.93,9057481.64,9579996.28,9844086.56,9649526.76,9222136.69,8632950.74,7946030.91,2021-02-17
2240,7493148.61,7218168.8,7001619.06,6914929.21,7001667.04,7290933.25,7590256.25,8099035.68,8609266.9,8910849.02,9236632.34,9557350.21,9557903.59,9563556.96,9693356.3,9696302.03,9541361.78,9257939.3,9725147.74,9951358.9,9690022.28,9278491.89,8680855.2,7999104.5,2021-02-18
2241,7512765.0,7228197.71,7071211.13,6995212.25,7092366.21,7348403.08,7641126.68,8162836.84,8660689.34,8967131.52,9256806.82,9521069.85,9528583.3,9526829.25,9566469.58,9572272.12,9392765.97,9034162.54,9507933.58,9833812.1,9615151.59,9198330.27,8701142.84,8081283.73,2021-02-19
2242,7626792.98,7325184.96,7162313.61,7050134.89,7058614.74,7202160.5,7275975.61,7747204.15,8210210.35,8552066.68,8932627.47,9183410.77,9154182.03,9022057.86,8926352.43,8789821.08,8633790.46,8497568.85,9122685.77,9454656.85,9182097.3,8755811.72,8251973.43,7734495.47,2021-02-20
2243,7324400.02,7024272.95,6796533.87,6646473.45,6603647.89,6575552.37,6382753.44,6585828.07,6934789.62,7285144.54,7578142.78,7862500.19,8002890.39,7968479.6,7856623.14,7743734.37,7624913.17,7601961.62,8342335.7,8773208.56,8695957.57,8448157.04,7982627.37,7504322.11,2021-02-21
2244,7156740.38,6889717.79,6731332.55,6652362.34,6758491.71,7082062.21,7444270.8,7973311.41,8520122.81,8845676.24,9194260.47,9506393.21,9510505.6,9451816.92,9606560.06,9541839.84,9362207.22,9018375.57,9478249.95,9737721.27,9537602.03,9125190.05,8579950.9,7916956.73,2021-02-22
2245,7470224.71,7212830.05,7046539.36,6943166.6,7058271.68,7341866.65,7625719.94,8194754.36,8684243.12,8971636.73,9317826.05,9638678.97,9584894.66,9607489.77,9693632.18,9681158.39,9465676.46,9160246.54,9662849.0,9994850.57,9775716.67,9338772.33,8731861.52,8074707.78,2021-02-23
2246,7611342.15,7323035.39,7148278.99,7058006.31,7157577.93,7453100.11,7746107.45,8255233.84,8728816.5,9040754.09,9367898.62,9631831.23,9641949.38,9670500.7,9791033.62,9796657.84,9624369.49,9276377.41,9788586.77,10042042.68,9819220.69,9419604.65,8786263.85,8143261.12,2021-02-24
2247,7656154.22,7403181.9,7262006.38,7177096.24,7278975.7,7569498.75,7829384.1,8344933.48,8853002.91,9188064.35,9572151.87,9916985.7,9771543.98,9696300.89,9814812.69,9739539.76,9528463.0,9247159.05,9700042.93,10019077.67,9769133.49,9337853.95,8814841.71,8156378.14,2021-02-25
2248,7683252.07,7400821.43,7231137.68,7134043.79,7258109.31,7549143.53,7793137.4,8362924.36,8827854.38,9138168.96,9488081.24,9739550.03,9739778.39,9746639.95,9891111.01,9793746.75,9557980.75,9239177.34,9733869.94,9936294.54,9680019.49,9279670.4,8770474.96,8175767.94,2021-02-26
2249,7527882.39,7182895.17,6998660.03,6852153.6,6891641.6,7043082.99,7151040.63,7710978.76,8226023.39,8578878.9,8919345.18,9088979.07,9078336.72,8982638.04,8837548.65,8568121.57,8392939.48,8292614.28,9067128.42,9309648.78,9008454.22,8568912.13,8016912.22,7488216.59,2021-02-27
2250,7135098.92,6839281.58,6645922.92,6543574.47,6524242.5,6497538.41,6405249.59,6673957.55,7025244.85,7314714.52,7545889.87,7774625.23,7876313.59,7826578.38,7708283.92,7378980.23,7242645.31,7257726.41,8180586.48,8568683.26,8402589.23,8179443.25,7734180.03,7227314.92,2021-02-28
2251,7052228.27,6817619.6,6668654.94,6622252.8,6659393.46,7029023.41,7338557.36,7771075.18,8230960.94,8522423.69,8810462.9,9104092.62,9140770.05,9151213.01,9268191.17,9261032.91,9016585.24,8716686.92,9250881.87,9479427.81,9209809.41,8768148.91,8159031.3,7696567.24,2021-03-01
2252,7145458.86,6787211.46,6606759.97,6475810.49,6586486.16,6861567.79,7113873.55,7684499.67,8162939.62,8418462.86,8711346.36,8940452.92,8952056.54,8928947.81,9096445.57,9034658.61,8843716.6,8562310.44,9120021.59,9389258.36,9136944.03,8692067.82,8033054.9,7320337.99,2021-03-02
2253,6919308.45,6664067.94,6539410.44,6471996.12,6575604.34,6855153.67,7154050.48,7673191.41,8125669.27,8356973.74,8638160.17,8931242.56,8891537.65,8955275.79,9021224.06,9044213.01,8854366.21,8565363.08,9129928.21,9414513.73,9235674.25,8797216.87,8200727.17,7568901.42,2021-03-03
2254,7080664.42,6886877.92,6814960.96,6711730.1,6782570.43,6993800.6,7243344.14,7773718.57,8234049.02,8509721.06,8902314.82,9201420.65,9211204.25,9234024.38,9357392.19,9312911.1,9116048.99,8781518.9,9207788.68,9485110.77,9373474.5,8857923.75,8318271.44,7661879.21,2021-03-04
2255,7417781.19,6988616.08,6726004.59,6679881.76,6697384.12,7002285.56,7240120.34,7789571.59,8504622.11,8345946.0,8855844.77,9104010.62,9067136.53,9110633.07,9234775.11,9194510.85,8998068.8,8738920.81,9262123.81,9514407.69,9227220.12,8789588.77,8325917.3,7733870.52,2021-03-05
2256,7223152.11,6909420.59,6702450.15,6614674.35,6665501.0,6827669.8,6871746.35,7346783.83,7942036.09,8321834.34,8631798.05,8873904.88,8843621.78,8675498.89,8454888.85,8449612.7,8291536.18,8171811.6,9145550.67,9455409.49,9183844.47,8665920.98,8089802.54,7524567.76,2021-03-06
2257,7086322.03,6819676.89,6587455.79,6494323.37,6411418.75,6334655.88,6182623.66,6560422.49,6960802.97,7317779.01,7598323.26,7874301.5,7972080.08,7981958.16,7880700.07,7746387.51,7626445.35,7643140.62,8425446.63,8811607.61,8730311.06,8456785.96,8073219.33,7340537.0,2021-03-07
2258,6880642.79,6570805.2,6403466.01,6356986.65,6457637.98,6755566.8,7100372.48,7636275.32,8137477.33,8438946.78,8764001.96,8998389.04,8895995.68,8951219.45,9056634.57,9036582.1,8828264.49,8569624.5,9125108.58,9370890.6,9166820.46,8784787.3,8227664.65,7551917.08,2021-03-08
2259,7167938.82,6883176.51,6657522.69,6604288.36,6686969.49,6980888.73,7217513.42,7726780.03,8187450.57,8477971.51,8839977.46,9132715.66,9139925.65,9158099.08,9290440.78,9145883.16,8962766.45,8721191.33,9195951.72,9529261.36,9454980.01,8908467.04,8236741.82,7654607.44,2021-03-09
2260,7118359.97,6842539.23,6658326.67,6545501.68,6685872.49,6988231.7,7287283.21,7823671.3,8323227.31,8600466.12,8953311.67,9164797.81,9135706.95,9189215.37,9274996.36,9243914.93,9153525.51,8877705.6,9349937.77,9631565.37,9414513.54,8838546.1,8208999.07,7571456.82,2021-03-10
2261,7117011.69,6831186.89,6647223.15,6585792.14,6721490.45,6995757.84,7429619.87,7997339.99,8484463.16,8764077.52,9021928.19,9279073.81,9254346.1,9281372.21,9347540.61,9299987.83,9168289.15,8933493.45,9424936.58,9644987.92,9494951.04,9003465.92,8540132.11,7726035.7,2021-03-11
2262,7370891.85,7095016.14,6880866.76,6831926.78,6947071.84,7194739.06,7465979.27,7986601.92,8428403.45,8716959.09,9013844.11,9322261.05,9277957.74,9303091.87,9370013.15,9347771.99,9134802.46,8865710.87,9358650.88,9574536.73,9342842.77,8950093.06,8409210.76,7850726.46,2021-03-12
2263,7285183.95,7019785.08,6833243.54,6752216.61,6759391.74,6865225.97,6937147.05,7447391.93,7987713.7,8316983.02,8622026.26,8832089.88,8792278.22,8700621.05,8575064.15,8484965.89,8337088.79,8257914.26,9066257.87,9288071.42,8850980.95,8342550.12,7761565.73,7295581.39,2021-03-13
2264,6928281.56,6652477.97,6442620.05,6307157.63,6246737.53,6168302.06,6057403.55,6376065.42,6793286.39,7175750.38,7468680.29,7734949.71,7892611.04,7880588.76,7725626.69,7660375.83,7544719.43,7517084.82,8298542.04,8767272.8,8664942.48,8102559.23,7718603.66,7214329.72,2021-03-14
2265,6875425.83,6643101.37,6473630.0,6435761.37,6580573.91,6858768.06,7185644.97,7807991.64,8362282.25,8582233.01,8948484.5,9210189.0,9215078.0,9266548.36,9291136.4,9271796.15,9149478.43,8894397.73,9483310.96,9764047.87,9538217.36,9102373.7,8263868.89,7611037.54,2021-03-15
2266,7193102.24,6937810.08,6742355.86,6672171.82,6775471.29,7086625.16,7375158.37,7878235.18,8364888.0,8597107.35,8901404.92,9161997.77,9101352.5,9113224.51,9246350.16,9098146.42,8894154.17,8651063.2,9248032.69,9519769.27,9264056.88,8805060.23,8206891.69,7570759.29,2021-03-16
2267,7124919.55,6882919.55,6713649.76,6650907.16,6744532.68,7073287.46,7329072.45,7841937.15,8282020.9,8587574.88,8818728.12,9124289.65,9166751.95,9184914.24,9317342.22,9291377.78,9130321.38,8880036.49,9523605.76,9860079.93,9671851.89,8984852.71,8313951.52,7653371.93,2021-03-17
2268,7204623.21,6892781.98,6737170.72,6681011.79,6786503.6,7085793.0,7362284.55,7885462.44,8364673.78,8651389.32,8954208.44,9250509.14,9262646.56,9213861.08,9295566.17,9199017.81,9007526.59,8784468.54,9504248.69,9738479.84,9489355.25,9049688.64,8274718.28,7631848.71,2021-03-18
2269,7175427.46,6948237.41,6774958.16,6685891.85,6811052.49,7115809.76,7391997.84,7960064.62,8424977.0,8747962.02,9051686.05,9375974.49,9335063.98,9297070.02,9382010.61,9192387.28,9066866.57,8809219.09,9502246.96,9798481.75,9470246.64,8982765.84,8366308.43,7768209.89,2021-03-19
2270,7374194.57,7025601.9,6846935.06,6750877.21,6761429.07,6870917.31,6938077.62,7415916.32,7936801.14,8274610.79,8573693.99,8807842.71,8801133.68,8694039.57,8504378.77,8397132.82,8241364.0,8147336.69,9111211.97,9389158.81,9118488.68,8664929.35,7858581.47,7443854.16,2021-03-20
2271,7112529.47,6923907.15,6732399.87,6572425.67,6577956.67,6512193.83,6267005.02,6677697.99,7018531.11,7173077.22,7478614.71,7721032.78,7831328.47,7800162.03,7717341.9,7647308.73,7542628.05,7493451.81,8460935.97,8783039.82,8654793.79,8113664.96,7697582.79,7239230.97,2021-03-21
2272,7044422.36,6825067.83,6701475.31,6580257.78,6566597.55,6541320.97,6428304.95,6715911.45,7142169.51,7491046.72,7836785.64,8107710.35,8240766.83,8183655.69,8014556.93,7914552.12,7816649.82,7813460.58,8445146.02,8708148.24,8526135.63,8159310.45,7699485.9,7181155.13,2021-03-22
2273,6828172.04,6588438.79,6480959.41,6448191.42,6589488.01,6893140.57,7183034.96,7782757.15,8219480.11,8614780.6,9015197.06,9261981.96,9285472.68,9367164.98,9511093.55,9470413.78,9328694.56,9065721.14,9628943.66,9866445.96,9602395.51,9176647.19,8506092.73,7819356.53,2021-03-23
2274,7457721.82,7167617.39,6976618.09,6953950.6,7044987.16,7246345.44,7659034.27,8176829.36,8683419.32,8962595.5,9225673.0,9543387.76,9515824.87,9545290.14,9654101.61,9629128.84,9409971.53,9125699.12,9612734.69,9829296.38,9604491.45,9158662.58,8361300.62,7734577.79,2021-03-24
2275,7323964.17,7031002.61,6859760.67,6806405.44,6931872.84,7157908.75,7442901.95,7980297.99,8533859.68,8950869.8,9364050.54,9599226.61,9603995.82,9617630.22,9783304.34,9729512.39,9525378.02,9209417.28,9732561.42,9999036.05,9816464.76,9344347.25,8591760.31,7884388.28,2021-03-25
2276,7317801.74,7032148.17,6841450.71,6752652.08,6831432.6,7012185.15,7258038.87,7863128.06,8363518.84,8778736.45,9015298.9,9260773.74,9387703.07,9433462.42,9485228.33,9429616.3,9110561.1,8951010.47,9573768.81,9756611.45,9529014.83,9004700.24,8416290.93,7768800.75,2021-03-26
2277,7294960.51,6998155.24,6834264.78,6759014.47,6832561.03,6950885.18,7030114.31,7638737.74,8200018.66,8553739.99,8840565.36,8994591.34,9015619.91,8874648.09,8732081.64,8626999.52,8436573.7,8348582.6,9062064.47,9312111.9,9082980.19,8778682.33,8141573.23,7554641.4,2021-03-27
2278,7019040.49,6704687.07,6597620.73,6553639.61,6563178.25,6490441.03,6201865.43,6508876.02,6957877.1,7332140.3,7626004.57,7914926.22,8046759.13,8016354.66,7919357.23,7739389.85,7603961.84,7610427.27,8355408.14,8753528.35,8636730.23,8322239.55,7846162.14,7369041.04,2021-03-28
2279,6911720.27,6749203.39,6844301.54,6800755.19,6636083.17,6832875.75,7051061.5,7746193.53,8359387.52,8876103.73,9353790.73,9678974.28,9665397.09,9620858.03,9657435.87,9619098.37,9427321.42,9195478.0,9689439.41,9972032.51,9763750.59,9258258.39,8582572.35,7856741.36,2021-03-29
2280,7286734.85,6975334.33,6799468.96,6775043.08,6891812.27,7119428.51,7275725.65,7872815.36,8467863.67,8802950.01,9152027.98,9392306.63,9399876.79,9452353.31,9533530.02,9475151.44,9239893.6,8974521.35,9737458.5,9918000.61,9702545.39,9281145.39,8569568.0,7917607.09,2021-03-30
2281,7354505.05,7050958.02,6877360.65,6762406.38,6818283.73,7010330.57,7141462.88,7862251.84,8433394.36,8717687.71,8967961.66,9224203.13,9222308.62,9193968.48,9189087.86,9084521.92,8811296.5,8553802.09,9221447.73,9466046.24,9229636.96,8791946.14,8190453.47,7571292.24,2021-03-31
2282,7121546.66,6792210.97,6606371.63,6485830.07,6414893.22,6357405.29,6181698.43,6572173.79,6892111.07,7205586.02,7525925.13,7828794.48,7938997.95,7934268.18,7807098.13,7660393.58,7450083.77,7410684.32,8292769.53,8629245.5,8426989.3,8031716.95,7596913.22,7151355.44,2021-04-01
2283,6713560.63,6408114.75,6199569.96,6075349.45,6020764.3,5977443.83,5783128.57,6023528.09,6345797.54,6634688.0,6873044.39,7096107.31,7282152.8,7231656.49,7124345.44,6995486.84,6859865.63,6895763.55,7584071.84,7883333.41,7798540.96,7540961.76,7161450.4,6781562.53,2021-04-02
2284,6388828.64,6090945.36,5956021.86,5857775.52,5848209.03,5962125.26,5980828.86,6456351.24,6951688.67,7407400.26,7726712.36,7962372.04,8014738.6,7972939.5,7910578.27,7811866.1,7630514.85,7583150.23,8310825.49,8552451.14,8363180.9,8048709.85,7583213.67,7160493.16,2021-04-03
2285,6632976.72,6309651.53,6094454.36,5938442.1,5894731.44,5891261.26,5817720.87,6231531.04,6636286.13,6997097.29,7283154.18,7555011.42,7692372.5,7704613.55,7646012.99,7530323.05,7385796.3,7316920.54,8131417.05,8517590.12,8346878.4,8064058.64,7684750.44,7233350.04,2021-04-04
2286,6892960.36,6707946.39,6551034.29,6488993.31,6618108.72,6926786.26,7222235.52,7843307.15,8392860.91,8819843.49,9211796.34,9557184.51,9616809.26,9504786.8,9436454.67,9345976.77,9172979.04,8870261.08,9532753.45,9767605.51,9432171.59,8924473.27,8339579.86,7747262.61,2021-04-05
2287,7353706.01,7116920.01,6960092.52,6894307.23,6997989.57,7239194.27,7522067.59,8013337.52,8466540.15,8732133.81,9058669.36,9310517.49,9300249.6,9333476.62,9386324.14,9330311.98,9115382.4,8857834.52,9574372.77,9896654.12,9632207.01,9075357.76,8506948.75,7865859.43,2021-04-06
2288,7194106.95,6915595.73,6759178.5,6702805.83,6819780.22,7046617.65,7362915.21,7982297.41,8417015.75,8594760.14,8877063.47,9126413.51,9058310.18,9026075.26,9143843.46,9109616.9,8957258.41,8704432.76,9553642.72,9797031.51,9482170.08,8893301.04,8266287.41,7635682.22,2021-04-07
2289,7260857.74,6982798.73,6823201.68,6762985.54,6860113.53,7106448.05,7405186.2,8042548.75,8635389.08,8941817.23,9232336.13,9503693.91,9490068.99,9525657.26,9629198.19,9543126.05,9316914.81,9061840.47,9634161.74,9785380.53,9525861.09,9157768.07,8570530.91,7850558.6,2021-04-08
2290,7325585.9,7005969.72,6865737.56,6791014.7,6864609.84,7110188.97,7383368.63,8005479.49,8484390.76,8722353.84,9073459.88,9350001.22,9290778.25,9204572.58,9257884.66,9193638.29,9022356.19,8864972.32,9439831.9,9601599.95,9402196.15,9007240.86,8329133.84,7740157.25,2021-04-09
2291,7362163.27,7083359.26,6891954.96,6813787.49,6842889.93,6886157.09,6938425.6,7448108.28,8004228.87,8375434.89,8711612.59,8946433.87,8974997.47,8901929.09,8690252.95,8547986.99,8388186.58,8290370.46,9005559.39,9226565.43,8960121.03,8537331.04,8005349.15,7489976.56,2021-04-10
2292,7283270.75,7021263.63,6818128.03,6678660.27,6595537.8,6480765.44,6268455.93,6566103.13,6963871.88,7349534.16,7678924.76,7968079.47,8209211.86,8231690.23,8131364.19,8053131.06,7939591.18,7903991.55,8716121.38,9093357.24,8971161.96,8692857.16,8260841.37,7735418.11,2021-04-11
2293,7052012.94,6771800.58,6590960.39,6541010.52,6633818.24,6876769.25,7192897.31,7881627.4,8411909.43,8754096.46,9064338.1,9350387.24,9364613.98,9384326.77,9477525.55,9407704.59,9111192.43,8809851.69,9503903.56,9768317.09,9564444.91,9065653.69,8450589.69,7797281.75,2021-04-12
2294,7301953.27,6919427.64,6730204.22,6673091.31,6805354.17,7186747.55,7478888.16,8130317.39,8746889.38,9100204.17,9444220.8,9597634.29,9597022.46,9668638.85,9652306.53,9534970.86,9307840.5,8901975.04,9609925.78,9892458.62,9714728.65,9290142.67,8587178.74,7904370.53,2021-04-13
2295,7253884.31,7103231.31,6987719.34,6979811.5,7071142.82,7062047.0,7292292.35,8023681.13,8506032.06,8805623.66,9112139.67,9396833.56,9389626.9,9393759.78,9530089.58,9466736.55,9225878.08,8921088.81,9593096.65,9821648.06,9592094.7,9198221.07,8571297.64,7656010.26,2021-04-14
2296,7142269.82,6852626.43,6699963.17,6641182.48,6760176.95,7004171.94,7291012.68,7913993.06,8560285.13,8847510.55,9141534.14,9421721.17,9388593.94,9358603.47,9362945.47,9352759.37,9172009.63,8900320.81,9603643.79,9693098.48,9492316.04,9069601.89,8456378.78,7802428.57,2021-04-15
2297,7494944.48,7218325.31,6849740.66,6779643.73,6819862.85,6934498.33,7353373.83,7944407.3,8463814.07,8800415.91,9103429.12,9435394.87,9455560.15,9419641.95,9409329.84,9329677.22,9066182.59,8828826.16,9495287.1,9760649.06,9521559.77,9035132.53,8506794.68,7880943.2,2021-04-16
2298,7259314.12,6959310.59,6775231.66,6684862.53,6721478.82,6753418.26,6945497.89,7643469.55,8193440.66,8531005.87,8845181.0,9122837.38,9094287.92,9066477.61,8908558.36,8782395.6,8626761.92,8585452.19,9222915.69,9444831.86,9201490.34,8807391.01,8262313.98,7683073.14,2021-04-17
2299,7260766.36,6816154.98,6573482.22,6348415.78,6292964.75,6141871.67,5943988.14,6302483.01,6888045.15,7255908.36,7548055.5,7733351.86,7845989.88,7807960.18,7666638.87,7581571.27,7492880.8,7538849.58,8444538.5,8746658.68,8592742.18,8316515.83,7876034.1,7399875.57,2021-04-18
2300,6798477.88,6554347.91,6387848.81,6348855.37,6493954.98,6740041.75,7098869.43,7786566.5,8476466.44,8732170.52,9167870.59,9623331.55,9668450.61,9548351.93,9524555.51,9469861.37,9305250.83,8941051.72,9598160.45,9801470.12,9571561.62,9096163.8,8439662.29,7792330.29,2021-04-19
2301,7659214.23,7423775.51,7259502.23,7173064.09,7265212.78,7444761.25,7752907.03,8298047.19,8789547.25,9170375.37,9504044.82,9784572.36,9722996.88,9687644.3,9626048.41,9576384.84,9364175.9,9069692.57,9761970.38,9894405.64,9548461.66,9064227.87,8420372.91,7800116.63,2021-04-20
2302,7323681.41,7072194.63,6894759.88,6790769.45,6913497.84,7089083.06,7414061.8,8011472.06,8564052.53,8859607.19,9193602.34,9446824.01,9435268.73,9396098.76,9355681.62,9324285.89,9185830.9,8902204.96,9451613.37,9746264.88,9548639.35,9135772.57,8445278.91,7774363.67,2021-04-21
2303,7332633.69,7108615.4,6922276.1,6818038.79,6926603.44,7069448.06,7414334.4,8054108.12,8536641.14,8863994.65,9227960.36,9462282.42,9479057.2,9548365.15,9654250.61,9610266.26,9324860.0,9039110.17,9519359.98,9762024.95,9510174.28,9123710.58,8526723.75,7917484.98,2021-04-22
2304,7356888.55,7062120.8,6845164.01,6814958.92,6946888.49,7026250.63,7271621.12,7925221.47,8412783.22,8729362.67,9037708.52,9290773.84,9344391.96,9322191.71,9402903.71,9349459.45,9117302.45,8773706.57,9342823.47,9659389.55,9448208.33,9072941.2,8555770.88,7994579.81,2021-04-23
2305,7499104.43,7105531.18,6895655.87,6824657.21,6910819.73,6905669.0,6994963.83,7707885.82,8290002.29,8695418.57,9036916.67,9283617.64,9310628.6,9235189.57,9112165.82,9009466.09,8834601.9,8562331.37,9012997.12,9256240.12,8973197.44,8560678.36,8037980.76,7513894.4,2021-04-24
2306,7102770.55,6842934.94,6656052.11,6478426.17,6393234.66,6309596.34,6163299.45,6425867.58,7069942.1,7461179.18,7790671.46,8040052.31,8230126.51,8230002.19,8127852.33,8001654.63,7874253.18,7615622.53,8439150.08,8805194.39,8640473.97,8354249.57,7903552.97,7399238.01,2021-04-25
2307,7009461.64,6780595.25,6648033.94,6573004.85,6676887.02,6888806.09,7202619.26,7917884.9,8467744.28,8851204.73,9190663.23,9509703.49,9499278.18,9506279.52,9548280.47,9486774.8,9226465.3,8880494.62,9499498.4,9636738.04,9420886.97,8991254.02,8353030.85,7728795.72,2021-04-26
2308,7201634.29,6987114.42,6813233.58,6735752.98,6858815.31,7073069.94,7361443.63,8016180.7,8559183.22,8845623.38,9113299.42,9352155.37,9352240.26,9336226.41,9287438.53,9199865.39,8987643.22,8722966.93,9334686.5,9446610.98,9214600.25,8703515.48,8067063.08,7471871.26,2021-04-27
2309,6953590.88,6700635.99,6553530.44,6502980.54,6610111.24,6773454.49,7065540.17,7704761.8,8183303.36,8416241.68,8674892.5,8944414.46,8936629.25,8879839.58,8718945.42,8572337.85,8311206.72,8145584.27,9022508.67,9205236.54,8754889.99,8268460.91,7662168.2,7096343.67,2021-04-28
2310,6661777.43,6449059.29,6353123.51,6328745.57,6432490.63,6651728.68,7001118.18,7609777.99,8091082.47,8371630.19,8659319.36,8933892.71,8924103.14,8905014.24,8932787.05,8817762.68,8617427.17,8414057.61,8957574.4,9108715.78,8880217.61,8432118.31,7885069.9,7322022.44,2021-04-29
2311,6902230.95,6691516.53,6543909.93,6453372.4,6549320.89,6686725.66,6868736.26,7444552.38,7880464.97,8095992.47,8401091.93,8697360.25,8679752.11,8497611.98,8409607.17,8324636.18,8189613.34,8007568.67,8586109.34,8797528.24,8590749.01,8253495.82,7809917.47,7425481.07,2021-04-30
2312,6997825.74,6718691.61,6531288.73,6433356.37,6427629.55,6310307.43,6266270.54,6638793.15,7044641.61,7377140.4,7685678.64,7921039.94,8012216.97,8028837.89,7898063.9,7772641.82,7626979.16,7557741.48,8552793.32,8882052.51,8615402.4,8124271.14,7629573.0,7178477.03,2021-05-01
2313,6789595.75,6542226.89,6361604.52,6228032.41,6130298.89,6008278.43,5859465.22,6184087.26,6580522.27,6923626.8,7191512.91,7486456.85,7690798.51,7760225.44,7672074.07,7542920.05,7411487.11,7463482.46,8214102.74,8342350.33,8283283.43,7966578.66,7515165.04,7020584.17,2021-05-02
2314,6649170.49,6489770.74,6343096.81,6292602.02,6392175.86,6594024.78,6890196.62,7484121.35,7932068.91,8199674.84,8452109.45,8767866.03,8814806.6,8778091.32,8712303.46,8480739.86,8267859.32,8149885.21,8958714.23,9163314.19,8824747.94,8303602.04,7691780.88,7159042.96,2021-05-03
2315,6877655.16,6603736.95,6511713.79,6442958.49,6568895.77,6728018.96,7034926.93,7643259.4,8022169.49,8208450.37,8512913.3,8756718.48,8755977.02,8763878.08,8783691.58,8683850.55,8439848.24,8191620.18,8913574.81,9174466.94,8938381.49,8504941.91,7881038.86,7303501.26,2021-05-04
2316,6698913.33,6428146.02,6367441.61,6298641.3,6342214.11,6439636.15,6747090.74,7411856.74,7862468.48,8130789.87,8422617.62,8791065.65,8799291.39,8663476.95,8584051.02,8413548.56,8131944.15,7903823.95,8753897.33,9012519.59,8772619.95,8254760.51,7642934.68,7085822.93,2021-05-05
2317,6798122.76,6532997.27,6374125.12,6329505.59,6442526.59,6594305.73,6963450.87,7585863.37,7933805.48,8400985.54,8680692.11,8972764.27,8943141.36,8870124.69,8882666.96,8713891.84,8413063.25,8248741.99,8902810.4,9070786.5,8782002.19,8346468.52,7826804.18,7227048.55,2021-05-06
2318,6808430.45,6581215.56,6408234.83,6328003.07,6403170.31,6567318.46,6899361.63,7536455.45,8046367.81,8350308.58,8667315.42,8968359.44,8999923.52,8952574.63,8953914.97,8840350.89,8587843.72,8332593.72,8971609.64,9185473.6,8989556.32,8603188.39,8007374.33,7482292.94,2021-05-07
2319,6819787.73,6577496.72,6498824.21,6443505.67,6472656.5,6438731.41,6560183.53,7031831.12,7575365.07,7915848.82,8214959.1,8470482.01,8507694.45,8391894.51,8200735.6,8033402.85,7842504.42,7818753.91,8707743.97,8816503.0,8601963.29,8242569.59,7623239.7,7154746.34,2021-05-08
2320,6701661.11,6403028.24,6203436.89,6154399.93,6163526.57,6076868.92,5984703.84,6326123.24,6635258.49,6963344.37,7208934.63,7445412.24,7551563.18,7498671.63,7334747.71,7220358.26,7113619.63,7117473.92,8066983.18,8397839.9,8289439.92,8020137.06,7488689.89,7024276.38,2021-05-09
2321,6802980.1,6577918.58,6391188.42,6357443.39,6458065.01,6625955.36,6970637.48,7628119.55,8029701.46,8303212.0,8591407.19,8900895.22,8949086.26,8920728.67,8894754.52,8727726.87,8573701.47,8404592.78,9156919.78,9398669.06,9169803.01,8753931.8,8122958.98,7510266.03,2021-05-10
2322,7095760.64,6840687.33,6648700.64,6593067.96,6692597.17,6837612.44,7198843.3,7824375.04,8354016.16,8693798.17,9006734.68,9286154.39,9295405.41,9285446.68,9296186.0,9207270.17,9032590.74,8744696.24,9341253.18,9590372.97,9360655.84,8972942.11,8325985.01,7720943.53,2021-05-11
2323,7235803.57,6950239.08,6778074.83,6728703.01,6794449.05,6913016.19,7255067.46,7853807.11,8377819.85,8643383.85,8861050.33,9155770.43,9104031.32,9076754.71,9044578.68,8982511.31,8854532.08,8630606.45,9310916.01,9568071.11,9369342.05,8943727.26,8366126.44,7725724.1,2021-05-12
2324,7267137.65,6943952.65,6792329.25,6713722.63,6843214.66,6994254.57,7388401.91,8038278.17,8584458.88,8907627.41,9229067.01,9409820.71,9373594.85,9360361.76,9422125.97,9334492.09,9193285.64,8883515.27,9468168.88,9721027.09,9519893.02,9098346.91,8439827.04,7811123.3,2021-05-13
2325,7359425.88,7105633.31,6928780.03,6861582.41,6957453.57,7074558.84,7396055.89,8071985.89,8635808.31,8960060.09,9257875.04,9584501.49,9620289.37,9575426.6,9616452.91,9574937.88,9304689.53,9001320.45,9586787.33,9811418.13,9603970.53,9202528.81,8661452.66,8071573.83,2021-05-14
2326,7585369.4,7287200.75,7099773.94,6996679.08,7031687.75,7037014.97,7149719.64,7737233.95,8317606.19,8672836.39,8991439.17,9223625.6,9213913.79,9074438.19,8915814.93,8795150.57,8579601.88,8476401.74,9128141.06,9264338.48,9047252.24,8663923.29,8121874.04,7651937.63,2021-05-15
2327,7272167.14,6981573.27,6776379.89,6638265.36,6554568.17,6404545.76,6290771.57,6648430.9,7075061.43,7423064.6,7681552.44,7919328.99,8099767.68,8055611.39,7934301.14,7819588.11,7678306.1,7596272.22,8364605.7,8700993.22,8569376.01,8278939.83,7857334.14,7392174.36,2021-05-16
2328,7019333.52,6720090.04,6547734.69,6448098.77,6443499.79,6412005.93,6337434.56,6683142.73,7133559.77,7506532.87,7855534.98,8116605.91,8230520.87,8165744.49,8022390.9,7893434.17,7775560.26,7809647.95,8597350.97,8850993.24,8691700.22,8336391.52,7837443.55,7359238.69,2021-05-17
2329,6962383.39,6740681.62,6578081.88,6492120.19,6569408.98,6743552.32,7128242.38,7760332.97,8243281.78,8494802.28,8732423.45,9121958.14,9087237.56,9103222.84,9126870.18,9060322.29,8870026.67,8627110.3,9241945.32,9525760.63,9300114.95,8856452.9,8186018.45,7552137.14,2021-05-18
2330,7124197.78,6877036.25,6711877.31,6633835.3,6723479.89,6849926.2,7212156.18,7867992.05,8385628.73,8736959.78,9036216.32,9342359.96,9340634.61,9355284.84,9392458.12,9297632.66,9016977.68,8710747.54,9314377.29,9706063.79,9471598.97,9019067.87,8389020.19,7768863.52,2021-05-19
2331,7327185.99,7056164.72,6891883.44,6814696.49,6924839.11,7065147.94,7430769.52,8085602.22,8592057.3,8951694.79,9267637.79,9572166.48,9582093.12,9610551.73,9637594.14,9552371.46,9302999.35,9036274.79,9641109.98,9941764.38,9696540.47,9303961.99,8661287.61,8029237.49,2021-05-20
2332,7537211.2,7253602.25,7067490.64,6996011.97,7079057.54,7192940.35,7560024.05,8224383.89,8787351.57,9110075.83,9460966.19,9743044.92,9729791.98,9637830.07,9687965.06,9614479.19,9355997.61,9046425.33,9643281.15,9912380.11,9670546.02,9253093.09,8685764.73,8106601.88,2021-05-21
2333,7665801.69,7366698.95,7139005.15,7038665.68,7074015.34,7101628.35,7250129.05,7819715.17,8398128.47,8763149.59,9046052.82,9235848.34,9237433.38,9028809.97,8957418.49,8828018.76,8622147.26,8515595.65,9220888.86,9472617.58,9231400.72,8817208.32,8317743.79,7844430.92,2021-05-22
2334,7384842.04,7112957.09,6900036.72,6766219.86,6686370.28,6503650.29,6379251.16,6678450.52,7017715.79,7398568.87,7699958.42,7907369.33,8024300.38,8018489.78,7906693.58,7767041.0,7636692.25,7629701.92,8466995.6,8839764.43,8729510.76,8435442.35,7990145.48,7542734.55,2021-05-23
2335,7177830.7,6916945.68,6765412.11,6692474.5,6797146.53,6965066.69,7366113.53,8046417.27,8648186.92,9021469.85,9351680.14,9599052.11,9632007.3,9623678.82,9612094.65,9541966.86,9315220.23,8978291.69,9541958.77,9852579.21,9655436.58,9197538.3,8524377.88,7886799.06,2021-05-24
2336,7477670.09,7175413.09,7028618.82,6951963.27,7027316.77,7182619.0,7526617.48,8154642.9,8654146.21,8985875.92,9329852.71,9638191.09,9629430.21,9558114.5,9568274.06,9477562.43,9290691.21,9014811.68,9609283.91,9866653.72,9650845.73,9232980.71,8554558.26,7937088.0,2021-05-25
2337,7478628.25,7204490.48,7001148.49,6963934.28,7062680.25,7181762.44,7511511.68,8203156.16,8717383.96,9041617.7,9376372.86,9652201.14,9690332.66,9640544.59,9650350.54,9527138.02,9317717.76,9060157.23,9656604.12,9957544.93,9691525.66,9255079.96,8691965.89,7969600.02,2021-05-26
2338,7525027.39,7260066.31,7096496.31,7002612.08,7118884.66,7252536.0,7579977.1,8227388.45,8759087.7,9038095.28,9321055.23,9612353.49,9590455.7,9553405.84,9486635.38,9482124.97,9226576.95,8941550.32,9581427.65,9840571.72,9562409.97,9096890.0,8493258.71,7870172.52,2021-05-27
2339,7363883.76,7051325.08,6900478.68,6859759.83,6987969.09,7120265.25,7453091.93,8075760.61,8617530.96,8918722.8,9227791.81,9465614.27,9453930.74,9396039.88,9355812.18,9221351.32,8961311.59,8758819.04,9305248.85,9576494.57,9280506.98,8901768.84,8325782.89,7758225.59,2021-05-28
2340,7315725.78,7056414.26,6859282.99,6763298.38,6815851.68,6878918.52,7016599.02,7571144.01,8116952.98,8487785.72,8756759.43,8943342.35,8943767.39,8804608.32,8664247.04,8555644.76,8374798.97,8311499.2,8943631.57,9176291.11,8963043.3,8508646.7,7943590.86,7477158.18,2021-05-29
2341,7111051.98,6834727.16,6579532.7,6502725.18,6456536.59,6365875.51,6249101.19,6629594.17,7031721.76,7364455.94,7668231.64,7907825.03,8000909.65,7958557.57,7824098.89,7696902.8,7572427.07,7545181.18,8263439.63,8671122.86,8571613.37,8292608.96,7868765.25,7393556.44,2021-05-30
2342,7029486.85,6829281.79,6663776.69,6607058.8,6714427.19,6867125.61,7221181.8,7863169.26,8484382.58,8822441.1,9131317.91,9430568.78,9449018.41,9473031.24,9505432.87,9436462.99,9202130.49,8958507.56,9467245.74,9800491.35,9565973.05,9141146.23,8489311.81,7818964.41,2021-05-31
2343,7436619.03,7177966.44,6989909.31,6946927.64,7041051.12,7182965.17,7440713.84,8040805.58,8527107.36,8776920.92,9081332.24,9339288.02,9353104.89,9325190.83,9380439.42,9295028.37,9112009.41,8893997.42,9413208.12,9699715.39,9500036.35,9074986.13,8418102.99,7849060.08,2021-06-01
2344,7385119.98,7136546.08,6942520.2,6871972.67,6966322.09,7169524.98,7517065.64,8184545.44,8653926.39,8887723.28,9165641.54,9444387.03,9485827.14,9483660.81,9442072.26,9329019.98,9161997.39,8933561.14,9489263.84,9726012.64,9490110.0,9084529.26,8422866.9,7771536.02,2021-06-02
2345,7355398.21,7069264.03,6893248.37,6863916.6,6993422.03,7155231.54,7497441.42,8087425.05,8613093.34,8954114.62,9341210.55,9656529.95,9605489.58,9627600.66,9750954.08,9762245.99,9570800.78,9294302.79,9808264.71,10054183.06,9813112.0,9415541.82,8808331.94,8111066.82,2021-06-03
2346,7603062.6,7336277.0,7170099.36,7059732.09,7167810.04,7309802.28,7597829.29,8265299.14,8798872.1,9053467.2,9388243.13,9681198.85,9690987.88,9638372.5,9693475.87,9618350.87,9380181.48,9092538.84,9552253.31,9841845.45,9659246.96,9222647.06,8644785.03,8113336.83,2021-06-04
2347,7612172.61,7320286.26,7167161.03,7041901.12,7090331.86,7094083.96,7262002.96,7828929.75,8388248.1,8744097.25,9061655.49,9309758.47,9286814.9,9143637.23,8975826.95,8848923.21,8697901.22,8630975.27,9217124.98,9480237.57,9249126.51,8824281.34,8351616.3,7835909.51,2021-06-05
2348,7414604.8,7115039.4,6907593.56,6796876.19,6740351.89,6580063.06,6407892.42,6737319.2,7081492.32,7436591.09,7692532.92,7921461.9,8000068.31,7916248.54,7833574.79,7735826.99,7659123.33,7737639.56,8440847.35,8771259.44,8636041.37,8338399.75,7898161.74,7436271.46,2021-06-06
2349,7090799.52,6805542.34,6640852.46,6557392.02,6508773.87,6459888.74,6382625.24,6770647.13,7199645.3,7545932.73,7851888.89,8166550.06,8273863.23,8175601.39,8010688.72,7893665.5,7794928.02,7828682.56,8561651.68,8908744.97,8748974.52,8360667.15,7839076.98,7327384.66,2021-06-07
2350,6966582.14,6719405.65,6576964.88,6550201.11,6692233.23,6916224.26,7297283.26,7920771.77,8432422.19,8741365.49,9034935.43,9336852.77,9330445.43,9283587.52,9301443.04,9293427.78,9065383.04,8891252.68,9435706.2,9646070.91,9409019.14,8963398.16,8287388.19,7687523.98,2021-06-08
2351,7273802.84,7037144.22,6859189.62,6791040.46,6934823.6,7101339.35,7374679.29,7994087.51,8452241.84,8724819.1,9005646.43,9266589.8,9204363.1,9112484.19,9087274.64,9062780.78,8941750.2,8735407.67,9264105.61,9540000.04,9279379.54,8786425.32,8138357.86,7568663.95,2021-06-09
2352,7166130.18,6892390.59,6744579.42,6694520.52,6835692.59,7058317.86,7391875.19,8010246.82,8513425.88,8789924.56,9103055.63,9423493.43,9415131.78,9449849.03,9538636.04,9495441.19,9323608.61,9048502.58,9537569.75,9895188.03,9674396.05,9197010.24,8542645.82,7926712.08,2021-06-10
2353,7470227.83,7218304.33,7053332.19,6977633.96,7105175.06,7278660.25,7602473.74,8249961.23,8772818.34,9106848.27,9497731.18,9786306.07,9705815.42,9660178.71,9743516.74,9781199.63,9539132.31,9270087.46,9712045.62,9954712.52,9722920.53,9321660.05,8730792.78,8180108.57,2021-06-11
2354,7674073.71,7343332.63,7174681.08,7062627.16,7101391.56,7119439.99,7239684.61,7783916.98,8302192.02,8693245.09,9026045.45,9258780.81,9193432.14,9026455.94,8895944.4,8790697.53,8695690.46,8614497.56,9211390.34,9462503.09,9176214.2,8741457.12,8174312.32,7632910.71,2021-06-12
2355,7246246.85,6941734.15,6730972.52,6606049.98,6557443.73,6446025.92,6338526.98,6641438.61,7043663.02,7422382.45,7679881.41,7888030.95,8047981.31,8032404.82,7880572.69,7782556.07,7671096.94,7722129.77,8520648.17,8868809.68,8704086.3,8362003.56,7964807.38,7496437.06,2021-06-13
2356,7101104.71,6860016.68,6660905.03,6543355.88,6545812.69,6517940.45,6444743.95,6825142.84,7286090.99,7671486.01,8004257.8,8290689.39,8373382.63,8337527.87,8163366.37,8021357.84,7928941.24,7924933.64,8598890.73,9013521.24,8877346.11,8478830.72,7961028.75,7475710.76,2021-06-14
2357,7129719.02,6875497.6,6722029.76,6658250.34,6784806.46,6957596.46,7287124.9,7911675.73,8446601.1,8814306.86,9161088.58,9457155.63,9506830.64,9521077.15,9580520.35,9535351.67,9346443.96,9015503.41,9443087.03,9826130.25,9615373.66,9175349.39,8549054.32,7914314.16,2021-06-15
2358,7440272.65,7147757.63,6989321.52,6899966.9,7029037.75,7159205.39,7454998.1,8102475.47,8592833.93,8936833.68,9287507.95,9526380.02,9531718.29,9542406.61,9580880.71,9560298.89,9402493.74,9086164.28,9530332.38,9982270.99,9794160.07,9363866.36,8731301.62,8100829.19,2021-06-16
2359,7620715.45,7350409.94,7185754.23,7120834.71,7231854.6,7361652.39,7672452.76,8293103.59,8848761.86,9199287.35,9457142.51,9767874.93,9765063.53,9802707.68,9927028.16,9935797.73,9796437.43,9538211.23,9929123.56,10181438.99,9939252.29,9460574.58,8735325.77,8166420.16,2021-06-17
2360,7730875.61,7470347.71,7287229.87,7177135.0,7198601.21,7364150.6,7634735.6,8267351.1,8787121.69,9068813.22,9426122.96,9692873.68,9662365.67,9647492.66,9720521.74,9656480.19,9439392.0,9187170.68,9673155.55,9965294.06,9710206.58,9291711.12,8757928.79,8137868.7,2021-06-18
2361,7614013.11,7293561.29,7096204.17,7009981.66,7042341.34,7073896.58,7263195.81,7845880.52,8457828.69,8834988.86,9146852.02,9396569.38,9395123.35,9256248.43,9096751.73,8895029.08,8801663.39,8681890.77,9254998.37,9619361.79,9415806.42,9024145.26,8507685.99,8010679.32,2021-06-19
2362,7567753.54,7206850.55,6982418.59,6891126.04,6838760.07,6700696.99,6566488.65,6860022.97,7249341.67,7613930.38,7895499.76,8141486.42,8243351.66,8175954.97,8029889.36,7948175.1,7823331.73,7882206.28,8581940.66,8916490.73,8802764.13,8435054.89,8057254.97,7610874.75,2021-06-20
2363,7219379.84,6961258.9,6803525.83,6730201.05,6836759.8,6986510.81,7267592.33,7941530.42,8526946.09,8859068.03,9202311.11,9474266.97,9546139.42,9552529.68,9652335.81,9631452.57,9435090.92,9153835.02,9602590.63,9977665.71,9785530.71,9318873.19,8706721.96,8036019.05,2021-06-21
2364,7559972.13,7280178.49,7075613.72,6995493.01,7060062.01,7235097.44,7527872.6,8171198.72,8691865.58,8969510.5,9291276.57,9606300.17,9567097.31,9549478.44,9650661.79,9618042.56,9386367.72,9057224.65,9553594.45,9936484.17,9702086.42,9243054.6,8569599.37,7909441.6,2021-06-22
2365,7469751.24,7232933.46,7092217.05,7022835.22,7129083.01,7268985.39,7506697.21,8175753.45,8716141.77,9084105.71,9411694.29,9674082.7,9676269.67,9713910.04,9766508.92,9741065.16,9507850.2,9228279.67,9731261.56,10040361.19,9731464.41,9249352.34,8637148.42,8017260.78,2021-06-23
2366,7563538.66,7270038.77,7085192.71,7015770.57,7087483.36,7247834.97,7500785.6,8131104.23,8604939.52,8871899.06,9174104.23,9420050.01,9409729.39,9389731.12,9285849.05,9294365.25,9149926.57,8936722.79,9249818.07,9492599.12,9283964.0,8833807.63,8202859.66,7602042.21,2021-06-24
2367,7157451.93,6927081.86,6778520.72,6733984.27,6830266.31,6976785.31,7236011.38,7931965.56,8528398.78,8855920.29,9221973.26,9521748.48,9472082.44,9464892.94,9545414.7,9471386.3,9272355.39,9019835.51,9497587.89,9825848.03,9573972.71,9113607.19,8495816.34,7920487.35,2021-06-25
2368,7423264.6,7121751.39,6916886.29,6831472.5,6903807.09,6923725.8,7064851.43,7615412.61,8134082.88,8472894.84,8822500.74,9062017.31,9067480.32,8869107.61,8726574.09,8641410.64,8508214.38,8407118.43,8997437.33,9394412.43,9132420.66,8692226.26,8109386.52,7612060.29,2021-06-26
2369,7178454.2,6882885.9,6673463.76,6529096.57,6490075.66,6366067.73,6246653.35,6556971.44,6974242.35,7343314.04,7646943.09,7887878.99,8040001.97,7957055.0,7804946.5,7715384.97,7596435.33,7547363.27,8248867.59,8785439.81,8674013.0,8413386.27,8007850.95,7464765.71,2021-06-27
2370,7081843.54,6855464.31,6691750.24,6632917.53,6758680.01,6963175.5,7249696.15,7933987.97,8555238.73,8927101.48,9256639.42,9560396.63,9535813.6,9554818.76,9660121.47,9629135.08,9409999.52,9098837.71,9526818.58,9987760.36,9756567.13,9301763.64,8668454.56,8051483.32,2021-06-28
2371,7582119.96,7307607.33,7117172.19,7003230.97,7105499.56,7208101.75,7517175.18,8225340.88,8824017.27,9181832.74,9490603.34,9810109.5,9815712.13,9852803.1,9949898.38,9900594.17,9671231.12,9341631.01,9735778.27,10162624.99,9924993.6,9484288.91,8884920.41,8253770.83,2021-06-29
2372,7764609.76,7471382.21,7256980.96,7139526.59,7186333.95,7327147.23,7563377.65,8218808.83,8782614.07,9115204.31,9456777.36,9717760.39,9720047.81,9695284.68,9737527.26,9651675.07,9460288.34,9194459.71,9634386.15,9970625.41,9755200.64,9423424.0,8773587.7,8133379.66,2021-06-30
2373,7613271.43,7323875.61,7112111.27,6979613.45,7076017.08,7217448.69,7515282.29,8182921.88,8677699.27,9035110.34,9372508.75,9620952.82,9527298.82,9412512.56,9421950.05,9435692.71,9268828.8,9015746.45,9429327.29,9783867.33,9612262.2,9209166.4,8589031.18,7958557.1,2021-07-01
2374,7492539.13,7211926.73,7037288.36,6925288.67,7072299.14,7233871.9,7508608.71,8176497.41,8735907.75,9034608.43,9378405.41,9635701.14,9606652.08,9603684.93,9694705.59,9696388.7,9481388.55,9165100.91,9578053.46,9984047.19,9791801.93,9367295.0,8770670.79,8191930.33,2021-07-02
2375,7730025.95,7428609.11,7218154.26,7075718.46,7079082.38,7098098.63,7278588.04,7860823.39,8469511.69,8848630.7,9107701.34,9176418.42,9067382.33,8887621.73,8781026.12,8710635.34,8591617.84,8598326.6,9122106.77,9362477.45,9101373.65,8656082.74,8109881.21,7637363.16,2021-07-03
2376,7228318.64,6948173.32,6752180.41,6618596.82,6576207.12,6443856.47,6264139.41,6586730.01,6977408.84,7288584.3,7564562.96,7743226.6,7847811.25,7797333.9,7726331.09,7612770.71,7479234.42,7452052.5,8080042.98,8550485.83,8443659.34,8133099.09,7713512.98,7271029.01,2021-07-04
2377,6924953.75,6671635.19,6517488.91,6408640.13,6396760.96,6355001.96,6305334.07,6661767.36,7165693.64,7545709.09,7923808.13,8192447.68,8301370.54,8252239.3,8127249.14,8064376.66,7968694.48,7951868.28,8644199.7,9182804.24,9039486.3,8654602.61,8173498.09,7686792.03,2021-07-05
2378,7297056.39,7009301.09,6803350.26,6705086.55,6818793.61,7010869.22,7322676.19,7967280.39,8509574.92,8863124.77,9296736.07,9585415.2,9586430.45,9603317.23,9726211.22,9730753.9,9543687.8,9200488.06,9589960.15,10092955.19,9845444.41,9415070.66,8853456.04,8234140.98,2021-07-06
2379,7681070.44,7348419.66,7153723.72,7057061.72,7144305.89,7306189.89,7587265.45,8267495.38,8851872.98,9178925.85,9509564.38,9805647.46,9769758.42,9782036.3,9841559.36,9790740.73,9598789.21,9200531.16,9606917.5,10057868.47,9877051.48,9483026.92,8875153.04,8226484.63,2021-07-07
2380,7751501.16,7450174.21,7201203.91,7108293.83,7204262.74,7389688.46,7666003.27,8304356.71,8859134.31,9201935.97,9527058.32,9828539.43,9803339.62,9811179.45,9838904.48,9815029.49,9634075.26,9309431.41,9719307.55,10109131.58,9909938.38,9512519.61,8863226.8,8269699.16,2021-07-08
2381,7776535.53,7488820.92,7301402.69,7214387.17,7313907.87,7474339.16,7704572.85,8377285.73,8891278.54,9184638.79,9516681.16,9781856.31,9797295.88,9843672.79,9881776.58,9737743.39,9471137.95,9213158.01,9682341.75,9958894.16,9708013.73,9310664.71,8747208.53,8194248.71,2021-07-09
2382,7707815.38,7425000.69,7212806.35,7109065.78,7151242.6,7261248.3,7373240.86,7882452.58,8405501.1,8709793.93,8973410.88,9213087.78,9207315.1,9036715.71,8828909.95,8733137.8,8614300.7,8535246.74,9152940.84,9551371.94,9292686.23,8860393.13,8330691.65,7877124.48,2021-07-10
2383,7409820.97,7104179.41,6880950.51,6742373.36,6684836.67,6596205.86,6417713.11,6730197.81,7146198.48,7500017.43,7772830.72,7897706.3,8047635.31,8017750.58,7919429.74,7796368.31,7733155.08,7695877.59,8354788.83,8930674.88,8859170.98,8583159.79,8142590.6,7650016.92,2021-07-11
2384,7229098.42,6964065.17,6797107.19,6714295.79,6825685.59,7105739.76,7455543.95,8141360.4,8779527.21,9154302.25,9495423.33,9771472.91,9739619.12,9783222.11,9876804.67,9827981.61,9622158.85,9259026.72,9633328.88,10070031.93,9889706.37,9419802.79,8728006.2,8098051.28,2021-07-12
2385,7646863.62,7357710.47,7172141.99,7120005.97,7259599.38,7469375.14,7776616.62,8394829.3,8918651.36,9194820.84,9491146.12,9809135.4,9763459.17,9750126.11,9818374.87,9778962.77,9594346.95,9309539.56,9673621.87,10105415.75,9896510.96,9457914.52,8792819.83,8199432.04,2021-07-13
2386,7697604.45,7407177.61,7213449.8,7118699.81,7208088.77,7420032.94,7728629.14,8386058.92,8928964.63,9255186.14,9618175.56,9888341.31,9864267.48,9882307.33,9987307.11,9977385.72,9746354.87,9406605.85,9808348.14,10183887.92,10005672.33,9537761.08,8882136.53,8277930.89,2021-07-14
2387,7823574.09,7529418.87,7295875.44,7233632.69,7339889.71,7564052.56,7897681.14,8499224.01,9022436.83,9308642.46,9637953.52,9909865.58,9901921.69,9890204.39,10018850.73,9976938.55,9792525.46,9444884.27,9818809.97,10197814.62,9990953.12,9561844.14,8957557.55,8350911.86,2021-07-15
2388,7848591.39,7524717.11,7346906.9,7274735.93,7355854.19,7543664.29,7789140.07,8439600.37,8969025.92,9284886.1,9631241.17,9860487.07,9885082.53,9898207.63,9927908.34,9929803.62,9748872.05,9428774.39,9813222.01,10181706.28,9960493.75,9539175.57,8993798.47,8427244.77,2021-07-16
2389,7934379.99,7571256.3,7340603.07,7281013.37,7332212.91,7387488.22,7489988.78,8047152.08,8602962.61,9010191.76,9281878.3,9479151.95,9424678.49,9312254.94,9137574.85,9026693.75,8858467.09,8749328.31,9299178.65,9691109.69,9484864.44,9137059.39,8602923.73,8094467.8,2021-07-17
2390,7694147.34,7353368.26,7167289.4,7018857.76,6929925.56,6814006.3,6666194.41,6951982.63,7369490.65,7686030.09,7977284.08,8226163.25,8361430.41,8322176.93,8194772.72,8118026.14,8011092.71,7981256.95,8571867.31,9082495.55,9016105.64,8744076.75,8348799.24,7870993.91,2021-07-18
2391,7471286.46,7175949.96,7007297.1,6898914.54,6958531.71,7167942.56,7477542.19,8144148.13,8704509.65,9073081.24,9450591.45,9865017.32,9903830.8,9895325.37,9927117.08,9893729.97,9773671.15,9500644.23,9844567.03,10340988.49,10130526.71,9686096.76,9021711.03,8432126.58,2021-07-19
2392,7821761.93,7501890.71,7295431.63,7183461.12,7137448.72,7095433.91,6991263.45,7395063.7,7876374.28,8273497.92,8656224.44,8980914.52,9123931.22,9025228.8,8860107.49,8773193.95,8650587.75,8517747.33,9188253.72,9788715.05,9558289.59,9232094.84,8810186.09,8242982.04,2021-07-20
2393,7819639.95,7539979.2,7373958.52,7291941.39,7243585.61,7477142.1,7815532.29,8495602.65,9127600.44,9447976.96,9824688.42,10104274.75,10040056.69,10044955.09,10176893.68,10067896.16,9840348.94,9500388.33,9932894.18,10384608.99,10162339.99,9732657.48,9122407.23,8520861.61,2021-07-21
2394,8023883.13,7697645.5,7483407.11,7392850.58,7500144.33,7697879.12,7961691.43,8525843.84,9037139.25,9402813.17,9730352.2,10018810.91,10036624.72,10087035.27,10172781.78,10140671.72,9915544.75,9564009.56,9979174.34,10339396.76,10109533.25,9691399.19,9095488.67,8471135.76,2021-07-22
2395,8008955.5,7743034.06,7541825.75,7452006.23,7550221.94,7763594.79,8011870.22,8619096.76,9196607.88,9524284.18,9874521.31,10109247.23,10129738.15,10185176.91,10227243.68,10195498.47,10014095.1,9668053.28,10035879.11,10385879.39,10119051.75,9727619.23,9183454.88,8622677.94,2021-07-23
2396,8124877.84,7822675.26,7599018.63,7433549.17,7466400.14,7528685.42,7612639.32,8184805.68,8724859.07,9025631.39,9268463.68,9554176.22,9526953.73,9294217.59,9053281.45,8961171.4,8784639.09,8681467.97,9260234.51,9461241.64,9076057.82,8790776.92,8305365.72,7756327.65,2021-07-24
2397,7384449.91,7064735.46,6844934.74,6690281.57,6623930.27,6544324.0,6389322.07,6655703.94,6988478.46,7285309.21,7508632.54,7749969.19,7851125.4,7738481.49,7587987.28,7527774.42,7486567.05,7584523.72,8291644.01,8757906.77,8611879.47,8358367.9,7931972.4,7443835.19,2021-07-25
2398,7108057.54,6890422.82,6736934.01,6684964.9,6819209.98,7176487.81,7527715.12,8109975.65,8674018.09,9007671.23,9287897.77,9634879.34,9643055.8,9612657.89,9672053.89,9645498.01,9457752.38,9173083.39,9549826.86,9953588.0,9745406.87,9259915.62,8639251.94,8031442.82,2021-07-26
2399,7573442.31,7306018.97,7151373.61,7067725.76,7179261.04,7466044.42,7736334.43,8310003.37,8804014.27,9077483.0,9394768.92,9648461.01,9603332.64,9589414.47,9611423.73,9528472.21,9354373.37,9134020.79,9598278.11,9962914.43,9753053.17,9216024.74,8544481.39,7934915.75,2021-07-27
2400,7499509.0,7243210.42,7090515.05,7024493.16,7172507.29,7464851.23,7762052.58,8278239.52,8742505.65,9048843.07,9386257.27,9680119.72,9672052.72,9696894.75,9823392.92,9755738.72,9573020.33,9325086.64,9723354.94,10193361.14,9979772.69,9548936.97,8926211.9,8284699.42,2021-07-28
2401,7811831.56,7533824.55,7347938.26,7236978.03,7341095.66,7598911.52,7861862.27,8435395.32,8957452.65,9318858.33,9639174.57,9939255.59,9896533.7,9952168.75,10020825.71,9947270.35,9743038.71,9382594.51,9830192.85,10126158.69,9911516.19,9442762.38,8863123.86,8226538.65,2021-07-29
2402,7725188.3,7430008.35,7251826.03,7157016.92,7252511.49,7506248.43,7751536.7,8331005.08,8788388.74,9051023.48,9471947.1,9809186.64,9813400.89,9816185.53,9861236.26,9892183.6,9736343.5,9461557.71,9813699.88,10201182.61,10000923.1,9578529.16,9017946.25,8464714.67,2021-07-30
2403,7960576.16,7634253.66,7415532.91,7310285.87,7330768.98,7375762.09,7468090.19,8026286.22,8591050.87,8978838.99,9284047.34,9540109.92,9489933.29,9397710.39,9273004.12,9192560.48,9035917.35,8903648.46,9374747.69,9797444.06,9589173.01,9240125.51,8762789.13,8275189.34,2021-07-31
2404,7791824.88,7458817.76,7195910.16,7036329.74,6963502.13,6780101.29,6601184.37,6942658.73,7318413.27,7669331.53,7938548.63,8179870.7,8284406.19,8283483.06,8176325.87,8065118.01,7946417.37,7910167.93,8617893.23,9105617.75,9024440.55,8769742.12,8360179.31,7868329.37,2021-08-01
2405,7472385.03,7222555.9,7002599.74,6872195.27,6986334.64,7268610.54,7485061.59,8059520.32,8605963.87,8929084.38,9244948.34,9529962.31,9499589.31,9501136.72,9580670.44,9541527.32,9358896.83,9076938.68,9576553.56,9936389.88,9746299.05,9274632.58,8658904.66,8024690.91,2021-08-02
2406,7528015.33,7225035.7,7034152.2,6931487.09,7064426.32,7397151.49,7654866.74,8208755.86,8704885.86,9023274.8,9371957.1,9689744.88,9639924.53,9543667.78,9641712.22,9564307.9,9341562.32,9105232.12,9584552.62,9902684.4,9689485.41,9208558.52,8591314.74,7921922.31,2021-08-03
2407,7415659.86,7172284.53,6979136.45,6906437.33,7031497.48,7365734.91,7648854.14,8201844.49,8718826.0,9031861.71,9339764.87,9651835.83,9650693.07,9689838.15,9823916.09,9830407.11,9657468.01,9380924.31,9718233.56,10082515.29,9866890.17,9552359.84,8912608.36,8226337.01,2021-08-04
2408,7729755.44,7434249.68,7241988.17,7165667.78,7278794.82,7554052.3,7848034.13,8441936.73,8992260.03,9306818.7,9665070.85,9973323.11,9950363.94,9949684.67,10065054.03,10024337.59,9751274.3,9452253.19,9892925.02,10222569.33,10008969.24,9584000.42,8970601.44,8319223.35,2021-08-05
2409,7821305.2,7537878.1,7342312.99,7225679.73,7261486.08,7546489.81,7828960.97,8449637.54,8971694.98,9286799.44,9701090.42,10002897.29,9950295.23,9937987.97,10044691.74,9932324.1,9673237.76,9377657.24,9770778.54,10145159.3,9962610.31,9535642.91,8968268.23,8404686.21,2021-08-06
2410,7923967.84,7605781.5,7358004.02,7208484.65,7155397.27,7112401.58,7017237.5,7488069.22,7983061.67,8301161.45,8659998.74,8903664.59,8992653.48,8838264.44,8747093.02,8666592.55,8541335.17,8459166.02,9086635.94,9459319.74,9265659.87,8886078.68,8412888.57,7936386.66,2021-08-07
2411,7516713.15,7249255.79,7047006.8,6908739.92,6824715.28,6763997.03,6600068.13,6882297.43,7297733.13,7648786.45,7963511.21,8224731.3,8352038.23,8287943.25,8197445.53,8134826.77,8035624.56,8014444.95,8761429.5,9327409.84,9210431.01,8901446.26,8433972.27,7804079.58,2021-08-08
2412,7344248.41,7117380.85,7006073.68,6947702.95,7003254.46,7309797.64,7642893.59,8239962.68,8851157.51,9348499.62,9713170.14,10036626.54,10036968.56,10091021.91,10265354.63,10231800.14,9957851.02,9503019.72,9901857.59,10259486.41,10057970.5,9614444.83,8946216.98,8302214.64,2021-08-09
2413,7804942.46,7506685.45,7316314.99,7237041.36,7353508.96,7592682.43,7871691.75,8444915.17,8955785.1,9211025.53,9550466.85,9856824.96,9836790.46,9828614.34,9941912.34,9914435.25,9741443.32,9446798.86,9958443.38,10288397.56,10070641.19,9607004.75,8953034.19,8286614.0,2021-08-10
2414,7790280.54,7525766.49,7366806.29,7287521.9,7386179.22,7673465.21,8004677.09,8523508.85,9042260.48,9353741.97,9639813.45,9892650.74,9833894.19,9795129.33,9823705.22,9830200.28,9633948.36,9315107.53,9833413.29,10178034.62,9954546.76,9491067.42,8848486.49,8222381.74,2021-08-11
2415,7721541.81,7375572.37,7216796.61,7139449.28,7266200.69,7541817.36,7837329.85,8434385.36,8961805.04,9282963.91,9593783.38,9916299.48,9873560.22,9907410.78,9880212.04,9865142.03,9709641.32,9420827.57,9906542.78,10193440.43,9988723.37,9562059.16,8910757.69,8284931.48,2021-08-12
2416,7775310.44,7512860.59,7323141.88,7251045.94,7373408.85,7686473.98,7907862.07,8439915.36,8988130.64,9299837.78,9581264.18,9847088.67,9829213.69,9814404.45,9896989.33,9862360.22,9666013.76,9341748.68,9840020.97,10061849.69,9851196.55,9420037.26,8900322.12,8264628.03,2021-08-13
2417,7827264.24,7554008.75,7322222.19,7223786.86,7242199.75,7346235.48,7461537.01,8001834.26,8539275.39,8879611.97,9187354.3,9380425.48,9338366.16,9208510.29,9037060.92,8929163.41,8760048.02,8700184.27,9355201.47,9588635.76,9322043.71,8872937.81,8369345.31,7900795.38,2021-08-14
2418,7475340.16,7190974.39,6993957.31,6813883.22,6742054.3,6671254.26,6424246.13,6662577.54,6981239.03,7349822.35,7588191.47,7823638.01,7951423.64,7914815.39,7796379.95,7681844.37,7611860.26,7673915.94,8355748.77,8732391.25,8649519.52,8357136.47,8010616.45,7617890.85,2021-08-15
2419,7220954.3,6969009.57,6802624.61,6684934.62,6648949.71,6668118.37,6552615.48,6903043.73,7380253.67,7789603.84,8128181.47,8378800.51,8445655.6,8387887.75,8156511.78,8007097.9,7918812.65,7938867.38,8635863.93,9129513.67,8974398.42,8597570.48,8057832.7,7562261.12,2021-08-16
2420,7172113.65,6909985.3,6744246.59,6740726.17,6855964.4,7181179.36,7475270.81,8006043.14,8576485.84,8899709.57,9218067.57,9482436.4,9506213.77,9535421.74,9621162.89,9597172.67,9430565.18,9193138.02,9646149.44,9926052.85,9782497.02,9307044.37,8634519.96,7965358.38,2021-08-17
2421,7526541.18,7219510.42,7056732.1,7003571.58,7116942.62,7389710.38,7634156.15,8154459.27,8674188.59,8963446.08,9324261.83,9606852.32,9574257.6,9571948.26,9766722.29,9754181.42,9601963.46,9338170.27,9831935.48,10156907.48,9953330.68,9526790.63,8838518.4,8161582.7,2021-08-18
2422,7715578.48,7471944.32,7296101.74,7208857.32,7324923.78,7657090.5,7933008.62,8413711.5,8951259.98,9193375.82,9508294.13,9774990.7,9672656.12,9606311.1,9624606.96,9583775.98,9425250.93,9241888.37,9750478.68,9987540.57,9732689.23,9223667.63,8508387.8,7863759.22,2021-08-19
2423,7455766.64,7210570.27,7018130.79,6943889.19,7068038.23,7428554.14,7686627.99,8279881.97,8781639.66,9077602.37,9447806.78,9722203.71,9677400.4,9583110.86,9675644.22,9682616.5,9509812.88,9188656.85,9751938.21,10027539.93,9729146.87,9278688.6,8681331.4,8104097.78,2021-08-20
2424,7638586.22,7358594.92,7151757.85,7053679.29,7077468.05,7183060.33,7259263.53,7850345.61,8466744.72,8852377.3,9158491.61,9393334.0,9367479.24,9228383.39,9091111.03,8991778.16,8858738.71,8743019.87,9365784.85,9637113.51,9393378.84,8971166.07,8467581.95,7973061.42,2021-08-21
2425,7529237.09,7218030.56,6994144.2,6846420.16,6825922.97,6709692.66,6517551.14,6839779.8,7260714.85,7618317.76,7915912.4,8163665.12,8258175.09,8198954.83,8051567.02,8001670.16,7918630.43,7931697.34,8697916.53,9139178.49,9060846.25,8794054.51,8382272.81,7840983.73,2021-08-22
2426,7433431.95,7197795.15,7063121.99,6993278.41,7094139.77,7378511.84,7680484.41,8315988.38,8931314.13,9291199.64,9648687.05,9934665.33,9898551.65,9901133.0,9950560.54,9900288.86,9687214.87,9407196.78,9931663.79,10097344.83,9915839.89,9443487.79,8739170.23,8126628.93,2021-08-23
2427,7641414.12,7402508.71,7226256.98,7105270.55,7233402.82,7568763.35,7793549.98,8327673.02,8811700.05,9054860.81,9327534.07,9650633.73,9614091.29,9566535.62,9708866.85,9709051.77,9528338.41,9185747.41,9768929.21,9984906.12,9716085.75,9221365.08,8538566.67,7899245.88,2021-08-24
2428,7458703.53,7230233.71,7047362.87,6968043.76,7107131.84,7436760.17,7736904.39,8233096.86,8728002.29,9016135.89,9387460.36,9659599.39,9589191.03,9621217.4,9711986.84,9733095.23,9547642.0,9244266.41,9979947.68,10221514.93,9886165.69,9393357.21,8651662.7,7987628.84,2021-08-25
2429,7463494.71,7187859.66,7028678.68,6981589.37,7127330.13,7428951.83,7707034.15,8291653.22,8878640.49,9200174.85,9511836.03,9827450.95,9766487.57,9766331.3,9897318.88,9872693.46,9711832.13,9395430.19,10079781.93,10347880.41,9999584.34,9457185.29,8729576.67,8041533.5,2021-08-26
2430,7579745.55,7317713.34,7136520.35,7049685.2,7160671.23,7458520.42,7741998.62,8342364.22,8888733.68,9289271.29,9670311.58,10006818.01,10014398.43,10058059.04,10159405.71,10099717.96,9821162.51,9452038.59,10045167.85,10358803.31,9986431.67,9515936.34,8808263.64,8245933.81,2021-08-27
2431,8053555.59,7686568.78,7467330.84,7365821.32,7300240.11,7404188.86,7467624.83,8107322.5,8812432.73,9283869.48,9330129.63,9551427.56,9601740.77,9416110.89,9250426.38,9185511.97,9132770.19,9144475.77,9892614.82,10067323.05,9696044.23,9421574.0,8834567.31,8287416.03,2021-08-28
2432,7830806.68,7487718.7,7248837.03,7055038.63,6954021.54,6837260.61,6602547.17,6978705.68,7392519.06,7778222.36,8069957.18,8326843.17,8427584.89,8387135.15,8265689.34,8100408.36,7891241.95,8102854.37,9000493.61,9264144.44,9111789.33,8709768.94,8293815.45,7970374.26,2021-08-29
2433,7482849.28,7186407.52,7003665.5,6920526.68,6933041.99,7394648.71,7585190.55,8127463.51,8659375.0,8995149.96,9291969.69,9577015.16,9639806.29,9603506.04,9667982.72,9641330.6,9455772.64,9127504.53,9828856.46,9999253.32,9632598.69,9140897.53,8396913.54,7923140.25,2021-08-30
2434,7487008.83,7296318.29,7105763.74,7043250.18,7073952.89,7470612.08,7690196.67,8276037.18,8757524.47,9033733.36,9305274.29,9591463.49,9536511.63,9483523.06,9532100.34,9607160.61,9504567.57,9278575.63,10000626.02,10201713.41,9800257.86,9355940.24,8712922.59,8168777.92,2021-08-31
2435,7707198.84,7425643.76,7265486.42,7167712.85,7245308.91,7550154.72,7734684.11,8410031.46,8907248.67,9232617.5,9549841.34,9898066.59,9831175.77,9837951.59,9978432.69,9995889.47,9819652.71,9489663.17,10232990.36,10294058.33,10094696.5,9675681.11,9045537.82,8421972.65,2021-09-01
2436,7918696.08,7689699.94,7425033.08,7316154.67,7390375.39,7742592.0,8037937.23,8656605.09,9318336.56,9576747.85,9950242.25,10278246.37,10243370.36,10307124.24,10518395.96,10603702.39,10502467.29,10124174.57,10524904.04,10774841.55,10580751.35,10105204.0,9421745.36,8805528.98,2021-09-02
2437,8344572.66,8068425.47,7846447.91,7743875.99,7877103.38,8174292.91,8445974.97,9028397.7,9606454.47,9947734.59,10215480.19,10574095.26,10544719.16,10577730.15,10611368.52,10528270.0,10182039.8,9823901.89,10545263.34,10383536.66,10454422.91,10057544.55,9475479.23,8876327.25,2021-09-03
2438,8343050.17,8009410.43,7790898.34,7637761.9,7659208.46,7669272.74,7651004.82,8269537.0,8907829.75,9351580.65,9674427.44,9883094.21,9847293.91,9683513.74,9538993.43,9467085.44,9287768.04,9208809.96,9951934.22,10029145.94,9759635.27,9408392.74,8828603.17,8273853.28,2021-09-04
2439,7914240.56,7627293.95,7436590.01,7266892.45,7227260.33,7193851.3,6796096.12,7024131.0,7467875.13,8032907.07,8283518.1,8478660.53,8532067.93,8482460.42,8383636.23,8273643.36,8167915.02,8273211.93,9137685.14,9325277.39,9187250.3,8920631.68,8510680.51,7968979.18,2021-09-05
2440,7584909.66,7307655.36,7122283.87,7097827.43,7219643.06,7609662.53,7927648.96,8531041.28,9104678.85,9156088.77,9326117.97,9635488.63,9893527.66,9980236.17,9734048.28,9829042.58,9765946.29,9495055.07,10132568.31,10270081.13,10047984.27,9516153.54,8939049.83,8300068.61,2021-09-06
2441,7672577.46,7251034.39,7058561.09,6970747.43,7129363.17,7500264.04,7769567.68,8258133.68,8669664.0,8932029.61,9263024.23,9531626.21,9495167.74,9471710.81,9610590.32,9650453.3,9479725.45,9292508.62,9926406.01,10067695.52,9804995.62,9304003.48,8663688.89,8059676.9,2021-09-07
2442,7627703.51,7396206.74,7222020.36,7176429.53,7310422.17,7643542.86,7916952.26,8420633.05,8884446.35,9181229.58,9516099.1,9804923.99,9773087.25,9779232.74,9849959.14,9799466.97,9661651.69,9407982.02,10100805.36,10279643.26,10020439.56,9537387.44,8882985.52,8171397.85,2021-09-08
2443,8043760.4,7854411.27,7692450.83,7621316.61,7741725.24,8042324.56,8358457.96,8907337.07,9387165.19,9696474.79,10028583.4,10276008.07,10268430.37,10346250.9,10480917.55,10338166.0,10013832.05,9946444.33,10613842.55,10707700.67,10346774.27,10070095.64,9441496.29,8828844.2,2021-09-09
2444,8335034.86,8076517.95,7886042.63,7786067.4,7906827.98,8176509.75,8421971.64,9002848.43,9549310.02,9894062.63,10230165.17,10592624.06,10364808.49,10342569.49,10392620.33,10508633.18,10320182.98,9993006.98,10685369.24,10679987.88,10241367.74,10053942.92,9449524.3,8801319.87,2021-09-10
2445,8296082.99,7977163.75,7786068.52,7611018.46,7622247.58,7646314.56,7756779.14,8286105.5,8819446.81,9308981.07,9550603.07,9729613.21,9716383.33,9548983.41,9321732.58,9134697.91,9096150.13,9123799.93,9837456.65,9814680.47,9480311.64,9280328.11,8911870.91,8429368.93,2021-09-11
2446,7931927.53,7640746.77,7399966.98,7199892.23,7132531.99,7029248.56,6746042.06,7051653.34,7495543.58,7932932.49,8325415.85,8571532.3,8608617.63,8549669.35,8413106.56,8370971.03,8116885.98,8029677.24,9057022.6,9354761.18,9187396.92,8828319.3,8401371.24,7874436.02,2021-09-12
2447,7561166.81,7270685.68,7051292.28,6930520.79,7107879.74,7475100.78,7822042.54,8444250.29,9163445.81,9338686.59,9689121.34,10041328.53,10002057.07,9993553.88,10022448.38,9916046.27,9737643.15,9394562.03,10032257.61,10195371.54,9965499.54,9571507.41,9036598.94,8469613.44,2021-09-13
2448,7709002.57,7416623.03,7237088.45,7167793.67,7298810.34,7570436.51,7872548.92,8395412.55,8915578.23,9196525.61,9639170.22,9941580.16,9954152.62,9898210.97,9933696.67,9919843.27,9699423.22,9476432.34,10140958.88,10225659.27,9995763.85,9663077.43,8831307.75,8194083.25,2021-09-14
2449,7748188.22,7489372.48,7469599.02,7378852.79,7488857.22,7828448.34,8118484.92,8754673.63,9369250.5,9683435.54,9837870.55,10125951.01,10050493.05,9996004.51,10137630.4,9987704.6,9781263.88,9607298.18,10228151.63,10369398.79,10090788.52,9770012.47,9305684.28,8685847.21,2021-09-15
2450,8232260.46,7913071.78,7654819.62,7588888.46,7732971.1,7896027.89,8124926.88,8786939.55,9332695.33,9652564.14,10071294.27,10330732.97,10266416.95,10116061.18,10265641.62,10297353.53,10173572.76,9942759.41,10553907.97,10462374.85,10277076.27,9986010.82,9319285.07,8728159.24,2021-09-16
2451,8254422.49,7995536.68,7786648.67,7689678.04,7863784.61,8111459.16,8401324.8,8945389.67,9538521.87,9913137.22,10274210.57,10561204.14,10470307.76,10522062.57,10677510.35,10655184.01,10472931.14,10174368.19,10805278.62,10883124.71,10641974.28,10226393.94,9628697.71,9069393.64,2021-09-17
2452,8590891.73,8270505.59,8044779.23,7913298.26,7909684.36,7959851.92,8068388.83,8648471.22,9320611.16,9694042.05,10029002.99,10044284.12,9942632.84,9793432.3,9553580.35,9526393.94,9364812.18,9342774.47,10198758.32,10275516.52,9969021.4,9458721.19,8930337.19,8497163.89,2021-09-18
2453,8123265.35,7858703.06,7627729.62,7466543.31,7377261.73,7234401.03,6826616.32,7153795.39,7599417.2,7955544.8,8223731.66,8411900.53,8559330.12,8562973.92,8435794.59,8346917.89,8235373.99,8437281.09,9270044.85,9468020.02,9414559.43,9162872.14,8745795.44,8253637.08,2021-09-19
2454,7924180.27,7670896.32,7472739.11,7385658.07,7531425.37,7871510.36,8154889.35,8781914.55,9430081.97,9798736.81,10141573.36,10445126.74,10445507.51,10493716.69,10615743.38,10549922.97,10337593.97,10029835.08,10592791.12,10629439.38,10469161.79,10020095.75,9381593.87,8761559.93,2021-09-20
2455,8324381.26,8049520.32,7833966.03,7815483.4,7941951.64,8262614.63,8285672.75,8807037.12,9293836.41,9574992.92,9888101.66,10127629.87,10057320.86,10088810.6,10248249.02,10266537.39,10058494.02,9979843.14,10759890.15,10759515.19,10506962.24,10076716.16,9425072.91,8802633.3,2021-09-21
2456,8346712.85,8058586.62,7884342.12,7812378.32,7924139.59,8230149.58,8424835.74,8932621.56,9437338.77,9723809.96,9995880.32,10231798.47,10103210.13,10047412.2,10094759.44,10080344.45,9930470.04,9788933.45,10450240.73,10432000.73,10127420.52,9738055.88,9005288.61,8411788.58,2021-09-22
2457,7821319.54,7568065.99,7429744.73,7356325.75,7500957.88,7809187.64,8062436.3,8540874.79,9026090.28,9287863.27,9647454.92,9892815.12,9902579.74,9979534.46,10141718.55,10104642.35,9870506.96,9570871.72,10383961.54,10471152.94,10136460.52,9632705.82,8942085.73,8223349.8,2021-09-23
2458,7665217.3,7472705.16,7287991.34,7186494.84,7319665.38,7669796.95,7959718.16,8551934.36,9069636.69,9424443.58,9807256.65,10163664.59,10029907.2,9995729.69,10190269.95,10224141.76,9918316.62,9656455.84,10253364.62,10279169.3,10043302.06,9590995.73,8991610.43,8434851.02,2021-09-24
2459,7989059.71,7670592.04,7475153.67,7354379.61,7395867.14,7486821.8,7613778.32,8200257.83,8794491.79,9149773.23,9477226.1,9680876.56,9684771.5,9552344.84,9404030.09,9269505.73,9114545.31,9125152.7,9866966.88,9889091.67,9623958.66,9150887.06,8631355.73,8165091.99,2021-09-25
2460,7722750.69,7430128.89,7194917.91,7059233.53,6979454.65,6828083.52,6725857.67,7086386.46,7483413.92,7873567.13,8187134.62,8472388.38,8574910.52,8551218.64,8476603.08,8370391.22,8268967.14,8307547.86,9246802.91,9435732.07,9331796.05,9027229.13,8632654.53,8123957.73,2021-09-26
2461,7701447.77,7444438.15,7249877.17,7150598.17,7277483.05,7577234.98,7891799.68,8459203.23,9112435.82,9477078.93,9849143.46,10157176.27,10094211.55,10173503.07,10308935.53,10301191.07,10098565.16,9872739.53,10534729.22,10571709.11,10320068.93,9867246.1,9171438.76,8560624.4,2021-09-27
2462,8427319.33,8212759.83,8033113.03,7892316.28,7992539.11,8287103.45,8547967.29,9088000.7,9543492.69,9806628.93,10065835.21,10217875.31,10107787.51,10026479.52,10068236.09,10064268.03,9934740.74,9913277.35,10295042.73,10237164.9,9883191.67,9797993.17,9241546.04,8700328.89,2021-09-28
2463,8225880.5,7967217.11,7809427.42,7715125.87,7878150.77,8247739.76,8515620.59,9092839.73,9577526.47,9823923.68,10141703.8,10252771.23,10282294.27,10254359.43,10331168.94,10233185.75,9990609.45,10000280.93,10305050.48,10121904.81,9729588.38,9512771.42,9095823.21,8500703.04,2021-09-29
2464,8132624.52,7717623.1,7533174.27,7449592.96,7588403.73,7966655.78,8233980.49,8824491.08,9231130.41,9496208.78,9866650.1,10130330.23,10097446.28,10106589.56,10265179.66,10192023.65,10017546.57,9694793.96,10242738.37,10132506.06,9841207.14,9707895.98,9130311.23,8497748.96,2021-09-30
2465,8028410.63,7778267.39,7569207.0,7481306.28,7625724.11,7935861.42,8216107.65,8711597.0,8991294.15,9518312.68,9800140.47,10054947.12,10104514.77,10168969.69,10215760.77,10160566.49,9909891.17,9670590.68,10189619.29,10117610.34,9869398.89,9712197.53,9208048.27,8667372.59,2021-10-01
2466,8074632.7,7768264.19,7539206.61,7464366.62,7481532.9,7563877.26,7705294.5,8394787.8,9071067.74,9406302.06,9786353.48,10050830.01,10038355.35,9903931.6,9770194.38,9657690.92,9453117.92,9524636.44,10142401.77,10081153.68,9978143.39,9578667.3,8855350.92,8387626.21,2021-10-02
2467,7984412.66,7724422.49,7503253.79,7351875.08,7298061.13,6868393.71,6625383.88,7031257.97,7366666.96,7787274.78,8099571.1,8341505.71,8432210.79,8382921.12,8246112.42,8129675.19,8023165.67,8459760.41,9511384.75,9697029.34,9524943.53,9210090.6,8747113.85,8197062.82,2021-10-03
2468,7898589.52,7619987.68,7443264.78,7382656.45,7517127.21,7839636.49,8157889.89,8797544.53,9407066.69,9806668.74,10173659.07,10136046.23,9990727.57,10157605.92,10346867.79,10269570.8,10053116.13,9806990.95,10389935.36,10411906.13,10111792.24,10016785.56,9362150.19,8728406.49,2021-10-04
2469,8298415.03,8067700.09,7881267.64,7768341.07,7873242.7,8191228.92,8388800.33,8957167.19,9469291.63,9760712.34,10080402.6,10338561.48,10240166.96,10291391.91,10413025.41,10363782.84,10121524.72,10063084.59,10417590.42,10324314.34,10109218.77,9879612.58,9214277.05,8569089.46,2021-10-05
2470,8101260.37,7889497.95,7766468.88,7709997.35,7880586.26,8200626.32,8487665.78,9046796.52,9538609.28,9811876.04,10122211.66,10155461.62,10055288.91,10046949.82,10314142.86,10262043.89,10036581.86,9988416.26,10606024.27,10456337.89,10079603.67,9943458.45,9310118.34,8711715.74,2021-10-06
2471,8243775.41,8001542.08,7818083.1,7727512.56,7859780.41,8157595.59,8462046.56,9009851.56,9551071.06,9908270.98,10261407.82,10488005.73,10444265.03,10536697.7,10690976.17,10649685.68,10443748.92,10343891.79,11026402.56,10881292.33,10719476.8,10229836.89,9594481.75,8981552.04,2021-10-07
2472,8399677.2,8024798.65,7815634.28,7733707.27,7855779.38,8110398.24,8389461.88,9031598.85,9628128.41,9922692.44,10244857.27,10506683.62,10432752.28,10431891.3,10562718.6,10564099.84,10368179.53,10197493.39,10622705.37,10325444.72,10346767.63,9881713.87,9277703.59,8700491.27,2021-10-08
2473,8283554.29,8009960.02,7836299.28,7727759.06,7753201.68,7847251.43,7859423.24,8553220.23,9190814.01,9451434.68,9764177.81,9992309.26,10034319.24,9869427.54,9670910.5,9537163.08,9372718.69,9500242.98,10224786.62,9855713.96,9841340.62,9418684.36,8747847.01,8312879.29,2021-10-09
2474,7920302.19,7657090.11,7463244.09,7322460.08,7251292.11,7102140.77,6874679.67,7280992.66,7860705.87,8170203.29,8469327.39,8722052.43,8845479.7,8778518.82,8681785.05,8691529.86,8700410.41,8842668.25,9635809.98,9656361.97,9488475.85,9150353.07,8622596.21,8155902.28,2021-10-10
2475,7694485.45,7313916.95,7151952.13,7086483.28,7260179.4,7476505.05,7848187.02,8651147.97,9299498.99,9650861.83,9961902.86,10222600.54,10223498.35,10157420.74,10201314.34,10194229.41,10049373.97,9969709.9,10390601.54,10495870.38,10258276.06,9852960.41,9212892.87,8622253.01,2021-10-11
2476,8167834.03,7916138.22,7750458.67,7648625.47,7830602.78,8001744.38,8281700.29,8811340.41,9350295.73,9697007.1,10042588.73,10338862.3,10253568.86,10214551.45,10265171.73,10202526.18,10072900.53,10045321.1,10386173.3,10547003.56,10288637.07,9923171.42,9317889.94,8740400.85,2021-10-12
2477,8254432.41,7990702.3,7817924.64,7718711.09,7709937.66,7875833.06,8164738.95,8751710.25,9274620.83,9571595.27,9835651.4,10080587.67,10006236.93,9982975.72,10080493.87,10018462.21,9964790.65,10048301.25,10424105.72,10297678.61,9913946.95,9782290.06,9149168.47,8540724.1,2021-10-13
2478,8141951.77,7891465.78,7701281.88,7651442.45,7799688.99,8014773.94,8319472.42,8797457.54,9331332.13,9694595.26,10079277.97,10353928.26,10308525.48,10278031.4,10374798.95,10413618.48,10306915.78,10397976.77,10627626.91,10354290.61,10041056.07,9909666.79,9256042.36,8691258.85,2021-10-14
2479,8257134.1,8018786.85,7862045.65,7793453.85,7896087.12,8049659.32,8331280.94,8824837.16,9349690.75,9744520.73,10030966.11,10289440.49,10264261.75,10309785.47,10402946.66,10343225.66,10200572.78,10153379.61,10581554.27,10510081.54,10225203.2,10039078.72,9549719.92,9000187.05,2021-10-15
2480,8335394.68,7978315.97,7723551.1,7639697.38,7683752.41,7749914.36,7694861.02,8222916.0,8880955.5,9086107.6,9424047.69,9582834.34,9442359.66,9345991.37,9212939.97,9061821.76,9051049.25,9294186.56,10000579.84,9880157.92,9704369.29,9261259.41,8581658.59,8119955.41,2021-10-16
2481,7762715.62,7466874.91,7230092.26,7135087.01,7091862.64,6906943.16,6643198.66,7056528.74,7614901.97,8025483.69,8259587.48,8432444.38,8516895.08,8397642.58,8328999.78,8280412.6,8154063.74,8333559.27,8950075.5,8910662.11,8707586.59,8675705.8,8118945.47,7846450.76,2021-10-17
2482,7590756.3,7342003.96,7104500.56,6955491.05,6959789.59,6905107.63,6887900.42,7340889.21,7840722.65,8291706.12,8619118.19,8889390.27,9004936.23,8991257.54,8877328.27,8773353.12,8682630.78,8821415.43,9736468.06,9864137.92,9695560.77,9337076.16,8861806.65,8321969.98,2021-10-18
2483,7886648.69,7643785.08,7491445.62,7452742.39,7628895.3,7950107.03,8160170.46,8795527.26,9393387.04,9713334.22,10101086.46,10341618.34,10222097.31,9980314.98,10010795.94,10089025.97,10090538.75,10014733.37,10323682.9,10263167.48,9958851.75,9453002.24,8802870.16,8245340.11,2021-10-19
2484,7799778.18,7518433.49,7360008.63,7305465.99,7425451.32,7726002.52,7993374.87,8482652.29,8942822.73,9213953.02,9600098.44,9884061.18,9842474.41,10079394.97,10267779.26,10236032.16,9910663.11,9800473.77,10468458.83,10343192.9,10047912.24,9542327.06,8929306.2,8288338.53,2021-10-20
2485,7829596.71,7591461.12,7383489.17,7310740.96,7486410.93,7772398.35,8020568.41,8523577.8,9035422.21,9319369.17,9578998.42,9901431.42,9863209.29,9826315.35,9934728.24,9933960.6,9833170.92,9846900.19,10367657.62,10239310.37,9949320.26,9428906.5,8777278.76,8186980.99,2021-10-21
2486,7733346.0,7487471.8,7311931.0,7229373.0,7369469.96,7674150.81,7968388.34,8492738.83,9000498.31,9328503.43,9700706.18,10210387.77,10259062.01,10272098.02,10417679.55,10392858.8,10091665.08,9958251.07,10666413.48,10534518.03,9968508.68,9532411.25,8959350.22,8406675.1,2021-10-22
2487,7974166.43,7691439.9,7486879.21,7369660.94,7400894.81,7451752.35,7615718.35,8161606.94,8795183.06,9160153.75,9414942.09,9565658.29,9500290.9,9328287.37,9258914.44,9210134.87,9091439.67,9268185.75,9870608.82,9734685.49,9480113.91,9119235.41,8561823.12,8060253.67,2021-10-23
2488,7669136.7,7390947.77,7196272.48,7026806.03,6954128.35,6805072.18,6685101.53,7041534.16,7466938.78,7886005.48,8139052.45,8383335.08,8343603.97,8275484.1,8244070.65,8188464.63,8114257.5,8333148.75,9071427.97,9130513.33,9008629.24,8623878.42,8332217.45,7937941.49,2021-10-24
2489,7559482.45,7288707.41,7112584.03,7039207.82,7215320.48,7554672.68,7883911.96,8411740.83,8982795.64,9316115.46,9677490.69,9934266.01,9910507.2,9954157.44,10109685.49,10024412.74,9735737.35,9665502.84,10272896.86,10251750.07,10007599.15,9540555.37,8877309.84,8268722.32,2021-10-25
2490,7831000.32,7558259.3,7391088.16,7335947.91,7478858.26,7821411.76,8067762.42,8478214.67,8996792.83,9317523.68,9660266.84,9988906.75,9906259.56,9883724.16,9974419.75,9974341.44,9860478.72,9767348.18,10407743.49,10295257.59,9993022.17,9370388.54,8609530.52,8184622.1,2021-10-26
2491,7801084.72,7519599.7,7360585.98,7275512.55,7444421.35,7824570.58,8100579.18,8570331.92,8858262.75,9147281.09,9546871.14,9879260.01,9802545.47,9781403.3,9929712.89,9901030.95,9732881.99,9706681.47,10295873.63,10247252.61,9963094.19,9411839.95,8850383.7,8239419.87,2021-10-27
2492,7784284.72,7542612.29,7371223.61,7319636.25,7459578.27,7827813.41,8133086.88,8689822.83,9236770.88,9507548.08,9822430.55,10080669.63,9976822.01,10065152.23,10075358.43,10014407.67,9873303.81,9869694.92,10398275.11,10277797.47,10009823.93,9489065.18,8833577.59,8422765.43,2021-10-28
2493,7748880.44,7474998.6,7263070.75,7145365.58,7303651.54,7605045.23,7885270.16,8397622.37,8890005.1,9141402.94,9391653.08,9626482.54,9523549.77,9507660.42,9620207.35,9612572.17,9537133.05,9576048.03,10090081.71,9955883.3,9654990.31,9186219.11,8585286.4,8033697.55,2021-10-29
2494,7597779.37,7345774.22,7139835.3,7040105.17,7092229.31,7179741.85,7400923.81,7954904.86,8529879.4,8904849.64,9209510.53,9400133.68,9322023.88,9195885.34,9036297.65,8918136.15,8761646.75,8962160.27,9654779.28,9570181.32,9312774.53,8864621.05,8285328.64,7778381.29,2021-10-30
2495,7352481.11,7040998.44,6880932.6,6766361.1,6726162.68,6655558.61,6529452.33,6857380.18,7264777.19,7636423.54,7919649.6,8126642.64,8249683.17,8138956.04,7949018.25,7840301.12,7704664.09,7913937.64,8571185.21,8522219.25,8318001.84,8047131.72,7713200.6,7346040.15,2021-10-31
2496,6960982.07,6697791.08,6521044.25,6463593.0,6475499.74,6397562.9,6324383.15,6665953.69,7061934.63,7466624.67,7852061.99,8141991.51,8300950.05,8212600.55,8135641.78,8043517.88,7983079.45,8194051.07,9033571.85,9137389.39,8957804.59,8590463.86,8077970.51,7551333.76,2021-11-01
2497,7188545.57,6957779.09,6807957.81,6750098.53,6925007.78,7285298.43,7591880.04,8157312.34,8695754.64,9013838.81,9338033.3,9616732.32,9564081.53,9582675.03,9634835.7,9661080.4,9536925.38,9548903.11,10197538.3,10170273.76,9929326.5,9421254.77,8759994.48,8127481.27,2021-11-02
2498,7656878.47,7404344.89,7219313.36,7151860.8,7306391.86,7643706.57,7909453.51,8415798.53,8876035.33,9141050.43,9452897.26,9732755.2,9663288.03,9682100.27,9776249.78,9784020.23,9624771.9,9599819.15,10128010.02,10052639.59,9917524.56,9373169.49,8687259.66,8114725.95,2021-11-03
2499,7616438.29,7341141.96,7155667.88,7076624.94,7264021.94,7622331.67,7931625.41,8439133.23,8883855.58,9164298.69,9531012.87,9832632.38,9742941.56,9747919.91,9851590.57,9852655.15,9665288.11,9690822.48,10276477.84,10250674.56,9964991.37,9324813.95,8671188.35,8165227.67,2021-11-04
2500,7774004.75,7505792.42,7261497.29,7196991.22,7378569.33,7699935.59,8014151.55,8577870.71,9067481.9,9365745.29,9755995.64,9996453.25,9943527.17,10005835.46,10174328.82,10205831.27,9994692.26,9903216.86,10514999.17,10433075.24,10171586.83,9689065.8,9113837.76,8545809.65,2021-11-05
2501,8052774.13,7736425.53,7518331.6,7409610.42,7466378.48,7489826.39,7655043.71,8256288.58,8841562.34,9170236.93,9492469.19,9796112.12,9691808.43,9548720.45,9436487.62,9363446.83,9229433.07,9325231.95,10085666.8,10034380.67,9676962.95,9261367.48,8700935.8,8229549.52,2021-11-06
2502,7816567.61,7518510.76,7283018.56,7123577.3,7056879.38,6932213.97,6814245.32,7147455.18,7559878.81,7937563.22,8271616.59,8546555.83,8660271.79,8602796.33,8539057.63,8459084.03,8320702.48,8547851.73,9389618.9,9453998.05,9316518.92,9021938.3,8580783.55,8075934.22,2021-11-07
2503,7679925.39,7432063.78,7247345.92,7176063.28,7299444.73,7675959.05,7986128.28,8545736.6,9087656.91,9335564.56,9635743.06,9892900.75,9833456.8,9855937.19,9949858.85,9955662.4,9813080.91,9907408.84,10481825.87,10383755.13,10110132.96,9613423.25,8906937.1,8267186.71,2021-11-08
2504,7850500.48,7607355.98,7415073.62,7342950.09,7495243.8,7810819.23,8097282.33,8633978.09,9115118.47,9375756.18,9704486.15,9979428.43,9915664.77,9962506.57,10117430.85,10095629.21,9893625.16,9855790.02,10414664.47,10326837.05,10065470.3,9518967.73,8870168.93,8252701.34,2021-11-09
2505,7770129.83,7524930.69,7341664.54,7252455.46,7402464.6,7731839.14,8010976.24,8560472.92,9023367.25,9303173.49,9603141.02,9866297.04,9766166.06,9829683.21,9979185.49,9998589.0,9886511.71,9920959.88,10453680.65,10373335.26,10091050.95,9563473.69,8907447.0,8281108.29,2021-11-10
2506,7799476.44,7517625.54,7331798.34,7280745.85,7430976.68,7767424.64,8038493.89,8542719.69,9113047.69,9396549.92,9711179.21,9992750.28,9904738.45,9953582.88,10105415.99,10134039.89,9956029.78,9932162.29,10571219.72,10491199.95,10135452.8,9600901.62,8980203.29,8356171.37,2021-11-11
2507,7844650.17,7592185.99,7413419.59,7341278.51,7463711.21,7756524.55,8035719.68,8617716.62,9179653.12,9485154.81,9796740.42,10093588.83,10027113.25,10047359.39,10184440.91,10168968.48,9939061.03,9889560.96,10431827.19,10287553.2,9976099.86,9567902.44,8975557.07,8411308.69,2021-11-12
2508,8007519.86,7686778.1,7482755.6,7353120.23,7345250.41,7407000.99,7566351.07,8168632.92,8720960.34,9053088.94,9345932.5,9567206.26,9550956.64,9422363.17,9323852.5,9246867.19,9109783.11,9324875.36,9953768.61,9850969.93,9574232.73,9079601.48,8536775.24,8118047.82,2021-11-13
2509,7713172.36,7418463.74,7228052.27,7066487.51,7015180.93,6903406.0,6766056.04,7090446.05,7488308.01,7846317.49,8124487.1,8322078.69,8404313.34,8385531.47,8250875.83,8156908.55,8032129.59,8233873.43,9051897.43,9043722.31,8908762.93,8635327.13,8260996.3,7828747.46,2021-11-14
2510,7443363.99,7199751.42,7022728.47,6880162.6,6846131.91,6772198.11,6750484.23,7208366.4,7623766.52,8043847.07,8384031.99,8673326.68,8736784.33,8666271.97,8548182.44,8417773.05,8324332.44,8586863.04,9383305.15,9479184.44,9326180.28,8944780.45,8447886.71,7921304.55,2021-11-15
2511,7555290.6,7305193.51,7170997.26,7104400.46,7302339.3,7656566.54,7977926.3,8548546.19,9189070.45,9479988.85,9862044.51,10082646.28,10226263.79,10331646.98,10416634.83,10199317.56,10164437.89,10294296.23,10641221.76,10495771.18,10235827.8,9889323.75,9087047.24,8417773.68,2021-11-16
2512,7923670.0,7637650.78,7441402.99,7360670.75,7470183.67,7760788.31,8040901.82,8621812.79,9155690.1,9455986.03,9787791.08,10082583.91,10001314.72,10010554.78,10148269.94,10140783.01,10188610.28,10000775.37,10484629.7,10393831.5,10147984.05,9946903.99,9214958.51,8398796.09,2021-11-17
2513,7900487.75,7617034.37,7462567.27,7392943.25,7507587.09,7789594.83,8070922.29,8623806.3,9134509.83,9656200.5,10005914.88,10267736.87,10303017.65,10377680.58,10392165.46,10361068.01,10298537.71,10312312.07,10607782.01,10473958.44,10381897.25,9834488.86,9081070.27,8468659.58,2021-11-18
2514,7998701.72,7705358.26,7508271.08,7412697.67,7515117.95,7816019.98,8108307.22,8694619.98,9238243.9,9515258.7,9825062.29,10073534.01,10024585.99,10024853.58,10140151.88,10117427.09,9958202.56,9870286.97,10401782.02,10309220.9,10084395.82,9644539.49,9096544.91,8520836.27,2021-11-19
2515,8072153.57,7772067.8,7539282.18,7433306.61,7492587.66,7553049.32,7719250.43,8299909.14,8847416.46,9159281.31,9468758.0,9758045.69,10008929.66,9828712.65,9779724.93,9641679.75,9234607.55,9398859.7,10028207.96,9948492.94,9682751.53,9245874.24,8675061.31,8170028.87,2021-11-20
2516,7804517.98,7489972.66,7317978.68,7133995.81,7012763.09,6894805.43,6773111.47,7111942.8,7464046.5,7794751.92,8079159.61,8316369.33,8454571.4,8422615.9,8290019.62,8196851.97,8130831.71,8373155.36,9190507.35,9237554.65,9099345.44,8793882.7,8408377.22,7958459.13,2021-11-21
2517,7601669.78,7339652.57,7185068.57,7139642.63,7215529.28,7514960.13,7837498.37,8471069.39,9017897.13,9356890.99,9679049.36,9940425.97,9874053.05,9841384.19,9901131.5,9884508.67,9755501.49,9752964.01,10313282.78,10277185.98,10012238.22,9522132.44,8848681.1,8231805.28,2021-11-22
2518,7762896.19,7518124.25,7337359.86,7236584.4,7381694.06,7639098.57,7898569.52,8487262.94,8985134.34,9322971.75,9561415.25,9832429.5,9799914.24,9793620.24,9883412.42,9862094.14,9733460.68,9939880.88,10199476.72,10090615.68,9856932.26,9437818.4,8736406.69,8062450.88,2021-11-23
2519,7653199.88,7411155.7,7250316.88,7178709.71,7339239.87,7706275.2,8055307.28,8627758.5,9036005.02,9212194.11,9528610.65,9770635.47,9690571.97,9676480.62,9768882.65,9733853.71,9601663.57,9631588.5,10170036.79,10108146.66,9787705.98,9321928.45,8711682.96,8036281.89,2021-11-24
2520,7592019.04,7334779.11,7171513.6,7122017.72,7245004.91,7507449.71,7778781.06,8376058.3,8927522.36,9202131.11,9469907.2,9747486.39,9740897.31,9696544.2,9801913.12,9725401.8,9542141.6,9678922.72,10244793.42,10130242.78,9818840.77,9355453.42,8687483.66,8135782.35,2021-11-25
2521,7709665.08,7453146.74,7271935.63,7220050.54,7332452.46,7583292.15,7846407.23,8459705.7,8914323.28,9144311.73,9400508.74,9637702.5,9611483.41,9505952.34,9564684.29,9538951.23,9440331.84,9504670.2,10050222.4,9944421.91,9644367.06,9184472.57,8591975.43,8046392.08,2021-11-26
2522,7577536.3,7317939.07,7128879.1,7028370.34,7090727.46,7167201.21,7338425.5,7942673.41,8500626.46,8881502.65,9179667.43,9357691.0,9370240.68,9195214.53,9049023.45,8982801.19,8886557.28,8969184.53,9737214.29,9687751.88,9420052.39,8966438.9,8413220.07,7934731.92,2021-11-27
2523,7527715.26,7228863.27,7008209.15,6872350.75,6797357.99,6690166.64,6587524.61,6984572.47,7424620.1,7788814.2,8067414.84,8308171.29,8421912.58,8408430.45,8283147.87,8204862.28,8091391.18,8286251.41,9140118.28,9245956.77,9109937.1,8829844.15,8394481.79,7919647.98,2021-11-28
2524,7542888.55,7284291.15,7091735.12,7041571.83,7170173.81,7362495.02,7634020.14,8285376.17,8873550.98,9221144.47,9580905.6,9806438.18,9624807.11,9588697.28,9792950.68,9814690.47,9659964.9,9636852.56,10229705.66,10225649.66,9988162.61,9497822.84,8883865.04,8321798.37,2021-11-29
2525,7862727.72,7560165.21,7373630.92,7288678.98,7400042.95,7648582.3,7890250.82,8466415.36,8959946.99,9238992.22,9530792.21,9786240.35,9750266.24,9742471.42,9871048.72,9806342.76,9669698.67,9737608.88,10328633.94,10235327.98,9969057.36,9484010.01,8881958.39,8305282.18,2021-11-30
2526,7831725.9,7554064.21,7319900.64,7209341.94,7356880.92,7552128.42,7835919.62,8405038.22,8933271.73,9254806.9,9568833.4,9820752.42,9765715.67,9765464.62,9836642.31,9913015.03,9793702.06,9726287.43,10309554.8,10165049.79,9922285.55,9464568.63,8863735.11,8233479.4,2021-12-01
2527,7728398.85,7444201.59,7273961.55,7191432.33,7313401.74,7601881.91,7879440.31,8519947.88,9046804.86,9303314.65,9626899.09,9926287.87,9894648.05,9893139.43,10006351.5,10029688.76,9876297.79,9782067.08,10439303.29,10381920.62,10124534.66,9674171.12,9058898.23,8428930.29,2021-12-02
2528,7959012.79,7661958.25,7433978.07,7363751.75,7492991.46,7773004.63,8024211.47,8672944.56,9227143.27,9541147.54,9824656.65,10041928.84,9980297.99,9991790.6,10111860.84,10106111.65,9905034.17,9841624.38,10453069.86,10317428.48,10040830.51,9639620.21,9074339.6,8492391.82,2021-12-03
2529,8045448.84,7731248.85,7539276.7,7404738.02,7497764.76,7595816.49,7726882.87,8300097.17,8765287.25,9168311.35,9465408.82,9653918.57,9592787.56,9435481.22,9318438.49,9248355.1,9084142.01,9190414.3,9846478.32,9863463.36,9592400.34,9198189.13,8653727.72,8171859.39,2021-12-04
2530,7770056.03,7491038.86,7278991.15,7088801.77,7029596.36,6979337.95,6833749.02,7153956.3,7535728.51,7917432.42,8116516.11,8206080.16,8348098.53,8280113.61,8216253.19,8173636.01,8156045.79,8408959.56,9102287.31,9279731.77,9193676.59,8913682.16,8502927.97,7991859.03,2021-12-05
2531,7445377.73,7246792.66,7168234.82,7098932.79,7255604.69,7410592.17,7706226.1,8464216.58,9057136.37,9407760.57,9718799.14,10000684.22,10015524.05,10045538.55,10171649.23,10127819.57,9910011.11,9758598.16,10434020.6,10385132.46,10139703.56,9695491.17,9019585.74,8270587.97,2021-12-06
2532,7876369.4,7629491.07,7448382.91,7340424.52,7460960.72,7738455.49,7888258.98,8525759.5,9190877.63,9516389.26,9829279.11,10106834.65,10057997.82,10091621.96,10183408.69,10091193.42,9893286.89,9657420.81,10201027.92,9898930.97,9421183.48,8981798.91,8523490.76,7971728.15,2021-12-07
2533,7715652.16,7443820.62,7213826.98,6935983.11,6892990.67,6915905.44,6809953.94,7226532.56,7642003.51,8150964.2,8537657.82,8840245.08,8953879.84,8772248.39,8618667.04,8539810.87,8537513.58,8628283.61,9495398.21,9461252.68,9271442.64,8902056.6,8361806.99,7940454.99,2021-12-08
2534,7652023.75,7382771.42,7157180.64,7008509.41,7154325.31,7443992.84,7789518.88,8472946.46,9073954.22,9415812.33,9781705.75,10080588.89,10053735.4,10068708.83,10195837.15,10146944.88,9935862.69,9813434.8,10438905.23,10388697.97,10118517.68,9699442.73,9037488.99,8417093.37,2021-12-09
2535,7768558.69,7435870.33,7213253.02,7160156.54,7261830.42,7456721.01,7640005.61,8428246.89,9069358.09,9420750.92,9753762.74,10016210.67,9912195.43,9930060.23,10043240.34,10021339.3,9820505.19,9719729.46,10353452.79,10228109.48,9967969.64,9501883.78,8956990.33,8374793.86,2021-12-10
2536,7905608.52,7621715.87,7398872.51,7295627.1,7333905.91,7411982.56,7531169.24,8079213.72,8569926.57,8919255.42,9200871.13,9427908.6,9363789.38,9276870.98,9160028.28,9078187.26,8918303.78,9102137.05,9844973.28,9791275.83,9505353.75,9067686.66,8541945.84,8089518.65,2021-12-11
2537,7492507.1,7155673.69,6895204.41,6708508.72,6667167.67,6676464.09,6554704.88,6922692.73,7319059.73,7670902.58,7957468.75,8241880.22,8414707.05,8423576.49,8249954.26,8000500.35,7907163.0,8238088.58,9097353.67,9148208.61,9010613.44,8704629.95,8251678.63,7789152.07,2021-12-12
2538,7206359.57,6941685.64,6755332.35,6693774.48,6768318.09,6954725.49,7173276.74,7814523.1,8479788.21,8937081.79,9310410.81,9609593.42,9579679.03,9601615.19,9704764.12,9733560.85,9557778.12,9477134.12,10179534.09,10235566.19,10025957.47,9560539.68,8811569.02,8078678.88,2021-12-13
2539,7471800.6,7240485.08,7074314.82,6971419.52,7183855.58,7447107.4,7703667.88,8257243.13,8761999.1,9120899.87,9397732.89,9687061.02,9670309.55,9698194.86,9812994.61,9819027.78,9663645.81,9557874.75,10269219.95,10258977.69,10044502.68,9483858.03,8798700.61,8140681.71,2021-12-14
2540,7595172.22,7273909.45,7090844.38,6975457.1,7139471.3,7412092.16,7564064.9,8141519.33,8705121.36,9098237.83,9434701.02,9719695.43,9765503.64,9820707.25,9934266.32,9875861.69,9731792.69,9612229.37,10341817.38,10368725.41,10154338.27,9684864.04,8999180.56,8338767.17,2021-12-15
2541,7779310.06,7431789.0,7213979.03,7102265.01,7214181.63,7491006.75,7689784.55,8314191.14,9017726.85,9396000.6,9628008.13,9982793.11,9932583.8,9936759.14,10099054.61,10105052.54,9911025.24,9727608.47,10390029.13,10299488.89,10103702.87,9691119.85,9138432.46,8344141.26,2021-12-16
2542,7748921.93,7396245.15,7229132.51,7118733.45,7243136.68,7507629.25,7741759.4,8427227.1,9042049.67,9344844.01,9632973.65,9903434.76,9838065.17,9783154.38,9886326.12,9879306.61,9718716.17,9640411.62,10298311.15,10188532.83,9906159.57,9565181.16,8980969.2,8313954.77,2021-12-17
2543,7646561.62,7320654.01,7120570.07,6999907.02,7071888.13,7180622.38,7271261.47,7799643.43,8362676.82,8679787.52,8931112.53,9137957.95,9081264.39,8911397.17,8757716.11,8614261.07,8503447.91,8605851.7,9540545.45,9466964.09,9157999.16,8726315.04,8238853.67,7771013.44,2021-12-18
2544,7685515.72,7369126.75,7142781.36,7006653.05,6926752.26,6891987.18,6701752.0,6997706.95,7414974.87,7816696.7,8084956.53,8056019.09,8085175.45,8051956.03,7968718.8,8157700.2,8163274.77,7952983.39,8908200.56,9037131.35,8864910.32,8596312.58,8183068.9,8000763.4,2021-12-19
2545,7630007.66,7353734.9,7190886.29,7112426.12,7232669.96,7438000.58,7671103.67,8346171.88,8919346.99,9288743.54,9608736.24,9918676.36,9927199.57,9940022.25,9753869.27,9650371.08,9457902.48,9311613.18,9989827.82,9941990.98,9675200.65,9244987.81,8650994.48,8096808.68,2021-12-20
2546,7609626.59,7293393.81,7107262.39,7018289.53,7114084.04,7323170.57,7512435.39,8106327.49,8669235.4,8951739.83,9220007.73,9460792.25,9441425.0,9461296.94,9563434.36,9582969.31,9405299.83,9278045.95,9915669.59,9907177.69,9677010.3,9237093.39,8635324.19,8062209.49,2021-12-21
2547,7548535.08,7275594.76,7053653.36,6977523.98,7137258.96,7374274.05,7572156.21,8186597.8,8719141.64,9012924.29,9321912.0,9596233.01,9509065.63,9441042.58,9516008.47,9420787.96,9292683.7,9158280.83,9880471.57,9899625.27,9679290.33,9253694.66,8676517.57,8136645.53,2021-12-22
2548,7932255.31,7625552.51,7420304.91,7326660.68,7453111.73,7626124.99,7834129.29,8382906.22,8945162.58,9234635.92,9217040.2,9442670.68,9392745.44,9358831.77,9470678.98,9378400.19,9188085.55,8985233.6,9702348.3,9700074.96,9462210.37,9027500.05,8520962.0,7970972.61,2021-12-23
2549,7474931.21,7150981.87,6908591.8,6761992.08,6801992.91,6920825.56,6968820.62,7485642.17,7954925.29,8253143.92,8522072.08,8653672.02,8526508.36,8375972.03,8183684.21,8125726.04,8049209.75,8076807.86,8935980.92,8935460.72,8469403.68,7954437.94,7573749.31,7379489.72,2021-12-24
2550,7230776.65,7039000.54,6832683.94,6676291.52,6553275.03,6445260.7,6169891.71,6314315.73,6625378.12,6916720.22,7206018.88,7441535.66,7595440.92,7604292.41,7553607.54,7496955.79,7392911.48,7447756.27,8307441.87,8432536.98,8322236.21,8100414.81,7759061.75,7409540.88,2021-12-25
2551,7050601.98,6765130.54,6571820.07,6438514.85,6401646.79,6384999.59,6142294.06,6505377.37,7083090.87,7500094.86,7855839.53,8053124.12,8206077.54,8247521.13,8193887.63,8111243.86,7972404.89,8055420.04,8909105.11,9053394.35,8783308.13,8354566.54,7975245.82,7545621.47,2021-12-26
2552,7164345.88,6882322.5,6687157.92,6606715.49,6689196.07,6893059.77,7086794.12,7698178.77,8342392.9,8703680.8,8977310.43,9240732.57,9259660.11,9338839.81,9387499.66,9371238.97,9153987.12,8985434.69,9677328.08,9673188.56,9385745.99,8972344.77,8378789.85,7824821.07,2021-12-27
2553,7303260.21,7022045.06,6836115.78,6744403.62,6838728.37,7041222.15,7202947.9,7754730.8,8328479.69,8664440.53,8981311.66,9232961.28,9238533.27,9292116.67,9363052.66,9332911.97,9166991.15,8981296.35,9757680.11,9655275.22,9392556.14,8943529.67,8350518.63,7825460.22,2021-12-28
2554,7267261.6,6950129.41,6762088.18,6639559.07,6745087.15,6959723.15,7196777.26,7746380.03,8279222.35,8613413.24,8965966.07,9203357.72,9282382.35,9319114.49,9252408.94,9122517.82,8975345.87,8947853.42,9679181.42,9644188.7,9370779.54,8975304.47,8341710.2,7787971.54,2021-12-29
2555,7333013.75,7032008.63,6869837.43,6821800.4,6847752.95,7013071.21,7315745.21,7717915.06,8203421.18,8646673.82,8945407.81,9213725.9,9157095.07,9120900.59,9103171.19,9047756.76,8877068.86,8873282.09,9466530.47,9481383.45,9214039.37,8835085.1,8283248.66,7778282.2,2021-12-30
2556,7498072.64,7176818.23,6909676.14,6769355.96,6751387.08,6722433.15,6741189.72,6938264.78,7334736.89,7764882.53,7915778.24,8097333.32,8081615.3,8080887.07,7955397.96,7903423.35,7901563.71,7952574.14,8615608.69,8623319.35,8326771.26,7940540.39,7394329.53,7053209.46,2021-12-31
2557,6761781.61,6584736.58,6435516.95,6330269.34,6252830.53,6211153.16,5886654.51,5912957.19,6119940.7,6307025.31,6501276.34,6573987.43,6709381.3,6764081.59,6736308.8,6662488.39,6614693.56,6691039.0,7575202.11,7774685.73,7654694.89,7437818.69,7130694.2,6796915.69,2022-01-01
2558,6747292.23,6483225.92,6355468.69,6253929.47,6196955.31,6221160.69,6020478.09,6171268.44,6429537.47,6655141.83,6971934.86,7251162.52,7399497.38,7426108.49,7360581.03,7296271.11,7225972.44,7284964.46,8121711.76,8306058.19,8183232.58,7956464.78,7635190.32,7188241.72,2022-01-02
2559,6918236.03,6731576.04,6613855.86,6577095.34,6639395.06,6810406.25,6904336.26,7370607.05,7885618.1,8212363.83,8552698.41,8872505.02,8969104.4,9052406.52,9128706.34,9114078.93,8920649.36,8741361.88,9455716.68,9582991.72,9356506.93,8939315.16,8390789.51,7752182.15,2022-01-03
2560,7424779.25,7196260.0,6978341.54,6894719.34,6950553.18,7148726.9,7253591.67,7775972.98,8286236.28,8607737.7,8890547.34,9207980.31,9212407.65,9305594.63,9377461.27,9350168.46,9176784.86,8939150.65,9627868.83,9741892.51,9451057.83,9034247.68,8448940.75,7872857.06,2022-01-04
2561,7485788.16,7183707.97,7040285.05,6945255.65,7018597.5,7190600.34,7311067.84,7755260.87,8292121.89,8607336.74,8979503.6,9237344.55,9225029.19,9214636.71,9332530.72,9394813.66,9236189.06,9089288.65,9739706.77,9849086.62,9567830.29,9153313.04,8566328.93,7994297.39,2022-01-05
2562,7521641.9,7249885.97,7092081.05,6994271.63,7075884.34,7236304.57,7359031.68,7846622.92,8385670.83,8702192.08,9022952.12,9299751.51,9353010.64,9396090.8,9392179.93,9408647.21,9296860.66,9136638.83,9761307.95,9833199.16,9538404.92,9089352.54,8535261.22,7962228.84,2022-01-06
2563,7587503.87,7266053.92,7123883.69,7026561.11,7095314.91,7270528.94,7399444.06,7925529.82,8420706.0,8763363.79,9084000.33,9358915.67,9409549.06,9411547.59,9484519.99,9447925.8,9262485.25,9086128.9,9732305.94,9809828.79,9554337.34,9129384.53,8605694.32,8069793.96,2022-01-07
2564,7671452.5,7393783.85,7220353.02,7111692.88,7115643.85,7185064.05,7236794.97,7664619.69,8163729.53,8520408.36,8850934.04,9102032.6,9128040.88,9053236.11,8909618.92,8812853.34,8697220.14,8689699.45,9376104.1,9511879.92,9241128.54,8826353.07,8324517.88,7860890.7,2022-01-08
2565,7467186.52,7167857.99,6969525.48,6821046.41,6781898.08,6756467.13,6545100.61,6805980.42,7178968.65,7485661.76,7755572.54,7993749.26,8127328.28,8093994.31,7978428.12,7869393.56,7786101.87,7769976.19,8566838.75,8796324.3,8591814.55,8309298.62,7942631.24,7582504.79,2022-01-09
2566,7204510.37,6937130.25,6738504.97,6620186.28,6613524.1,6648139.76,6513849.08,6818976.97,7207039.7,7551334.29,7892645.11,8203816.49,8315725.01,8251437.59,8154725.6,8083499.54,7990517.22,8033692.69,8872376.07,9036714.31,8840987.47,8472349.94,8062805.17,7621202.5,2022-01-10
2567,7256809.57,7033038.34,6878011.24,7026591.65,6941517.86,7181458.26,7396523.06,8198174.95,8522786.47,8787978.46,9060068.94,9269680.32,9307872.39,9290094.09,9371209.54,9339302.14,9180358.93,8989303.32,9609484.76,9741988.06,9494500.08,9061290.36,8494717.74,7882353.74,2022-01-11
2568,7607523.3,7527432.4,7345717.42,7159532.7,7131681.54,7301850.75,7603071.26,8051777.31,8556996.16,9214603.17,9224337.73,9522684.65,9505933.06,9497167.92,9607062.1,9543888.59,9421970.16,9201269.77,9791163.67,9944904.72,9681961.83,9215751.25,8617049.51,8009402.32,2022-01-12
2569,7547274.02,7283148.87,7097393.89,7022568.91,7139691.68,7368855.34,7597656.18,8190146.35,8943759.45,9373380.6,9721224.38,9983869.89,9999182.05,9961378.97,10058389.85,10012224.24,9886420.8,9714888.6,10152841.07,10164874.55,9987464.64,9483932.18,8836915.34,8289670.31,2022-01-13
2570,7607332.02,7524813.06,7321232.9,7246288.52,7162594.4,7399485.88,7670929.34,8227075.38,9026836.08,9374868.92,9624154.05,9751097.03,9867804.76,9688531.5,9778919.4,9753499.38,9571547.67,9553290.73,9802455.7,9909193.69,9660472.5,9234382.31,8697848.37,8099406.55,2022-01-14
2571,7593030.34,7317905.73,7137105.12,7054300.77,7090007.18,7222803.63,7337006.87,7801584.44,8275668.87,8658740.18,8984837.74,9258249.7,9231794.55,9092136.11,9003024.21,8897817.28,8771612.74,8698719.29,9421060.83,9594320.41,9301907.22,8829471.37,8311461.46,7844819.87,2022-01-15
2572,7447240.91,7144630.44,6937609.05,7063495.81,6723510.37,7017052.47,6496273.77,6771711.25,7163094.89,7516960.51,7848811.38,8103236.86,8278518.57,8265413.35,8445737.67,8059330.26,7929512.84,7992676.56,8848208.92,9127634.97,8999788.89,8709380.22,8295428.4,7815623.2,2022-01-16
2573,7426222.23,7132064.09,6995926.48,6936408.79,7038756.03,7294450.99,7594327.62,8184951.99,8761994.87,9085203.51,9392241.48,9652996.63,9648261.12,9696891.99,9798630.81,9787915.59,9591332.0,9316027.55,9893131.93,10099889.53,9879986.21,9445838.4,8818594.97,8187272.75,2022-01-17
2574,7744173.68,7486684.78,7334789.62,7258852.55,7355119.48,7655941.05,7906810.16,8432496.03,8940802.54,9159556.73,9525706.56,9813878.69,9748574.94,9784920.64,9888548.95,9865495.97,9628909.25,9356369.28,9926317.08,10098772.78,9806636.44,9378537.29,8788366.97,8157039.06,2022-01-18
2575,7700917.1,7438311.34,7242713.58,7153119.71,7278103.28,7568221.82,7844286.01,8356104.34,8897029.58,9178024.08,9572827.45,9933260.14,9848237.22,9865494.02,9985042.51,9992271.87,9827708.0,9486032.85,10043140.83,10239544.13,9986907.3,9549464.24,8937741.8,8276013.09,2022-01-19
2576,7792660.39,7498035.32,7302479.31,7222259.52,7310676.1,7651124.57,7906823.03,8446648.14,8983999.74,9299899.85,9591405.96,9959222.81,9909714.49,9937320.36,10096577.79,10049361.58,9899942.21,9556738.87,10076787.69,10275334.29,10059855.35,9636225.45,9020558.94,8401449.23,2022-01-20
2577,7920441.77,7637133.28,7415075.56,7319967.05,7456808.17,7743697.58,7972519.38,8520941.01,9035253.6,9386417.36,9842186.2,10250286.07,10199660.1,10205653.72,10385921.84,10299519.93,9947011.37,9639793.33,10182554.38,10328239.82,10072825.31,9674927.32,9124320.16,8480444.0,2022-01-21
2578,8015026.44,7691936.95,7485658.45,7389127.13,7398886.51,7525864.09,7633803.57,8113063.86,8651379.08,8997470.19,9279344.85,9551240.71,9503173.85,9412322.72,9316184.62,9229171.09,9030590.1,8954305.89,9631680.83,9797853.75,9534262.16,9104071.12,8596082.0,8118240.38,2022-01-22
2579,7717824.74,7395583.27,7164250.49,7025074.88,6964961.3,6943300.95,6801777.57,7007696.36,7355561.93,7689382.14,7986036.63,8276766.1,8416722.82,8384724.42,8296122.72,8235198.43,8099308.24,8018598.62,8824503.57,9199355.89,9062616.49,8786069.72,8342956.84,7885787.4,2022-01-23
2580,7470931.98,7220250.0,7050164.23,6986397.2,7131118.07,7553625.96,7807240.41,8309520.18,8846860.09,9242004.86,9626673.3,9856231.18,9814608.65,9873354.98,10015065.56,10020590.91,9808375.76,9471695.57,9977893.54,10219734.42,9999745.47,9567437.1,8944221.4,8285624.72,2022-01-24
2581,7806440.64,7535577.84,7286837.4,7279209.14,7417174.18,7814186.39,8010215.09,8451938.1,8926005.7,9288064.13,9653894.8,9887733.1,9822669.88,9857138.58,9975994.7,9945272.37,9772527.61,9479993.69,9995735.86,10201719.44,9979849.05,9533211.46,8911357.09,8268133.35,2022-01-25
2582,7807507.84,7485164.44,7347979.17,7292645.29,7419419.02,7799895.26,8044904.83,8510897.0,8993719.43,9300143.01,9592032.18,9832788.91,9773094.56,9804418.76,9948638.75,9957769.49,9841916.32,9523565.59,10013445.37,10198068.75,9975447.11,9552758.97,8957510.79,8320147.82,2022-01-26
2583,7817410.17,7558316.03,7369099.58,7283821.69,7409673.64,7824158.74,8050707.21,8524294.97,8983308.4,9263886.89,9574096.88,9898571.46,9840206.38,9863147.34,10050850.38,10059365.63,9864889.03,9611385.71,10129378.01,10313554.02,10071949.23,9547533.37,8929235.5,8284278.68,2022-01-27
2584,7810277.65,7523427.52,7364149.29,7290549.32,7415300.02,7795013.43,7996143.55,8482681.65,9047598.57,9359377.25,9702429.29,9998194.76,9923015.52,9973028.39,10094197.32,10100168.55,9948285.18,9627783.81,10037234.55,10170789.9,9893022.56,9473066.91,8957274.07,8360569.25,2022-01-28
2585,7895515.46,7602846.63,7430297.72,7303938.04,7350219.95,7511699.19,7632674.45,8102751.14,8605257.19,8940024.3,9259400.69,9492614.88,9475014.48,9324590.82,9213331.63,9127867.8,8958823.34,8772969.22,9459768.28,9653772.5,9390834.94,8933332.01,8386556.94,7915645.67,2022-01-29
2586,7471847.33,7187291.68,6975286.63,6797432.41,6741224.86,6728834.03,6554614.7,6814200.63,7228603.42,7541835.76,7781399.56,8022898.74,8116028.19,8110228.03,8032050.23,7964875.37,7863245.73,7831841.58,8582957.69,8944458.66,8841886.75,8578043.67,8153813.77,7642957.26,2022-01-30
2587,7282530.37,7046396.31,6915118.71,6804105.6,6950099.86,7424507.98,7663364.42,8109356.28,8637458.39,8986704.78,9347286.27,9576542.7,9508757.85,9581531.52,9777080.43,9750001.49,9573178.95,9270560.49,9809092.78,10067693.86,9859558.28,9417029.43,8759003.64,8091128.59,2022-01-31
2588,7624780.53,7376274.09,7205183.94,7126781.6,7298713.39,7818342.47,7971679.75,8315583.85,8784384.82,9106164.07,9445092.28,9746389.32,9633963.01,9786926.2,9956745.08,9973817.28,9832288.96,9533816.6,10078048.85,10348119.93,10049579.96,9523814.97,8897997.94,8230189.51,2022-02-01
2589,7796607.0,7539586.23,7171067.47,7088631.89,7444893.47,7946296.08,8083659.28,8454698.5,8908019.15,9201678.97,9553206.61,9848593.27,9794659.12,9892302.02,10104083.91,10098027.77,9907851.59,9547108.16,10037938.57,10337959.01,10133290.58,9665835.39,9007300.34,8331538.42,2022-02-02
2590,7864765.73,7592979.01,7391701.64,7321473.66,7482417.44,7967768.24,8135830.72,8505535.05,8959898.58,9263935.35,9615259.64,9963143.35,9862130.65,9977901.77,10212814.98,10218793.79,10000507.31,9649554.54,10146162.37,10442391.61,10152199.79,9770389.65,9098544.36,8445039.31,2022-02-03
2591,7999090.45,7700615.47,7520594.36,7434940.0,7583921.32,8091936.51,8253806.81,8622574.05,9070505.7,9356459.37,9710273.42,9977664.18,9869514.72,9964418.12,10096875.75,10096205.8,9932361.85,9528530.32,10042998.3,10250640.3,9998815.21,9570025.19,9028537.68,8442382.16,2022-02-04
2592,8003021.51,7701254.21,7493942.43,7367529.92,7390774.08,7526215.8,7675996.45,8126970.52,8671963.9,9026188.24,9369271.11,9587552.06,9556923.86,9348369.74,9158131.56,9094642.39,8961888.67,8879072.79,9472954.48,9702796.35,9425915.4,8941163.54,8417956.3,7929444.57,2022-02-05
2593,7557874.23,7275613.32,7039045.1,6887182.85,6802451.06,6766137.77,6570776.74,6783820.39,7198624.89,7542380.35,7765591.24,8082928.56,8217762.76,8198073.21,8101880.83,8073344.98,8001027.96,7971759.74,8704451.61,9078579.49,9000454.88,8719861.65,8292378.3,7811589.95,2022-02-06
2594,7408624.31,7196740.32,7068879.36,6991114.81,7189185.22,7756520.5,7945315.33,8348007.88,8785243.72,9079394.5,9400566.09,9604582.01,9526670.37,9608261.02,9701770.93,9757109.88,9623334.43,9348734.0,9872012.58,10162732.15,9950633.54,9426318.69,8810821.87,8168097.81,2022-02-07
2595,7740904.52,7471399.68,7292718.48,7240121.64,7498155.59,8044938.9,8167485.36,8473827.98,8937094.77,9243553.99,9569435.55,9692937.73,9602432.0,9578391.41,9602257.24,9541469.7,9495246.01,9222979.32,9731412.66,10039894.29,9842175.33,9350194.76,8665431.55,8015795.36,2022-02-08
2596,7461919.46,7352930.92,7210938.31,7178740.37,7337267.13,7925614.75,8069287.48,8450260.04,8902238.4,9152309.82,9454723.21,9650457.4,9524098.97,9594786.86,9825325.22,9857051.2,9715362.74,9414156.3,9957027.89,10192227.99,9939962.09,9443673.82,8749770.57,8124116.33,2022-02-09
2597,7685108.59,7420984.23,7250147.97,7186010.62,7379117.37,7913360.87,8000737.47,8348851.28,8798177.43,9102066.32,9438803.86,9718029.01,9592377.27,9730305.47,9869529.0,9888560.05,9716475.6,9423014.71,9912533.92,10161006.43,9956161.54,9502480.69,8847337.73,8208576.05,2022-02-10
2598,7780363.38,7509172.75,7321589.18,7266072.57,7456706.65,7986728.24,8117793.53,8488721.2,8960538.03,9276061.72,9638414.95,9926802.48,9796839.12,9865860.01,10016660.71,10073502.6,9848979.23,9484922.1,9998449.27,10266287.26,10014425.36,9555735.87,8964765.08,8331784.01,2022-02-11
2599,7907126.49,7615022.81,7435821.81,7326825.14,7369779.25,7538156.98,7660756.62,8171579.24,8723956.73,9064209.8,9376145.54,9630792.51,9561903.67,9445358.23,9369987.11,9253834.4,9130361.92,9012242.04,9661989.2,9909036.74,9624430.91,9176321.78,8641938.35,8147027.84,2022-02-12
2600,7729483.31,7430955.19,7221652.35,7102904.67,6986389.71,6919376.64,6748115.7,6966144.0,7403682.18,7748679.63,7974517.16,8217753.79,8369505.08,8358266.68,8265051.39,8253470.28,8185528.57,8171906.98,8983543.45,9335380.58,9213115.53,8891584.15,8467349.66,7966061.47,2022-02-13
2601,7547018.94,7305563.15,7131150.74,7059480.75,7278006.34,7863838.84,8023071.56,8415108.87,8930566.75,9225908.39,9574265.12,9822109.14,9683335.51,9778714.23,9914352.79,9900668.72,9757486.9,9442034.2,9907786.25,10155096.25,9982141.91,9523929.05,8880560.18,8228803.17,2022-02-14
2602,7790622.67,7493484.38,7359109.26,7274937.51,7450991.89,7966732.86,8108124.33,8483072.13,8918663.86,9158369.61,9443252.23,9678931.97,9564903.5,9650027.28,9851031.82,9883340.95,9709374.83,9356929.28,9810013.4,10104145.14,9882187.86,9441903.61,8760559.32,8127423.34,2022-02-15
2603,7655373.02,7415650.74,7232067.74,7182112.55,7380689.56,7959013.36,8076287.27,8440720.86,8837511.85,9109735.44,9432266.8,9690521.29,9553360.37,9683435.9,9905604.14,9947769.36,9781041.34,9444905.67,9954696.51,10204746.87,10031148.61,9587295.84,8934577.62,8303225.55,2022-02-16
2604,7867597.34,7565368.44,7356372.95,7286337.46,7492680.39,8077251.73,8166025.76,8520556.4,8966233.01,9253486.5,9628543.43,9888250.13,9784162.07,9888741.9,10144693.25,10143642.23,9926739.62,9580780.21,10113104.61,10361403.08,10124070.59,9650724.38,8982229.02,8349456.76,2022-02-17
2605,7878865.2,7626866.83,7448272.94,7347056.73,7539210.3,8078566.8,8214957.05,8577299.27,9025591.36,9346593.91,9650039.44,9902856.3,9722177.93,9740285.29,9941291.0,9912223.02,9711002.25,9369965.78,9905681.02,10098992.66,9817657.04,9355748.36,8806575.84,8229022.17,2022-02-18
2606,7823330.59,7582310.15,7394756.95,7279543.55,7323555.28,7486123.73,7645651.14,8113751.79,8649179.43,8992254.71,9285572.42,9425976.32,9404906.26,9285988.8,9176216.32,9115367.14,8976092.08,8877926.2,9484644.7,9714965.6,9452601.69,9021740.6,8482713.88,7983582.42,2022-02-19
2607,7595976.14,7336294.31,7102316.77,6956312.03,6897784.25,6820089.11,6616410.66,6876143.47,7279232.62,7640994.2,7901625.87,8124160.5,8262922.18,8240099.89,8117132.12,8024033.62,7920497.25,7913695.28,8616563.39,9017639.87,8876161.15,8560092.38,8141148.08,7652660.76,2022-02-20
2608,7292879.45,7079438.86,6924220.65,6862514.7,7113357.24,7730050.23,7839436.42,8295108.62,8795979.1,9134271.05,9498454.09,9769427.69,9700390.33,9786054.39,9994486.22,9957178.79,9834691.26,9545313.18,9958630.99,10228801.06,9954451.05,9530964.34,8857754.53,8216485.01,2022-02-21
2609,7765335.5,7488364.74,7336357.57,7371214.68,7624380.05,8175917.86,8200192.29,8570208.41,9075122.88,9377119.54,9769155.89,10202467.95,10110566.08,10234850.28,10433178.86,10423619.36,10068100.86,9821163.23,10441213.84,10779316.08,10434513.66,9830080.63,9023331.58,8344916.35,2022-02-22
2610,8101995.83,7620361.38,7611410.73,7612265.09,7578363.05,8087345.73,8199727.76,8583759.62,9035987.31,9548165.6,9946281.5,10016195.9,9856602.43,10045332.44,10162761.71,10177807.82,10223980.62,9978481.34,10169341.74,10443162.15,10183198.02,9833300.72,9164354.89,8645207.64,2022-02-23
2611,7965529.57,7656536.84,7739796.97,7750031.3,7687211.77,8128287.66,8257990.15,8647137.36,9126518.54,9367590.0,9654293.12,9909198.0,9805651.96,9898160.25,10069418.75,10109709.39,9899101.94,9598845.22,10074370.54,10285032.48,10054043.28,9607727.08,8951888.82,8327395.13,2022-02-24
2612,7845865.41,7598559.73,7433630.73,7371032.0,7557603.22,8063038.38,8218051.96,8652516.37,9076138.85,9340076.96,9754578.53,10050651.94,9940781.33,9976277.88,10103273.44,10077821.98,9846696.12,9544549.94,9962748.9,10268371.17,10017301.75,9560314.93,8996646.25,8393535.58,2022-02-25
2613,7951997.36,7661174.51,7484372.49,7356383.15,7411774.79,7570118.91,7708653.04,8211261.94,8740461.79,9102635.58,9420205.39,9597468.84,9567277.88,9432987.12,9292914.24,9211332.31,9016427.84,8825262.42,9444222.19,9708157.77,9453334.3,9044986.49,8534662.74,8076129.97,2022-02-26
2614,7649069.04,7394372.28,7155031.41,7017447.46,6943056.16,6913181.79,6751244.35,6990157.53,7374094.06,7731630.51,7970409.49,8197467.43,8335234.95,8288010.85,8171934.67,8055649.84,7983844.58,8038430.52,8742355.34,9047772.27,8918530.74,8568281.9,8136732.39,7684638.8,2022-02-27
2615,7320975.52,7097482.7,6965828.37,6932888.01,7158295.2,7744586.13,7900207.28,8277913.66,8813881.9,9062721.99,9359103.76,9580561.91,9505346.96,9520031.65,9660701.07,9602526.74,9458794.32,9233623.84,9731326.55,10013420.16,9825386.81,9376583.2,8674384.33,8046542.55,2022-02-28
2616,7615241.9,7371583.74,7202289.78,7151455.55,7345023.84,7893216.42,7985852.11,8364852.86,8782422.03,9084626.57,9424029.95,9680693.4,9538454.63,9648207.37,9781930.3,9715863.52,9589642.85,9344225.39,9880158.05,10209262.19,10012582.52,9583335.38,8886809.38,8239181.22,2022-03-01
2617,7786445.01,7563525.91,7398426.39,7317723.25,7518040.72,8112240.74,8201879.29,8516208.61,8938323.06,9198164.64,9490838.06,9743964.85,9585845.65,9596630.59,9670534.0,9641639.54,9532946.55,9276279.13,9784903.71,10021958.46,9842027.91,9393643.47,8732516.06,8102753.12,2022-03-02
2618,7695399.26,7433795.78,7287171.97,7198660.91,7400261.28,7974262.26,8104250.68,8467548.8,8903662.95,9229895.85,9551734.98,9732955.96,9611243.52,9583823.04,9830392.44,9830883.66,9660744.33,9379170.8,9786520.99,10029894.23,9770861.22,9439921.11,8866222.65,8242235.51,2022-03-03
2619,7788802.2,7537858.87,7382147.09,7291311.18,7495826.18,8049746.55,8144719.39,8500267.08,8905102.18,9130503.07,9458084.4,9751275.73,9670020.49,9690666.1,9814402.27,9803719.48,9655926.17,9471796.33,9852861.45,10003808.82,9770709.13,9376612.47,8929522.34,8354828.66,2022-03-04
2620,7773297.97,7614911.48,7439398.92,7332006.58,7427157.71,7602331.67,7732326.66,7999709.5,8480689.9,8838289.93,9104692.58,9282910.35,9236289.24,9039575.34,8938859.95,8819317.91,8702220.13,8574503.31,9312276.62,9492600.75,9224232.69,8681415.05,8180863.74,7887770.49,2022-03-05
2621,7559632.39,7237905.53,7026953.08,6904050.49,6833518.28,6811457.38,6610624.47,6823725.02,7231518.82,7514502.49,7685736.35,7965589.35,8095282.19,8077931.27,7824592.63,7673968.23,7576008.08,7671865.02,8424744.66,8684207.86,8566725.82,8285643.55,7893969.59,7452638.84,2022-03-06
2622,6891942.38,6657931.15,6557818.37,6514413.32,6784781.25,7361363.7,7566759.15,8070311.44,8547040.98,8886294.28,9291639.33,9626800.69,9486620.44,9535853.77,9687085.6,9708641.72,9551877.54,9309312.18,9796920.79,10147456.27,9905694.58,9450862.88,8649439.68,7876350.76,2022-03-07
2623,7664672.21,7477800.98,7067061.33,7007226.82,7249386.26,7782225.43,7835972.19,8276651.12,8684577.49,9053924.06,9475656.58,9766375.42,9645254.39,9634206.51,9901083.04,9968186.85,9836719.48,9488308.27,10005459.04,10298461.94,9920675.67,9416467.9,8709879.35,8039735.31,2022-03-08
2624,7639539.23,7399235.62,7196128.3,7052508.39,7227200.94,7743099.34,7827435.15,8274228.43,8758692.09,9118350.36,9574541.84,9849189.7,9756786.44,9853177.73,10084395.23,10105586.77,9895886.79,9503928.66,9926823.08,10306774.44,10034197.01,9458643.34,8789749.02,8104751.94,2022-03-09
2625,7813842.29,7554898.83,7385334.15,7320901.71,7504110.99,8076055.33,8049960.92,8383505.72,8888498.96,9244693.59,9608070.08,9912726.72,9764834.45,9824537.8,9994976.12,9961830.19,9754584.76,9495461.08,9936013.55,10271640.19,10055481.14,9490835.29,8776148.82,8137399.97,2022-03-10
2626,7700443.34,7431209.0,7202475.67,7185432.03,7379632.51,7913025.42,8130383.7,8563720.27,8998016.52,9351924.39,9647773.38,9917568.59,9880384.18,9955106.87,10063275.44,9938231.57,9739833.24,9454684.57,9878705.36,10137458.8,9898482.4,9478288.66,8939150.03,8349684.75,2022-03-11
2627,7858361.72,7564356.83,7301638.65,7196105.5,7216980.93,7422191.85,7597824.16,8097544.78,8684357.61,9091408.73,9342255.67,9635471.35,9623118.12,9484729.62,9333419.41,9199272.88,9073275.24,8977330.28,9478243.23,9699780.16,9442866.15,8975399.81,8434415.83,7956788.41,2022-03-12
2628,7554328.85,7176686.17,6932805.31,6841600.29,6865008.1,6875629.41,6778685.66,7026641.51,7379090.98,7650694.57,7869425.88,8006488.11,8119116.8,8069944.76,7915613.88,7860959.2,7904787.1,8015279.13,8739975.36,9141254.46,9023352.24,8724537.24,8252632.43,7775158.19,2022-03-13
2629,7441589.65,7206948.39,7057474.26,6994332.13,7228001.14,7777469.52,7936417.52,8456583.37,8992315.25,9340994.01,9661396.78,9927097.34,9887623.99,9983478.99,10099825.7,10078255.15,9928509.23,9596669.47,10020263.3,10230138.92,10027067.13,9531398.65,8875021.4,8249988.17,2022-03-14
2630,7806668.48,7540421.87,7382717.54,7298428.99,7500974.38,8046022.93,8152550.59,8583014.69,9011346.64,9262493.75,9599190.02,9803904.53,9761716.3,9850798.71,10045904.41,10101204.06,9930576.73,9609735.37,10140500.77,10396393.06,10163740.34,9699788.82,9004381.7,8374629.3,2022-03-15
2631,7907101.94,7645586.6,7471480.75,7389172.78,7602450.2,8167350.47,8234654.48,8612693.23,9070413.67,9366400.14,9734822.35,9988789.76,9880426.21,9997034.87,10169575.03,10176694.06,9965458.9,9630613.11,10108645.83,10401917.72,10185265.42,9704975.2,9032153.68,8349475.9,2022-03-16
2632,7892057.64,7567536.29,7437173.89,7393930.0,7620329.74,8152631.81,8217700.19,8633991.75,9109499.01,9383898.73,9701193.18,9949058.23,9876190.38,9969801.69,10152269.41,10077643.8,9736963.14,9591178.75,10104176.26,10423990.25,10203125.37,9745856.78,9067117.74,8403189.64,2022-03-17
2633,7959075.23,7732458.58,7539054.15,7445329.81,7659442.72,8155357.33,8248086.1,8658778.3,9171866.11,9433050.06,9787924.93,9993837.11,9896000.69,10000416.41,10167948.55,10140140.73,9971858.48,9653594.54,10089880.4,10326441.68,10088340.88,9658844.77,9098955.56,8444729.13,2022-03-18
2634,8061558.0,7442074.27,7210636.15,7101810.46,7408026.26,7292690.0,7366648.65,7960319.38,8707600.51,9045588.21,9323471.94,9539718.07,9544873.61,9370971.73,9259071.11,9213857.3,9062102.72,8976307.18,9603522.49,9836357.98,9556696.74,9066215.89,8531476.61,7910322.37,2022-03-19
2635,7469081.27,7199724.51,6976664.84,6821152.6,6785696.91,6754947.4,6623960.05,6934176.7,7290696.29,7616427.76,7998296.9,8154522.96,8282354.02,8244861.96,8120124.3,7951454.32,8031413.21,8020243.81,8720062.83,9037566.42,8868495.78,8573431.9,8154621.25,7601282.92,2022-03-20
2636,7037930.02,6794379.71,6625997.36,6508962.04,6494944.51,6531542.06,6493411.73,6848882.73,7384200.92,7902577.3,8284176.17,8577856.15,8699618.54,8653469.73,8518276.35,8432014.16,8357979.87,8356185.92,9099785.06,9477944.26,9327649.61,8967718.79,8463544.44,7767234.35,2022-03-21
2637,7338669.03,7093859.22,6942453.54,6898417.56,7132972.96,7658407.01,7791507.17,8287720.15,8824320.84,9256358.1,9637218.43,9939101.16,9836296.7,9871114.78,10046027.76,10070150.46,9859111.27,9542166.85,10086069.18,10405307.5,10159664.24,9719109.89,8930458.7,8186247.63,2022-03-22
2638,7917703.69,7648566.21,7476636.7,7408872.03,7635047.54,8076871.81,8115774.91,8563063.07,8906059.78,9313012.08,9708854.7,9929306.62,9865446.27,9944552.68,10114663.5,10124906.28,9938173.39,9623843.33,10101470.96,10398024.82,10186736.54,9717903.33,9021270.16,8421066.41,2022-03-23
2639,7740273.61,7451552.02,7257060.98,7196526.45,7430201.98,7925892.98,8001518.51,8432888.86,8948474.34,9308236.76,9788590.76,9987486.96,9961330.74,10024419.62,10105592.49,10062495.45,9891696.16,9775649.07,10357748.39,10608319.67,10198824.04,9777918.24,8994665.52,8334113.91,2022-03-24
2640,8088674.28,7784860.39,7606308.31,7535874.12,7686998.74,8184415.33,8306697.92,8746572.24,9241109.23,9507597.5,9863711.49,10119017.03,10070026.71,10134015.34,10309380.38,10355403.49,10149721.24,9860524.14,10278999.85,10495776.64,10230062.5,9796588.39,9228802.03,8641717.27,2022-03-25
2641,7855710.3,7514417.37,7325172.72,7216841.17,7267791.57,7398575.41,7609987.5,8187301.36,8704110.27,9069239.87,9391839.43,9638029.76,9564116.29,9394669.02,9269845.96,9121882.41,8992653.31,8892422.82,9588386.95,9788385.13,9520565.51,9051380.83,8351489.4,7892054.44,2022-03-26
2642,7675519.14,7367688.13,7175066.03,7051034.65,6986048.49,6969027.48,6804833.52,7158403.78,7494637.25,7769200.29,8020021.97,8223924.27,8335898.88,8287224.65,8128041.41,8017928.72,7899476.97,7950763.95,8664230.07,8958986.94,8798322.62,8520883.19,8122523.2,7598482.74,2022-03-27
2643,7070734.17,6830837.96,6716838.66,6694963.15,6924098.5,7489125.52,7666754.39,8128686.04,8608648.21,8944490.2,9439359.6,9737277.01,9615446.38,9624430.44,9795137.12,9812306.34,9675455.12,9316990.51,9956709.81,10200150.04,9935512.09,9412146.8,8630029.5,7697126.53,2022-03-28
2644,7216809.3,6976098.27,6858768.5,6782121.67,7018287.11,7546645.88,7707161.99,8226900.49,8630850.61,8996702.44,9351449.73,9652497.95,9604069.17,9608674.24,9757056.87,9689635.38,9558920.47,9372974.84,10087594.88,10238536.67,9862960.96,9307017.17,8545625.28,7902724.47,2022-03-29
2645,7508935.09,7136443.24,6944977.09,6877425.52,7171987.05,7645545.23,7792588.61,8255824.16,8699050.14,8972384.82,9288077.36,9744776.07,9697906.36,9728439.96,9900293.75,9912047.54,9758766.85,9409703.67,10053793.49,10232667.17,9960545.76,9400903.85,8683318.19,8026170.06,2022-03-30
2646,7492200.85,7240543.15,7066026.22,7014066.04,7225337.41,7759009.72,7862440.45,8324132.45,8727956.07,8988073.13,9429582.41,9735013.19,9677686.84,9748889.53,9903857.92,9880541.11,9710065.7,9461137.84,10152842.4,10303235.49,9977163.31,9472384.2,8688327.77,7965401.7,2022-03-31
2647,7509031.42,7364238.57,7195538.88,7144088.41,7237881.89,7644772.44,7786723.75,8198483.41,8694460.55,8962955.13,9246970.89,9557617.87,9494793.88,9620946.45,9763903.39,9818956.35,9678192.8,9396861.51,10108971.17,10253255.14,9928634.22,9446411.2,8707180.27,8145460.55,2022-04-01
2648,7996944.72,7731314.98,7446803.18,7419858.64,7472724.3,7617715.72,7765138.9,8281383.97,8760893.76,9085508.19,9351812.7,9502967.06,9434296.62,9320582.27,9335828.98,9195188.95,9059595.75,8956238.62,9451766.75,9689699.79,9548577.77,9168049.46,8668507.63,8218940.07,2022-04-02
2649,7830508.82,7537606.17,7301713.07,7152290.15,7088882.11,7031222.87,6850768.74,7189870.13,7603754.65,7955376.72,8161921.08,8459948.32,8626602.49,8549480.8,8365045.89,8200313.72,8102317.23,8115682.16,8857289.34,9126628.85,9014524.4,8629745.21,8198094.09,7683765.75,2022-04-03
2650,7312441.57,7077831.02,6956428.35,6920243.39,7124717.68,7648412.1,7781753.78,8286187.6,8770372.87,9120650.58,9495221.59,9808791.56,9687617.5,9740843.27,9871131.36,9878943.79,9709274.35,9484114.69,10023599.15,10231426.3,9993731.15,9493781.04,8805186.55,8187073.04,2022-04-04
2651,7566038.16,7310694.49,7218069.99,7218821.46,7191965.76,7696088.8,7798431.19,8230639.01,8738789.89,9057126.32,9435193.35,9771920.21,9746961.21,9856009.32,10066829.36,10109688.65,9975418.21,9529352.54,10165238.4,10428252.28,10221388.66,9577355.42,8781800.96,8103605.82,2022-04-05
2652,7663807.05,7397970.66,7196076.0,7132234.88,7347049.44,7871455.49,7975426.41,8484834.45,8982243.58,9451631.41,9766690.88,10150975.56,10069886.16,10202790.09,10391951.55,10315588.83,10073906.61,9770536.08,10319905.3,10535592.03,10319562.64,9867073.29,9077515.72,8285188.37,2022-04-06
2653,7792745.04,7510736.89,7418193.79,7381514.0,7538760.61,7911141.12,8022251.16,8500075.86,9044687.2,9365464.82,9738678.54,10030082.4,9971189.62,10003837.56,10129498.06,10187191.99,9978036.12,9774201.1,10270523.84,10413913.4,10197367.12,9729438.55,8879913.62,8096458.38,2022-04-07
2654,7604147.38,7401521.92,7228114.86,7191075.4,7351029.27,7788167.18,7936881.91,8410489.01,8925435.27,9407209.29,9769189.81,10068827.3,9979267.01,10046957.18,10204236.4,10180893.79,9893121.81,9609161.22,10189649.27,10379496.65,10165727.79,9712062.95,8907647.57,8211801.43,2022-04-08
2655,8085403.92,7783946.49,7533935.26,7411492.28,7521501.68,7602132.51,7749007.86,8326388.27,8881724.49,9229304.23,9564325.11,9775535.41,9754624.54,9612952.35,9499239.87,9368774.57,9234058.44,9144805.94,9765787.55,9974807.41,9778179.92,9294869.45,8772869.07,8308046.56,2022-04-09
2656,7938032.74,7667987.53,7450303.05,7298553.58,7216059.24,7114953.55,7006941.79,7373990.2,7762835.56,8073071.81,8375812.35,8568054.66,8717896.83,8686606.24,8591369.01,8492639.68,8382708.25,8361806.63,9090618.22,9389253.87,9295291.35,9033469.24,8612446.57,8179889.04,2022-04-10
2657,7787400.96,7509829.23,7350834.57,7277376.75,7374308.7,7594276.67,7851162.95,8509359.08,9122012.74,9479738.19,9846050.32,10157964.99,10171373.35,10162308.54,10350815.2,10280950.01,10025960.11,9756847.6,10242694.27,10449141.42,10224275.6,9788932.07,9202689.28,8571905.27,2022-04-11
2658,7819491.09,7556416.68,7434493.51,7370934.74,7459865.48,7661414.47,7897114.54,8654279.28,9178496.87,9468088.22,9787216.9,10060463.31,10081753.57,10133953.54,10268763.77,10248617.46,10082027.85,9800673.92,10310529.5,10466520.67,10218585.32,9813532.82,9165868.89,8607201.7,2022-04-12
2659,8201640.12,7906574.21,7678953.35,7555996.88,7608724.5,7725463.69,7961484.63,8605563.15,9103221.72,9391287.33,9680980.18,9913130.06,9846064.58,9789524.55,9921087.75,9857501.19,9638091.41,9361080.73,9886103.04,10034002.5,9785076.24,9404480.9,8893544.77,8330523.58,2022-04-13
2660,7879476.72,7587053.08,7391781.53,7233816.23,7199338.16,7096651.83,6905062.1,7257096.93,7625160.95,7912429.64,8228826.36,8511393.32,8662831.14,8556544.68,8491158.58,8338650.07,8188350.99,8129327.37,8850693.15,9136169.6,8946660.2,8656774.22,8078073.72,7845099.26,2022-04-14
2661,7504787.63,7195883.86,7008434.52,6878091.68,6816797.78,6691837.99,6503171.26,6779735.28,7135860.03,7381207.06,7613871.96,7900594.1,8085155.63,8079977.73,8020440.72,7902571.06,7806120.33,7788410.7,8510450.57,8781805.45,8694256.26,8531908.56,8198386.78,7829170.67,2022-04-15
2662,7480808.17,7157870.53,6977925.0,6868940.03,6850402.99,6875573.72,6911164.2,7376159.97,7840477.23,8266925.15,8567782.69,8763406.68,8932532.15,8813996.13,8639121.7,8510877.49,8469526.62,8470645.75,9032759.37,9124771.75,8908705.78,8537144.91,8185273.63,7791138.05,2022-04-16
2663,7402183.02,7100402.66,6909053.91,6757046.09,6703308.87,6653840.38,6491869.44,6806943.32,7183774.78,7527955.91,7804700.71,8015074.93,8158290.15,8155578.47,8131647.74,8077176.95,8010370.95,8029073.34,8813810.15,9122520.35,8997244.71,8697748.45,8289743.43,7796219.49,2022-04-17
2664,7400039.73,7216012.83,7066108.94,7001715.1,7266970.51,7670230.09,7850794.17,8124512.19,8703022.14,9031652.0,9378402.63,9670050.22,9476610.44,9536985.56,9681525.14,9650360.07,9493345.1,9264072.39,9943776.68,10051166.54,9696745.55,9170632.69,8392708.56,8087511.73,2022-04-18
2665,7741321.44,7487614.56,7329222.27,7238416.58,7451072.38,7935962.23,8033474.39,8446423.27,9094298.8,9446852.75,9482818.13,9656246.13,9496955.11,9427194.37,9564822.37,9631329.0,9404961.36,9111235.46,9757076.65,9913583.48,9668946.88,9215465.27,8431690.08,7787653.0,2022-04-19
2666,7497728.26,7290624.1,7090412.84,7010638.45,7207012.06,7706936.69,7857419.47,8317088.9,8697207.47,9001323.42,9351849.32,9579687.14,9457058.62,9504373.54,9715434.54,9701240.45,9585988.58,9201492.6,9933295.99,10157264.72,9891587.35,9212117.05,8634528.1,8043540.7,2022-04-20
2667,7510275.03,7133403.38,7033536.1,7019082.41,7130877.3,7578260.05,7863365.93,8461144.51,8742576.31,9014841.55,9354260.75,9596563.78,9451904.58,9487145.41,9671796.74,9694255.77,9489050.18,9204963.37,9917175.25,10189710.27,9886554.9,9358211.76,8694525.21,8120722.14,2022-04-21
2668,7691490.28,7412880.43,7217053.28,7144199.33,7366859.09,7835358.43,7969035.1,8425042.36,8881641.29,9182010.65,9499349.17,9759703.44,9633984.2,9631898.67,9789860.03,9800056.09,9671442.61,9422483.77,9919952.65,10070197.92,9829519.56,9351980.67,8697362.03,8075725.8,2022-04-22
2669,7655971.93,7377756.98,7219849.85,7135775.13,7201666.51,7295542.54,7503848.89,8078433.94,8592554.02,9029075.55,9316320.79,9497926.38,9429871.44,9312314.78,9266439.53,9190005.37,8907608.78,8848797.87,9483031.58,9676941.82,9418466.83,8975600.08,8449336.33,7994721.98,2022-04-23
2670,7617304.33,7339439.9,7146246.85,6990614.36,6831506.24,6776547.94,6684765.25,7083330.21,7535219.81,7897950.18,8193661.09,8512898.21,8608148.67,8509150.52,8392985.18,8299141.08,8172398.47,8206761.15,8946094.17,9245068.36,9115756.79,8769490.58,8301411.15,7775305.48,2022-04-24
2671,7413983.55,7208043.76,7072842.17,7021427.69,7240648.24,7745055.56,7881754.64,8363219.51,8895098.24,9197832.94,9520055.68,9736116.03,9644029.5,9638945.76,9732480.4,9705313.2,9543237.54,9313736.36,9866055.71,10097383.71,9860318.29,9351742.56,8629196.73,8051353.88,2022-04-25
2672,7640772.33,7391593.97,7226620.19,7189917.49,7433879.42,7895228.92,8057047.68,8467502.1,8960766.62,9295664.56,9605347.95,9865352.66,9786578.19,9895809.83,10038624.95,10024946.02,9864705.39,9590764.12,10188711.64,10374628.7,10135162.66,9612834.66,8922878.21,8288671.07,2022-04-26
2673,7810421.23,7527574.33,7374281.71,7309215.94,7506015.41,7963091.01,8054411.43,8564863.9,9057456.35,9361039.0,9683810.99,9974866.99,9873423.31,9934963.07,10093359.56,10085388.93,9852600.62,9623391.36,10187719.04,10321397.02,10074865.25,9556071.88,8871104.82,8271178.87,2022-04-27
2674,7816330.55,7557729.69,7383779.29,7314120.44,7493694.04,7902209.48,8078853.9,8584766.59,9069856.76,9306460.56,9588637.05,9842328.75,9746083.55,9739324.33,9789667.1,9803206.21,9633404.09,9386426.57,9973461.58,10178279.47,9926295.44,9393804.56,8688597.2,8113544.75,2022-04-28
2675,7672821.05,7413408.56,7254235.89,7164688.03,7393814.11,7805135.68,7981643.46,8467655.66,9011293.63,9318712.91,9609886.17,9870687.64,9777969.43,9797672.67,9969042.86,9985116.75,9784318.08,9515346.5,10053578.73,10277678.81,10078576.62,9604608.58,8963293.91,8430753.22,2022-04-29
2676,7996596.99,7661507.32,7426537.95,7331499.8,7408894.52,7468726.26,7669493.34,8289671.51,8875556.75,9202112.86,9556481.91,9800048.96,9748027.53,9584662.99,9455690.41,9330592.8,9132201.39,9033604.05,9923782.66,10158536.94,9849802.59,9322431.87,8620854.27,8093349.25,2022-04-30
2677,7635780.04,7335844.58,7073626.32,6934602.99,6811994.12,6671249.21,6537375.86,6867205.16,7225540.63,7551117.65,7823317.85,8119622.45,8265589.04,8212418.48,8103346.55,8068336.98,7991254.74,7980265.55,8719706.81,9111890.56,9029262.99,8779827.2,8438083.14,7985224.1,2022-05-01
2678,7566368.91,7332668.71,7145125.19,7121508.92,7320600.42,7752216.29,7945309.88,8472151.69,8961513.79,9303219.69,9634775.18,9910191.08,9835710.29,9927017.37,10143851.29,10142405.56,9994257.85,9721566.51,10211102.81,10442659.58,10252978.79,9768703.56,9028584.17,8438406.43,2022-05-02
2679,7921299.45,7654805.54,7492693.59,7450342.77,7678483.85,8023121.73,8131969.96,8630588.42,9126368.7,9431270.57,9878875.8,10179652.92,10096532.82,10241866.14,10435306.23,10478383.54,10324133.49,9961980.75,10415912.63,10704252.07,10488087.15,10021571.83,9314179.48,8633016.03,2022-05-03
2680,8143061.44,7833862.52,7665238.16,7550908.84,7743736.81,8196542.56,8336046.99,8842647.84,9369981.58,9697221.87,10068737.3,10321184.19,10227191.02,10348145.82,10548791.01,10501721.02,10334031.01,9987698.38,10494449.92,10752217.85,10561124.42,10047283.04,9341998.88,8674153.5,2022-05-04
2681,8191567.49,7945084.84,7713083.17,7644642.85,7827582.89,8230766.64,8335883.17,8811850.16,9272140.72,9526987.03,9832291.86,10011882.44,9862098.86,9875855.4,9888427.85,9693737.1,9560692.96,9420592.25,9970950.71,10091580.61,9858423.3,9410060.58,8773704.85,8179072.44,2022-05-05
2682,7741647.28,7470769.11,7321226.1,7257056.66,7431561.27,7876354.75,8067009.92,8539456.27,8885952.48,9127578.5,9442344.06,9617110.42,9563738.8,9589997.5,9656377.03,9686829.42,9543822.15,9353230.53,9853660.82,10013078.31,9757384.34,9269131.32,8695897.1,8117108.98,2022-05-06
2683,7710917.5,7453325.25,7249538.38,7137968.78,7207491.7,7245384.85,7423135.25,7938621.89,8335077.91,8666410.66,8937113.52,9342280.97,9323930.08,9132255.86,8877845.51,8859366.08,8899757.44,8854846.22,9481193.59,9691779.91,9506679.47,9047232.18,8469759.75,7949607.47,2022-05-07
2684,7488330.16,7177409.86,6963797.06,6815012.2,6772487.65,6630515.64,6541515.6,6932482.63,7393096.51,7808688.62,7979409.76,8135852.22,8153829.77,8042306.55,8023165.12,8021974.94,7969154.67,7986439.92,8764349.09,9168716.83,9120164.05,8894366.23,8500331.58,8046680.68,2022-05-08
2685,7675822.83,7439431.13,7239819.02,7164981.44,7360961.75,7781456.53,8006078.36,8548046.77,9131987.47,9474857.82,9945267.49,10203831.05,10123179.62,10117766.57,10245654.89,10181502.11,10016635.78,9747541.06,10221613.61,10394910.86,10160929.75,9682138.85,8947980.87,8344040.17,2022-05-09
2686,7915796.5,7624581.8,7472226.1,7392959.02,7587380.75,8051477.27,8240642.76,8679315.49,9160479.59,9414554.97,9712173.32,9953125.2,9834762.1,9872879.24,10016616.4,10087627.52,9931100.04,9661863.89,10194210.12,10416072.24,10157423.11,9670015.87,8968635.76,8321499.82,2022-05-10
2687,7855284.34,7596141.72,7413207.66,7305502.41,7449342.94,7948024.7,8110139.33,8598866.42,9041986.17,9308668.24,9670077.06,9915890.95,9852184.44,9831059.36,9969599.64,10002396.9,9753570.3,9549766.94,10103786.46,10270649.62,10031359.38,9516407.78,8818869.07,8204201.15,2022-05-11
2688,7780052.78,7540357.83,7382379.51,7314220.11,7530443.67,7982581.92,8164932.58,8579615.9,9029001.74,9380198.51,9696350.42,9981466.99,9824308.61,9857604.56,10062967.55,10136163.96,10014456.22,9751994.69,10228217.08,10500324.7,10283158.66,9794670.2,9121462.72,8171723.1,2022-05-12
2689,7715212.4,7463964.68,7288599.24,7226883.2,7385773.61,7744236.41,8180277.62,8718810.18,9241776.96,9527630.37,9844851.09,10090257.55,10016508.34,10069678.23,10236943.17,10257573.56,10046665.08,9808951.7,10259683.8,10428429.42,10212186.24,9754225.58,9126927.05,8546927.94,2022-05-13
2690,8109321.72,7841191.52,7630147.18,7522023.52,7571443.58,7649316.49,7843491.18,8396054.9,8938378.08,9307163.15,9558553.65,9764891.18,9751684.78,9553530.29,9411288.06,9335370.33,9183522.88,9148727.56,9811807.96,10133244.52,9977860.64,9518383.8,8897595.09,8310359.81,2022-05-14
2691,7863384.82,7554426.44,7329985.67,7221380.71,7143664.4,6976334.43,6876407.69,7240986.4,7646373.0,8014360.67,8308406.72,8498220.62,8642890.28,8587031.16,8434711.4,8336370.46,8240287.95,8229918.21,8995639.32,9389096.67,9320546.68,9043003.81,8611208.03,8158032.27,2022-05-15
2692,7728941.3,7417865.76,7233210.61,7204253.45,7436187.34,7816521.48,8014840.0,8594398.42,9124082.48,9451716.82,9802877.91,10076219.55,9972444.83,10020855.44,10126981.5,10123668.17,9964208.15,9684516.9,10284102.51,10527006.74,10302910.55,9843659.01,9140599.96,8458401.32,2022-05-16
2693,7966801.21,7704860.27,7544808.82,7516917.32,7698563.2,8081572.31,8278732.0,8774045.39,9213012.85,9501141.58,9728050.22,9897622.01,9820387.19,9779807.23,9857752.3,9869738.74,9734012.95,9576881.45,10108396.12,10314446.78,10108537.9,9645995.7,8878695.63,8233361.43,2022-05-17
2694,7787819.72,7604483.39,7450471.57,7345481.29,7553507.11,8055195.75,8249336.19,8701479.57,9093988.45,9409195.45,9762733.09,9987010.53,9783959.1,9774391.84,9862054.5,9854404.1,9767483.66,9574273.31,10144702.38,10352466.45,10101349.68,9552511.66,8911180.87,8333992.41,2022-05-18
2695,7612451.52,7272304.05,7118831.55,7056253.17,7214131.67,7637645.84,7802249.74,8250308.36,8893024.48,9202305.02,9574911.27,9814998.48,9666174.5,9694541.79,9884548.21,9823344.43,9639423.53,9495340.6,10143013.91,10324193.87,10014897.51,9391688.29,8630511.88,7978173.23,2022-05-19
2696,7890968.71,7693755.55,7493264.73,7399728.93,7652441.91,8050958.28,8213434.11,8543483.79,9028277.87,9386796.23,9862748.47,10151497.17,9801929.88,9855344.96,10013995.94,10019276.43,9841227.02,9523808.07,9997098.44,10183127.36,9921027.01,9378724.25,8822455.27,8477384.27,2022-05-20
2697,8041187.41,7754115.33,7563128.66,7446679.25,7465800.98,7493495.81,7699552.52,8265034.41,8760295.97,8958861.97,9256073.15,9441557.66,9443381.38,9468572.49,9230617.14,9173787.36,9087089.44,9117456.27,9565685.26,9811410.26,9521491.92,9214050.43,8708460.48,8236766.93,2022-05-21
2698,7786513.35,7491000.5,7320187.88,7133531.1,7099957.83,6924735.16,6844762.3,7197259.16,7570444.58,7991038.09,8324933.43,8586071.16,8723300.24,8722379.65,8580270.0,8510004.9,8444386.51,8386618.82,9078974.8,9481834.9,9404344.95,9111042.58,8654855.27,7974394.37,2022-05-22
2699,7517056.58,7336951.22,7273119.71,7199003.53,7386004.33,7792068.34,7956304.49,8477987.84,9029349.94,9340707.73,9692474.43,9955657.38,9906645.72,10041582.56,10192264.44,10178549.82,9996295.77,9728965.07,10208984.49,10431731.08,10207542.85,9710002.5,9020950.25,8412221.2,2022-05-23
2700,7966041.46,7707964.63,7534464.7,7455368.67,7648166.25,8022750.0,8205586.03,8728256.31,9232493.31,9534342.76,9826697.37,10110214.41,9995867.91,10100150.02,10261129.05,10225153.49,10079155.49,9804709.01,10292740.68,10520474.95,10326523.63,9804376.47,9064286.0,8399822.77,2022-05-24
2701,7971512.71,7716218.64,7547202.1,7459842.3,7680117.71,8106643.65,8246067.51,8712403.03,9210345.57,9472223.43,9817800.34,10083731.39,9955427.08,9984739.14,10148085.61,10155503.72,9982401.34,9766417.71,10275203.94,10488724.4,10237106.54,9742639.5,9001103.04,8381084.27,2022-05-25
2702,7954777.31,7682716.56,7454235.78,7353619.36,7579998.46,7997711.06,8185456.44,8652135.11,9124639.37,9431398.7,9770109.55,10013526.93,9912106.63,9858533.72,10048692.47,10047431.78,9847155.8,9599807.59,10105720.17,10354672.53,10160357.23,9662326.17,8938348.2,8318925.89,2022-05-26
2703,7835235.27,7603110.22,7412948.08,7346296.46,7508868.59,7859330.94,8070936.9,8640575.2,9139623.83,9492890.4,9830433.35,10137956.42,10035590.4,10051981.28,10213141.56,10171417.33,9977751.85,9730672.96,10213930.09,10416728.9,10202427.03,9755270.67,9118663.6,8549877.53,2022-05-27
2704,8044242.1,7766999.3,7586200.74,7481366.09,7511235.92,7514943.43,7747277.2,8369688.62,8958907.16,9323801.79,9639332.14,9851870.31,9791674.04,9637797.15,9526985.62,9432490.69,9233528.91,9076708.88,9571050.99,9735816.13,9481735.84,8984777.26,8411854.11,7935497.91,2022-05-28
2705,7572015.15,7288458.63,7048501.48,6939803.72,6859678.88,6739679.83,6700884.93,7063764.21,7411421.01,7731786.69,7986497.08,8161822.87,8254957.17,8155526.85,8051616.27,8028112.8,8015650.58,8071367.46,8702542.85,8986866.59,8836563.97,8544912.04,8142207.53,7765254.22,2022-05-29
2706,7388573.37,7085793.27,6905379.89,6788731.61,6776127.21,6710378.14,6738127.98,7196889.12,7675667.74,8076661.19,8403908.26,8693318.5,8854188.22,8828211.84,8693176.91,8577826.16,8496511.13,8505045.7,9202636.99,9560912.81,9365041.8,8967885.71,8437705.66,7910448.42,2022-05-30
2707,7559035.62,7290337.45,7113614.4,7081648.34,7293315.05,7717872.92,7886578.54,8366477.69,8851610.03,9211786.39,9618352.58,9879463.7,9822299.47,9903354.96,10102967.24,10078221.04,9855631.44,9503151.18,9942457.0,10218216.61,9990402.99,9543657.24,8838221.1,8197684.79,2022-05-31
2708,7732018.0,7477683.8,7289387.96,7214383.16,7411212.14,7801405.33,7959883.48,8443972.16,8953464.17,9258065.32,9650846.36,9930976.5,9816957.27,9914759.93,10054753.11,9980228.08,9818911.94,9592931.58,10064386.42,10364853.18,10128939.94,9664649.18,8953331.49,8308193.72,2022-06-01
2709,7877022.99,7581620.59,7379655.01,7273989.06,7437281.48,7873221.05,8075252.11,8554428.4,8994160.79,9254910.9,9565199.89,9850824.29,9740194.84,9815152.47,9932561.08,9952826.49,9807032.72,9577660.22,10003637.09,10251085.06,10037708.25,9485040.8,8803377.13,8188987.12,2022-06-02
2710,7746794.26,7523968.07,7360912.11,7284323.93,7456629.89,7848498.33,8006331.74,8489236.9,8962143.29,9158585.25,9428893.92,9664713.49,9533037.2,9543390.02,9642773.03,9660839.56,9579998.81,9293734.74,9717356.75,9922238.49,9705190.98,9264027.98,8700383.41,8164367.08,2022-06-03
2711,7713393.9,7422133.15,7258289.21,7207637.74,7271954.77,7370891.7,7539608.89,8096595.24,8627203.35,8921450.88,9193832.66,9418765.51,9339579.81,9192329.1,9060211.58,9025624.18,8918875.87,8884496.64,9419182.33,9583371.25,9311406.59,8842621.19,8304624.73,7815305.14,2022-06-04
2712,7410774.05,7135406.1,6941773.18,6796809.76,6727680.54,6597581.35,6480213.54,6853455.3,7266440.02,7618599.26,7855383.54,8148172.99,8314241.58,8294865.22,8140853.24,8016592.49,7964948.11,8027440.05,8744686.64,9098787.19,8978281.11,8645438.28,8177359.69,7698942.08,2022-06-05
2713,7329117.25,7113470.43,6961013.17,6889635.5,7081440.68,7529158.96,7768634.09,8256472.54,8790515.53,9114910.06,9510732.43,9801873.95,9752790.65,9810530.32,9911014.72,9906580.93,9777176.44,9533555.31,9949463.98,10185744.69,10001304.12,9434509.15,8743262.08,8126353.95,2022-06-06
2714,7691535.37,7448915.55,7277574.93,7217385.16,7392359.99,7782208.76,7968317.7,8456070.03,8950396.93,9209242.44,9453697.39,9636114.47,9552089.48,9536163.8,9626560.56,9616731.71,9471848.0,9351216.8,9788035.33,9973924.52,9662196.84,9174676.61,8500603.2,7885763.77,2022-06-07
2715,7482482.17,7225068.91,7037742.96,6983096.3,7208123.29,7707361.94,7926158.77,8329569.91,8748418.33,9118469.02,9490647.41,9748468.25,9638233.8,9633668.69,9797999.57,9799270.07,9644631.61,9408136.04,9725883.28,10050958.82,9973400.63,9518282.09,8824035.85,8183228.11,2022-06-08
2716,7751451.45,7506742.64,7266999.1,7166013.73,7438209.73,7853841.88,8028342.82,8516909.33,8991889.88,9256017.28,9567312.92,9839366.58,9670205.43,9698376.84,9863191.46,9798841.8,9671694.02,9385874.68,9901214.68,10191579.99,9967851.76,9500863.07,8802990.38,8184100.55,2022-06-09
2717,7767019.95,7517075.39,7353363.7,7290416.39,7460385.19,7836052.82,8051912.06,8549534.52,9090331.69,9398638.97,9742256.07,10012230.95,9831075.03,9817516.47,10036776.28,10093732.27,9922362.67,9658064.12,10094909.81,10364855.6,10121858.98,9707918.04,9094791.37,8476162.94,2022-06-10
2718,8016746.02,7757921.5,7537255.23,7432935.76,7439916.44,7548722.64,7708325.65,8236507.88,8777421.91,9162825.64,9399430.54,9572468.48,9505670.46,9324737.94,9086465.44,8921882.8,8839489.09,8886054.61,9502088.9,9697473.58,9384291.43,8924820.11,8358480.36,7863635.51,2022-06-11
2719,7506615.06,7247923.69,7020153.19,6901284.02,6867196.96,6746683.28,6647881.71,7008109.6,7335714.93,7650075.22,7952715.37,8150669.66,8192548.62,8225156.92,8092597.17,7980750.3,7944625.7,7989904.77,8702579.86,9078835.93,8931801.1,8560486.74,8047157.14,7615013.86,2022-06-12
2720,7287477.74,7061294.68,6874248.94,6822876.78,7068058.8,7492608.67,7724836.26,8287607.05,8817977.45,9137809.23,9494579.69,9711319.94,9692271.92,9768998.21,9949047.28,9930453.3,9776490.23,9539251.9,9973488.89,10263973.58,10028546.65,9514784.82,8819271.3,8216023.62,2022-06-13
2721,7743619.3,7499137.43,7319039.47,7226691.79,7417998.14,7788399.65,7994163.54,8478363.56,8878194.92,9118620.78,9444893.06,9681357.04,9536064.22,9508813.1,9645888.21,9623628.5,9485630.24,9294941.99,9740450.51,10065457.5,9864373.43,9368015.0,8669523.48,8077526.41,2022-06-14
2722,7661121.41,7409683.16,7270616.72,7197581.64,7362701.0,7778448.01,8025406.42,8496124.84,8977716.28,9285838.8,9625830.64,9902941.94,9789451.44,9829985.51,9916522.84,9965353.78,9816119.8,9545083.25,9969467.39,10302113.45,10075762.2,9593501.7,8900473.94,8272296.22,2022-06-15
2723,7783298.37,7501633.71,7333957.9,7257378.54,7428891.36,7766120.36,7982587.96,8539131.24,8992517.97,9333729.51,9673890.84,9948860.73,9879036.42,9950846.73,10080387.59,10023984.29,9890920.73,9603127.1,10015538.05,10347362.82,10143498.76,9685144.27,8991553.75,8368810.98,2022-06-16
2724,7964932.81,7635677.47,7464036.07,7376983.33,7537692.16,7873750.07,8130131.53,8698495.63,9206525.2,9417632.75,9645496.69,9890351.46,9805211.72,9786316.37,9832060.75,9757738.42,9583046.99,9380379.58,9811823.57,10030209.51,9819942.85,9384027.21,8805087.9,8222266.94,2022-06-17
2725,7791792.8,7516229.91,7339338.51,7223060.18,7269899.09,7310083.06,7515445.96,8104530.42,8690804.07,9014454.51,9297188.66,9495853.71,9472129.71,9292003.01,9120059.26,8988869.94,8834773.08,8755202.3,9280390.21,9495075.39,9282128.13,8821667.11,8254464.69,7776864.29,2022-06-18
2726,7365116.5,7070477.8,6862197.72,6744559.05,6670693.78,6627216.87,6574823.9,6871097.9,7210167.88,7446708.08,7609029.09,7787558.52,7771947.14,7692208.67,7548061.18,7504942.55,7575479.2,7647270.63,8307232.77,8598325.53,8446475.1,8130996.46,7731842.86,7309199.37,2022-06-19
2727,6980082.32,6759313.24,6605653.17,6536766.88,6534774.98,6524929.78,6531587.1,6955411.74,7406334.66,7831535.46,8198349.91,8514714.03,8681608.99,8635780.49,8508315.16,8417254.14,8363411.6,8393799.32,8999595.31,9386786.62,9200166.45,8837912.58,8329200.81,7812992.06,2022-06-20
2728,7466709.88,7225874.32,7065603.66,7009437.25,7154039.18,7408749.98,7733774.2,8363216.97,8891457.3,9188858.37,9514947.23,9815061.01,9778954.67,9799433.65,9858142.69,9810894.3,9671311.27,9432054.89,9808653.34,10128376.73,9936192.23,9463970.67,8780357.64,8174693.99,2022-06-21
2729,7784029.22,7525828.75,7368670.26,7289785.84,7410466.37,7596286.88,7904789.46,8512440.04,9045936.79,9358282.64,9663947.25,9971596.72,9951598.04,10040341.83,10144707.82,10123501.98,9994307.75,9705637.75,10071242.57,10409606.78,10169244.04,9713213.72,9049640.26,8458940.68,2022-06-22
2730,8001362.41,7723848.98,7546045.26,7434608.62,7540763.81,7742855.07,8017657.13,8648968.21,9224196.31,9536523.55,9816110.81,10075401.71,10020261.21,10068297.71,10155529.76,10090445.72,9949894.77,9674247.57,10071447.29,10439191.47,10191465.63,9706864.75,9087895.45,8485737.06,2022-06-23
2731,8005296.68,7730950.39,7510355.73,7406745.98,7514621.68,7663181.63,7960274.37,8503166.44,9024837.69,9271853.04,9579441.85,9878100.02,9870956.99,9900742.36,9984675.1,9929539.78,9731478.73,9460392.03,9869382.69,10116917.72,9864435.73,9404139.73,8754013.01,8218499.23,2022-06-24
2732,7837519.41,7550509.15,7333943.8,7242686.86,7312668.83,7334937.11,7483593.3,8039438.3,8581628.24,8939224.4,9196968.03,9362174.77,9330053.77,9141276.37,9002973.59,8896068.54,8792045.36,8745548.14,9306207.18,9524195.77,9255286.45,8807450.71,8234942.61,7764383.73,2022-06-25
2733,7378348.08,7116175.5,6903391.06,6744145.19,6685937.66,6634776.22,6485308.06,6829535.57,7242567.5,7554205.1,7751199.65,7976496.36,8079547.44,8039394.79,7874861.4,7790224.08,7757169.44,7801350.0,8361142.84,8713081.0,8559815.51,8338824.68,7993473.61,7558953.29,2022-06-26
2734,7213831.87,6918026.18,6756945.28,6653231.98,6623914.48,6580789.19,6555657.25,6936538.68,7335724.68,7634045.48,7967072.79,8322647.41,8467440.2,8428742.4,8286160.11,8204890.1,8094160.65,8084953.76,8701667.99,9151827.92,8947456.09,8613406.42,8141742.35,7649353.36,2022-06-27
2735,7293910.31,7067944.76,6891958.98,6861769.88,7006949.55,7247660.34,7574814.3,8223822.52,8778023.61,9119700.53,9506881.69,9773920.71,9738599.9,9738795.14,9837807.69,9838152.48,9667252.28,9425734.45,9752420.86,10091384.62,9906510.07,9398929.96,8723197.49,8139357.16,2022-06-28
2736,7731452.47,7487798.71,7275554.04,7227388.5,7341729.99,7540462.89,7848987.06,8426261.05,8932040.56,9272846.83,9590115.98,9859792.92,9813435.33,9839128.16,9965866.75,9961719.08,9806434.09,9475203.09,9828532.48,10170112.52,9985784.89,9578690.76,8881860.36,8301316.34,2022-06-29
2737,7865569.47,7561951.24,7387272.93,7298230.54,7429915.37,7589740.72,7911926.82,8559750.42,9032884.99,9285412.99,9627629.95,9909930.0,9882067.52,9830341.59,9817079.72,9760038.8,9681410.21,9427044.55,9829455.91,9988645.66,9758483.73,9367771.87,8693081.34,8158141.17,2022-06-30
2738,7723138.12,7459954.86,7272926.36,7198884.74,7317678.89,7514122.47,7823784.2,8461103.51,9001997.27,9272426.06,9579114.24,9868518.14,9870866.03,9889833.71,10025441.2,9901205.22,9708824.65,9425584.19,9744064.66,10077379.61,9930716.54,9513338.15,8978626.83,8443362.22,2022-07-01
2739,7984495.28,7705248.38,7485033.74,7352810.79,7376912.93,7421976.22,7557664.79,8130694.17,8689047.74,9003517.35,9302512.32,9487670.72,9369958.03,9236004.62,9125631.98,9055117.24,8944586.38,8847898.28,9308379.91,9638892.67,9402097.09,8958865.76,8452484.24,8001336.82,2022-07-02
2740,7583332.43,7306247.03,7126858.54,6988885.92,6904856.1,6742665.62,6576331.51,6906877.37,7299169.92,7630846.27,7909506.84,8118458.7,8238474.38,8203532.99,8080670.34,8057925.19,7997709.61,7968894.66,8548128.64,8991036.63,8885885.7,8649300.62,8287617.52,7831538.28,2022-07-03
2741,7519366.18,7246160.94,7038459.71,6891608.48,6849609.78,6836178.42,6745531.7,7055773.31,7531975.59,7908448.67,8525897.6,8922236.32,9088851.98,9064495.05,8921997.95,8828623.94,8727020.52,8619072.63,9341111.37,9780866.35,9680986.15,9367547.49,8821938.25,8190748.11,2022-07-04
2742,7630039.06,7369263.87,7181447.07,7117677.53,7261976.51,7499791.33,7786881.96,8416442.8,8957532.91,9307373.03,9658499.59,9965250.66,9912246.08,9909845.56,10067926.82,10006699.67,9814102.74,9548577.89,9896265.4,10273357.32,10078957.94,9615104.04,8964246.04,8383166.41,2022-07-05
2743,7919023.15,7641316.65,7458686.91,7379585.7,7480758.3,7727644.51,7957296.01,8541439.11,9036059.86,9310747.5,9686237.06,9991907.8,9943943.94,9945946.58,10070319.71,10026764.51,9868946.84,9562438.26,9889986.35,10303775.73,10107639.83,9650373.59,9010047.03,8406301.17,2022-07-06
2744,7980046.97,7691837.79,7490382.89,7397063.76,7512904.0,7776330.72,8076994.84,8653550.81,9165093.27,9526225.32,9898539.2,10187359.86,10113489.0,10148984.99,10233431.77,10181828.94,10025078.01,9717483.92,10071783.34,10484676.93,10218574.61,9720725.97,9083855.36,8531932.26,2022-07-07
2745,8082705.09,7787621.59,7572309.09,7483358.2,7593072.4,7860774.48,8093857.38,8692623.44,9270235.88,9609845.49,9905340.84,10139003.06,10062976.24,10058855.17,10145205.17,10110361.53,9907404.31,9612563.6,9932118.58,10257323.15,10077539.99,9629906.14,9044293.65,8502021.05,2022-07-08
2746,8050362.94,7760692.65,7525242.84,7417838.95,7455002.91,7544308.76,7699218.5,8276960.79,8854059.89,9270135.55,9590987.67,9804847.45,9711905.53,9615329.09,9506230.3,9397025.89,9249294.27,9177173.24,9667192.85,10010709.94,9791607.52,9327310.89,8836639.49,8414019.62,2022-07-09
2747,7979413.94,7684910.14,7459531.97,7276960.73,7076873.83,6939693.74,6776909.03,7069494.85,7512815.66,7884657.54,8184050.53,8432960.44,8577035.92,8559692.37,8423618.41,8334355.67,8226203.77,8215589.47,8865944.79,9372558.42,9310751.77,9064234.8,8610668.04,8136162.27,2022-07-10
2748,7684725.64,7452913.33,7273302.07,7212978.09,7375638.63,7790553.24,7992749.26,8490796.43,8998161.69,9338861.19,9694468.07,9908083.88,9847842.42,9850003.44,9958756.4,9938647.93,9769041.74,9540089.91,9913150.36,10264224.77,10044553.26,9581494.01,8879444.07,8287948.1,2022-07-11
2749,7898742.49,7634280.35,7480911.16,7409786.45,7586957.54,8031845.22,8192022.74,8642794.26,9112768.88,9432954.26,9793194.87,10043901.99,9931007.61,9944437.92,10137381.39,10174550.71,10028811.13,9711925.5,10029957.48,10435120.31,10242249.78,9752262.39,9063869.34,8425428.35,2022-07-12
2750,7948225.43,7678400.11,7496364.2,7432883.17,7599887.85,8017739.48,8205872.52,8663284.9,9100956.57,9371742.23,9734429.52,10030625.55,9900600.06,9954943.89,10246358.79,10261790.64,10122823.87,9738926.83,10082812.87,10557109.02,10317325.18,9821884.13,9165041.33,8557275.21,2022-07-13
2751,8057781.57,7745155.02,7591123.98,7504026.3,7662432.73,8011384.81,8208716.6,8724195.29,9249635.85,9538129.33,9924334.04,10164400.63,10087347.03,10142490.89,10301286.43,10326827.77,10108465.18,9799870.08,10156922.87,10565306.01,10334063.79,9867947.33,9190422.04,8623753.6,2022-07-14
2752,8185787.6,7902925.72,7691220.09,7531615.35,7687913.86,8075075.67,8239798.94,8736185.56,9227923.43,9473381.66,9820679.77,10107463.57,10061155.8,10151989.96,10343438.34,10354115.77,10188345.78,9850555.42,10108483.87,10468914.92,10235137.74,9788446.73,9201755.02,8665884.21,2022-07-15
2753,8244499.02,7946102.18,7715705.38,7534426.77,7565065.78,7630947.19,7805884.42,8364404.04,8957566.55,9331034.06,9648724.97,9868597.98,9807228.85,9638331.3,9575469.29,9472544.07,9354553.17,9258010.98,9677154.34,9974372.16,9700487.31,9277442.69,8747448.37,8337352.87,2022-07-16
2754,7986779.02,7716294.5,7470627.77,7318571.3,7272681.69,7134324.71,6976102.19,7255441.79,7599656.4,7952576.29,8235117.83,8496592.31,8558079.52,8567110.98,8430028.9,8327109.84,8257778.34,8177110.64,8795343.4,9245182.31,9163420.98,8953994.51,8497279.05,8001110.74,2022-07-17
2755,7636877.69,7358874.7,7200836.12,7116187.18,7326738.56,7786417.54,7969230.83,8513262.96,9031850.29,9334586.45,9656999.33,9875836.54,9784621.21,9791154.5,9958041.74,9951911.95,9785582.41,9513799.89,9717921.02,10066805.97,10029640.69,9698226.53,9023145.57,8401613.06,2022-07-18
2756,7955277.59,7695099.81,7540092.09,7445694.87,7636660.7,8042423.23,8179771.69,8648489.45,9095934.78,9400263.23,9695380.63,9935536.24,9755889.52,9887709.51,10088053.3,10052444.87,9991294.41,9712255.53,9964709.68,10313367.54,10101461.53,9708563.97,9083706.02,8604682.35,2022-07-19
2757,8197972.02,7919270.75,7688928.57,7527135.93,7521053.59,7520380.98,7416304.14,7874120.94,8304237.62,8674207.66,9009181.13,9271404.96,9374500.82,9280717.23,9109028.17,8983659.18,8848052.39,8783767.0,9381238.87,9842647.95,9748848.7,9368944.57,8829576.62,8286359.93,2022-07-20
2758,7889896.54,7625174.4,7451813.74,7361680.74,7538794.35,7940561.49,8142049.51,8669620.5,9158876.25,9474621.5,9817891.04,10057259.96,9926805.99,9950449.09,10151763.43,10185930.88,10056272.15,9750165.46,10151495.15,10504276.27,10287720.37,9835135.32,9113364.08,8538026.09,2022-07-21
2759,8050457.5,7700319.94,7424369.44,7394596.06,7595891.95,8050550.97,8230916.35,8770688.85,9276129.65,9528654.42,9920964.3,10181923.74,10043520.55,10029673.26,10193767.18,10196589.33,10045021.04,9754778.76,10145381.92,10391921.04,10166367.52,9672663.54,9080409.42,8569694.64,2022-07-22
2760,8119345.15,7829473.44,7614406.24,7514935.05,7546785.2,7628420.64,7797483.08,8379156.2,8972025.49,9328080.95,9575186.54,9773676.11,9716581.65,9505417.15,9365819.11,9265134.39,9089325.05,9005887.18,9470152.53,9807856.39,9550141.94,9110141.14,8567587.53,8120220.68,2022-07-23
2761,7720292.72,7434559.54,7244219.62,7095956.37,7046587.68,6949408.61,6801455.94,7071063.47,7484021.56,7741814.78,8097396.24,8351693.39,8430281.66,8437971.59,8360542.59,8198374.01,8143487.29,8138262.01,8748282.72,9257063.58,9172391.03,8918272.29,8444543.26,7971660.02,2022-07-24
2762,7582281.28,7331004.53,7198503.67,7139853.08,7304388.19,7803590.2,7987076.53,8453706.46,8978685.56,9284094.71,9604538.22,9888553.15,9785191.05,9855919.61,9953379.59,9954791.27,9850005.29,9554688.45,9962303.22,10370347.13,10179030.84,9658066.12,8872875.15,8261459.02,2022-07-25
2763,7891702.1,7618885.49,7428433.26,7371269.44,7613316.14,8129641.57,8286949.07,8708924.35,9135378.83,9342118.83,9622272.4,9883972.13,9737815.79,9747719.4,9923710.76,9957196.96,9851958.86,9607205.05,9919780.25,10260735.99,10132651.82,9658095.32,8953227.74,8341504.39,2022-07-26
2764,7830665.48,7580403.93,7422364.03,7371970.12,7558422.53,8041405.75,8259960.33,8722151.39,9185691.43,9462356.35,9736414.82,9992053.86,9835286.65,9890311.39,10028677.27,10049939.82,9935862.26,9622898.65,10022379.42,10319480.14,10103478.54,9572571.56,8892008.09,8291365.82,2022-07-27
2765,7878836.78,7618197.59,7419800.5,7343144.42,7531782.48,7958637.52,8150125.09,8571017.7,9002919.52,9164720.93,9488668.56,9704140.36,9682610.47,9732623.63,9908198.5,9888492.66,9719615.21,9469289.14,9861907.31,10186607.46,9895107.91,9410497.26,8788203.99,8205862.08,2022-07-28
2766,7798619.38,7589183.37,7424068.22,7343467.22,7561674.0,7978259.66,8172385.64,8664333.61,9186786.04,9504857.43,9889562.01,10151602.68,10083103.92,10171050.54,10356436.2,10341136.17,10174615.11,9832118.62,10119127.1,10500057.12,10265361.15,9820274.38,9247431.88,8632163.49,2022-07-29
2767,8139102.64,7827925.29,7578566.16,7494771.37,7575750.0,7670227.6,7838218.27,8416912.39,9006665.72,9418635.33,9707655.57,9955159.76,9890892.74,9768007.69,9630706.52,9506064.94,9408947.01,9294070.19,9738310.16,10044925.98,9840579.45,9412708.95,8879205.11,8405539.03,2022-07-30
2768,8034821.07,7722033.93,7453365.12,7285558.7,7168214.12,7024375.75,6852005.81,7146008.43,7491036.65,7885233.78,8113215.73,8348541.12,8474396.12,8487406.14,8435946.74,8359684.38,8292810.72,8277040.11,8897191.91,9328237.34,9244205.19,8972350.19,8564086.87,8094114.23,2022-07-31
2769,7720529.96,7412095.65,7256124.04,7197103.58,7378474.49,7901366.5,8051327.88,8565978.57,9097083.0,9338613.35,9654747.58,9914065.02,9857763.14,9900058.99,9997432.83,9980120.19,9830040.23,9579899.77,9918929.65,10158556.61,9998746.25,9603815.38,8959751.74,8330961.75,2022-08-01
2770,7879367.3,7636943.65,7500443.88,7373571.27,7508804.97,7936762.73,8083301.17,8576189.23,9085279.92,9332624.98,9582492.94,9772284.68,9654438.09,9592929.46,9805662.6,9832927.87,9669968.24,9429042.07,9892447.05,10174332.72,9972021.22,9481998.52,8819621.78,8193007.85,2022-08-02
2771,7785913.61,7497015.82,7345380.69,7278389.13,7482992.75,8021382.9,8185506.79,8600315.26,9047796.18,9251221.46,9519252.67,9789227.31,9703398.27,9749182.22,9939485.45,9903000.85,9770439.83,9517325.45,9889292.06,10321335.32,10134363.58,9664701.86,8976067.56,8353042.86,2022-08-03
2772,7880992.45,7613844.36,7407854.35,7333948.61,7526362.6,7982942.66,8183122.12,8641114.97,9110564.81,9345815.08,9717777.38,9996103.11,9938225.36,9992389.85,10183995.6,10201098.28,10081048.99,9743824.37,10135105.32,10558592.14,10315830.27,9831180.95,9131147.58,8506770.67,2022-08-04
2773,8022460.93,7805794.92,7603457.37,7516012.29,7676846.06,8099952.14,8281696.1,8786856.71,9208020.99,9421580.62,9783962.83,10022726.76,9858850.2,9888319.49,9991993.47,9962221.66,9759656.76,9503964.1,9980060.92,10232991.71,9980152.36,9549226.69,8924543.42,8388945.85,2022-08-05
2774,7994465.67,7712187.5,7508097.95,7381357.38,7366380.93,7475621.86,7621958.5,8137260.02,8655369.21,8993506.07,9270806.47,9475024.36,9449585.99,9277195.35,9142646.98,9066791.63,8966896.47,8845348.55,9454677.9,9719108.92,9487427.19,9042907.95,8484886.43,8018435.69,2022-08-06
2775,7607320.9,7342924.72,7123875.72,6955796.8,6863694.38,6788600.96,6636836.84,6995276.42,7430968.36,7819700.64,8097178.8,8416763.31,8571384.5,8522592.36,8407906.35,8351920.73,8291126.6,8225630.13,8821632.1,9320989.37,9223562.47,8925729.67,8453916.01,7977435.61,2022-08-07
2776,7585629.35,7313434.2,7157959.76,7079384.44,7231447.66,7714016.57,7955345.02,8512227.13,9065065.29,9452675.06,9863819.64,10131728.44,10047314.1,10121283.27,10340285.05,10340689.04,10185370.01,9841397.77,10176132.83,10652672.87,10443212.66,9950904.22,9217707.7,8597125.39,2022-08-08
2777,8117186.81,7797186.69,7587879.83,7537708.64,7734326.2,8201090.45,8322353.83,8793913.43,9298917.27,9544307.09,9962380.93,10215653.23,10104891.77,10170453.93,10307984.24,10281170.89,10116495.34,9773923.47,10192913.83,10478403.35,10250113.03,9758206.45,9031737.18,8431364.26,2022-08-09
2778,7929723.54,7590490.11,7405080.7,7356989.01,7598927.72,8083842.5,8214418.88,8646363.72,9086326.9,9346535.71,9728724.42,10003897.15,9878314.72,9991326.3,10158533.36,10132641.7,9977871.4,9682053.32,10151750.87,10457520.27,10229592.28,9735446.15,8996119.41,8437598.98,2022-08-10
2779,7981897.21,7715527.66,7510898.83,7427236.99,7603146.75,8078126.38,8226106.15,8694478.97,9126363.6,9457096.75,9838083.84,10098117.42,9989876.7,10070201.06,10239651.68,10237644.27,10073079.79,9743345.77,10170536.0,10513721.76,10284383.78,9848357.34,9148564.82,8517254.24,2022-08-11
2780,8077201.97,7771843.29,7593793.04,7474910.3,7682374.02,8114905.08,8280846.64,8766232.53,9248862.28,9549201.38,9987245.34,10267147.67,10112173.29,10141635.55,10272457.92,10204871.35,10052569.97,9724603.97,10139019.93,10382633.92,10125913.24,9604625.78,8986201.93,8486026.03,2022-08-12
2781,8005086.82,7728564.39,7514470.83,7412899.35,7505622.88,7583511.51,7706712.34,8195974.2,8741052.67,9045039.27,9355430.95,9552730.32,9496951.03,9357744.58,9224376.87,9159509.07,9043802.57,9010749.72,9594267.43,9827861.93,9580386.07,9100550.46,8598232.79,8134554.25,2022-08-13
2782,7728915.39,7424931.7,7238355.74,7066950.53,7000811.01,6943242.27,6793620.4,7107678.56,7466346.02,7808051.3,8087369.26,8258711.43,8300542.15,8256298.54,8096339.76,8052699.21,7939039.81,7936934.43,8597426.08,8914972.66,8759643.91,8409183.14,8015575.44,7630637.95,2022-08-14
2783,7254218.23,7017096.95,6843418.05,6745478.97,6737229.01,6759844.66,6657780.38,7076341.82,7545578.03,7922118.16,8268003.71,8577668.56,8696663.46,8693030.24,8524282.09,8373110.25,8303845.13,8285818.22,8943172.94,9365570.41,9137876.09,8833100.53,8302055.76,7839754.85,2022-08-15
2784,7460342.39,7243769.44,7066276.28,7014301.01,7243273.41,7763399.68,7927646.3,8390621.93,8858913.59,9202483.52,9606644.19,9797751.19,9769764.68,9829785.44,9969059.06,9967446.55,9854322.57,9544991.57,9990163.76,10348549.53,10041612.84,9562268.24,8868908.16,8249242.8,2022-08-16
2785,7846634.67,7583788.33,7426688.31,7334887.76,7516214.46,7988570.91,8183897.26,8642571.35,9149381.91,9466395.28,9768404.24,9948548.34,10020113.22,10108358.67,10242499.69,10307493.43,10286279.15,9946696.82,10251147.09,10576136.59,10507062.12,10038236.72,9307528.29,8655078.86,2022-08-17
2786,8195788.34,7938926.66,7697613.53,7634970.95,7815204.48,8236729.1,8392781.14,8828653.46,9297049.08,9584136.07,9953374.13,10261878.96,10171218.59,10215262.25,10457088.2,10543632.55,10360770.28,10033042.54,10338009.91,10687852.52,10544264.59,10028970.1,9323147.37,8756210.22,2022-08-18
2787,8280700.86,8013991.12,7809555.26,7709588.86,7888889.46,8301766.13,8448007.3,8936418.21,9408721.71,9737150.11,10140963.9,10355552.94,10317478.72,10416628.33,10627166.9,10692548.59,10459064.76,10083897.71,10378946.96,10614595.13,10384062.63,9935739.39,9473989.76,8930250.49,2022-08-19
2788,8479111.07,8125973.18,7900249.54,7790847.49,7814090.71,7875916.41,8018708.67,8577461.89,9147485.79,9511040.0,9819337.54,9985204.71,9967881.94,9781915.18,9544209.47,9418446.06,9251352.39,9242591.53,9845880.41,9968313.74,9680184.5,9262890.74,8731788.31,8190913.83,2022-08-20
2789,7758681.36,7505011.01,7213210.1,7026727.05,6956365.04,6813630.82,6727141.71,7053135.17,7492261.79,7754075.7,8003303.47,8232082.08,8387603.06,8396927.8,8205336.23,8158721.0,8103594.89,8150800.07,8906361.11,9263268.17,9167170.32,8846293.64,8380611.2,7889000.68,2022-08-21
2790,7500755.38,7279670.05,7131153.72,7069922.79,7305737.19,7780364.93,8013180.14,8480829.01,8965429.99,9291092.39,9480979.99,9787909.67,9655736.59,9714766.23,9888656.54,9866537.5,9615196.01,9311060.32,10037201.26,10273701.85,9954131.55,9327497.43,8816118.27,8224580.25,2022-08-22
2791,7776931.85,7527140.26,7352502.56,7272257.71,7440668.05,7914938.58,8127268.63,8470489.42,8786742.99,9085836.39,9637209.47,9889866.49,9791240.57,9893824.08,10085497.77,10138435.86,9987946.59,9654868.52,10179170.17,10412061.09,10172215.33,9657877.13,8918270.93,8302632.26,2022-08-23
2792,7733694.11,7626993.58,7355687.36,7297273.86,7481583.54,7984212.08,8203993.37,8618145.05,9090481.88,9411682.64,9826111.37,10144720.44,10039076.05,10087875.53,10308916.05,10311973.17,10107510.36,9825279.36,10306224.98,10634520.99,10432898.79,9938101.22,9200983.44,8609635.92,2022-08-24
2793,8149638.58,7863066.52,7631606.6,7556016.27,7716830.82,8175193.5,8347536.44,8745449.79,9185998.71,9437620.04,9775553.96,10086690.2,9970056.7,10052284.79,10211378.73,10206081.22,10077517.91,9774839.54,10307439.71,10557057.4,10299592.77,9835898.43,9146193.73,8549015.75,2022-08-25
2794,8098970.84,7818577.88,7586021.31,7534228.59,7707650.86,8127917.07,8334992.21,8789972.71,9230126.82,9554419.81,9883231.67,10089658.62,9904293.08,9973606.67,10133950.43,10137148.41,9980686.03,9697378.96,10146188.56,10345679.68,10081091.61,9582593.5,8985975.35,8437153.68,2022-08-26
2795,8019090.28,7715802.9,7511778.07,7384187.49,7428569.45,7538182.92,7742426.62,8384858.53,9094510.08,9504973.18,9811582.0,10042730.03,10026804.3,9855892.16,9659227.46,9571674.42,9442496.99,9388268.07,10034777.89,10165411.77,9890022.55,9424859.58,8777510.07,8207763.4,2022-08-27
2796,7829228.32,7552710.61,7351742.49,7203292.42,7126988.29,7005971.91,6895706.97,7207841.16,7600341.19,7949184.37,8207344.94,8489632.37,8610682.31,8567934.88,8429077.48,8307681.58,8210598.91,8177011.25,8959333.98,9328760.31,9215244.96,8830087.78,8318984.55,7784121.22,2022-08-28
2797,7393017.46,7176786.84,7000558.56,6950948.79,7184766.81,7705254.39,7903855.82,8383168.09,8890632.55,9209460.73,9531621.8,9744186.9,9657833.21,9692031.85,9852645.43,9862218.45,9754436.4,9505674.06,10019607.69,10249760.04,10033186.97,9511670.81,8776108.1,8170901.03,2022-08-29
2798,7774800.09,7541706.83,7370954.95,7301176.19,7471707.49,7947375.63,8169938.96,8599440.19,9076400.43,9432143.86,9783435.56,10044587.57,9998903.54,10005552.79,10248580.15,10343589.87,10152427.91,9890638.27,10382677.79,10587912.68,10367403.63,9906588.06,9225511.51,8588212.93,2022-08-30
2799,7949317.09,7673276.35,7441102.41,7424428.21,7627773.13,8054547.32,8203600.01,8630501.37,9133678.45,9374848.45,9796222.89,10057563.02,9915285.93,9943518.28,10018565.39,9957312.13,9777503.29,9519228.87,10081250.34,10237163.31,9923064.92,9371834.21,8624316.78,8041973.58,2022-08-31
2800,7929394.32,7674551.09,7485278.52,7408553.97,7586571.71,7915559.13,7945828.55,8322962.79,8762931.98,9125315.05,9427269.69,9726672.76,9634518.77,9736787.79,9974249.0,9987834.56,9786915.36,9522730.92,10042962.99,10170351.27,9913876.54,9423125.84,8785522.04,8207521.59,2022-09-01
2801,7703039.39,7436940.43,7267121.17,7157167.41,7340323.22,7794616.01,8033947.59,8497853.42,9016862.23,9335247.54,9681927.36,9931183.95,9806179.79,9858191.35,10032456.76,10046277.36,9921063.61,9600102.22,10088954.32,10215480.09,9990129.85,9555379.41,8894476.04,8378884.09,2022-09-02
2802,7856053.67,7539754.17,7325460.98,7186341.59,7252139.08,7326059.75,7613359.58,8178096.43,8735703.67,9140208.73,9557729.64,9717899.05,9644958.2,9476766.49,9568620.03,9495507.27,9165746.35,8993763.14,9634104.64,9773986.01,9490422.39,9049766.46,8469073.98,8007206.95,2022-09-03
2803,7630470.95,7284426.13,7010232.56,6846185.13,6782032.2,6968955.72,6805304.53,7094574.84,7496732.2,7612562.69,8100649.17,8384078.37,8497245.91,8469454.89,8343627.25,8198764.68,8215383.23,8260350.41,8921472.56,9189166.8,9172547.38,8762241.4,8290636.89,7930348.39,2022-09-04
2804,7596328.18,7416645.34,7264433.47,7171638.42,7399794.8,7852933.56,8103775.13,8660779.32,9212815.44,9534352.61,9912531.43,10191600.95,10112287.27,10128035.17,10160185.21,10138157.31,9991510.87,9771104.66,10370917.26,10551775.41,10265138.91,9801589.23,9077827.39,8444485.5,2022-09-05
2805,7802507.15,7528883.64,7322709.37,7265839.93,7457711.77,7957535.67,8210328.72,8741403.37,9280948.72,9554676.96,9934288.81,10161563.25,10090871.47,10145853.23,10319435.95,10326343.53,10157976.84,9915196.88,10473587.55,10660464.15,10434626.15,9926843.43,9190388.64,8485941.98,2022-09-06
2806,7986881.99,7711946.56,7491286.3,7440598.16,7621615.09,8058251.89,8251819.6,8712739.53,9217833.05,9531190.98,9910649.27,10203180.17,10038250.46,10128606.98,10276967.19,10266838.41,10063656.55,9655062.4,10279943.59,10474896.65,10152188.04,9655750.09,8861453.79,8203872.54,2022-09-07
2807,7786051.69,7620237.61,7467450.26,7343950.71,7538177.1,7974838.22,8124738.57,8593600.2,9120085.0,9558468.55,9960968.81,10189620.02,10025098.28,10186961.82,10259972.93,10213627.64,10057070.42,9832048.34,10312976.1,10383986.86,10144833.29,9601633.72,8866869.46,8268892.16,2022-09-08
2808,7933733.86,7742438.55,7558723.68,7473138.95,7677497.88,7966772.34,8261846.77,8745972.88,9287620.69,9643073.91,9998323.47,10274738.11,10185717.28,10220294.43,10375915.64,10354302.38,10130308.22,9827942.29,10364388.9,10468764.07,10230803.89,9760571.15,9125702.71,8575772.73,2022-09-09
2809,8213074.64,7962239.7,7743227.33,7638296.07,7688119.81,7771950.58,7957632.31,8571118.03,9126121.71,9563561.76,9854801.94,10085695.11,10022244.74,9831952.04,9679431.46,9487672.73,9280942.84,9279656.4,9974194.34,10041900.07,9767093.02,9310866.88,8732687.76,8230921.4,2022-09-10
2810,7815683.51,7539307.78,7301964.09,7093931.23,6936432.26,6828121.2,6701039.34,7029625.81,7384315.82,7712276.22,8061298.06,8323691.49,8426879.39,8378183.31,8330111.97,8200700.05,8150246.44,8195271.64,9056434.19,9400926.24,9299064.02,9004355.66,8544211.16,8058524.12,2022-09-11
2811,7713139.52,7446961.68,7271036.55,7219733.05,7415144.87,7864390.34,8054250.04,8545275.6,9099560.95,9443973.75,9845093.8,10044293.05,9892243.89,9916978.56,9989720.35,9977075.82,9826303.48,9600041.25,10141327.39,10211184.73,9937312.9,9406248.62,8713508.81,8129959.71,2022-09-12
2812,7730165.47,7475750.82,7332578.92,7226291.36,7398701.7,7888660.7,8032745.77,8504540.14,8965302.82,9284424.24,9677527.78,10032119.98,9921445.09,10007008.56,10130821.62,10037914.08,9876555.68,9711380.52,10306653.63,10424094.93,10155420.14,9673098.08,8943199.73,8348179.03,2022-09-13
2813,7932126.83,7653560.89,7494838.31,7394230.31,7621930.95,8119234.99,8287822.96,8772265.44,9247055.87,9497619.49,9803701.39,10094268.5,10007279.64,10052170.15,10204256.19,10175788.34,9989097.17,9802530.06,10419349.5,10503044.39,10234540.08,9726709.53,9028995.71,8441775.47,2022-09-14
2814,8038506.4,7771806.16,7600607.45,7542390.31,7738838.65,8215164.52,8376880.45,8872651.37,9363940.67,9624181.82,9978861.76,10277492.25,10127995.1,10130082.49,10227829.24,10263024.38,10085615.46,9922007.79,10526560.21,10598648.17,10333839.48,9853240.31,9215495.6,8607217.46,2022-09-15
2815,8163904.44,7875501.29,7657951.04,7571748.33,7775148.17,8216916.29,8359224.35,8859076.3,9374817.09,9637699.94,9975040.64,10222118.31,10091362.51,10124150.59,10195167.98,10158131.07,9935575.92,9781293.09,10343904.4,10340450.81,10061412.26,9595169.22,9006874.82,8459900.97,2022-09-16
2816,8037256.65,7803110.69,7565394.98,7460211.48,7493334.49,7568743.4,7743808.78,8325630.49,8816646.05,9172058.2,9478622.41,9717953.7,9668330.46,9492376.89,9353704.9,9249302.27,9148692.48,9149650.27,9877825.39,9839016.43,9517224.55,9037025.16,8483866.83,8031670.04,2022-09-17
2817,7674145.88,7436867.75,7246806.32,7091053.18,7027875.11,6916666.02,6735901.66,7080702.26,7489854.34,7778501.38,8026706.07,8283555.81,8368335.01,8309533.77,8178183.21,8050119.69,7940287.65,8046227.38,8910732.61,9099038.47,8937150.89,8558374.71,8083219.1,7641257.22,2022-09-18
2818,7302208.14,7088772.58,6944103.86,6884097.07,7129642.12,7637165.16,7847352.53,8301383.14,8790464.23,9220093.72,9531615.92,9851992.78,9781499.77,9793196.84,9932717.76,9976971.48,9823875.65,9445432.73,10026465.28,10103696.49,9813959.98,9265871.5,8608144.45,8029782.1,2022-09-19
2819,7617227.28,7354541.88,7189184.78,7097881.88,7318331.23,7805056.83,7965665.9,8400644.48,8895345.33,9193393.23,9532190.52,9789240.74,9644154.14,9691139.46,9843833.08,9859222.8,9737072.01,9513549.79,10142389.83,10209687.06,9975353.92,9445425.42,8730019.77,8098794.55,2022-09-20
2820,7689770.98,7399859.5,7225386.69,7165895.98,7370300.2,7868161.44,8066975.8,8445378.56,8931668.79,9253172.8,9567386.87,9844643.33,9787472.16,9812342.06,9949212.79,9936434.71,9805551.6,9644867.5,10236265.91,10257081.05,9967443.26,9439581.25,8759672.81,8186281.94,2022-09-21
2821,7776852.67,7650878.15,7556986.16,7439736.89,7444443.35,7850904.45,8030964.34,8489860.2,8908088.58,9159961.28,9470330.07,9727268.98,9617790.72,9709840.35,9870897.17,9918561.11,9779777.09,9634280.68,10244872.88,10240970.55,9946151.04,9398407.55,8702886.98,8158798.48,2022-09-22
2822,7790805.45,7540691.24,7472257.0,7405804.68,7530131.52,7904528.95,8109471.67,8573604.12,9177852.52,9359710.96,9757562.6,9981275.76,9892424.95,9974649.32,10198430.33,10287175.09,10008908.35,9819385.85,10382718.6,10345078.27,10068205.75,9584353.85,8943501.76,8345033.13,2022-09-23
2823,8125722.71,7858003.88,7683870.69,7551271.58,7604048.51,7720091.87,7776131.06,8342906.28,8949112.03,9359193.33,9721359.32,9957072.16,9862309.45,9671020.06,9536547.44,9245771.31,9187169.33,9274073.32,9820420.57,9718893.64,9480672.63,9107832.68,8559348.82,8101845.59,2022-09-24
2824,7653541.73,7207533.52,7095489.76,6941480.67,6820428.79,6772766.32,6539098.68,6832305.44,7258008.45,7770609.13,8011964.05,8146683.58,8345548.45,8431506.27,8314025.85,8261748.87,8218483.7,8390325.57,9232284.39,9405206.77,9255632.15,8932679.8,8474904.2,8038814.18,2022-09-25
2825,7433914.19,7150366.97,7008220.33,6965412.64,7166704.51,7657325.74,7894044.66,8521763.6,9260602.23,9610717.62,9994342.72,10277855.0,10183745.86,10311993.73,10407969.91,10329592.37,10174729.52,10002831.04,10417094.84,10477279.33,10366853.71,9913356.79,9243842.1,8686270.21,2022-09-26
2826,8189918.76,7932877.58,7712729.52,7631099.52,7797431.86,8284174.75,8498913.67,8918587.78,9311563.09,9615930.13,9958822.14,9968922.71,9983034.16,9948390.5,10144234.43,10156401.43,9988114.18,9967491.04,10409528.48,10468923.01,10216764.57,9999274.17,9359421.67,8643345.12,2022-09-27
2827,8176237.01,7887197.3,7624633.66,7550742.64,7781866.54,8272421.39,8447015.83,8848266.41,9355963.19,9664027.26,10016976.07,10252318.42,10121170.26,10166922.93,10345771.99,10124607.81,10152073.84,9998086.01,10547479.37,10380852.83,10231205.46,9728505.91,9055893.5,8510699.29,2022-09-28
2828,8100795.69,7826797.68,7640416.04,7566074.84,7750369.4,8258872.81,8429632.44,8855733.69,9305729.64,9559860.79,9921842.53,10228262.26,10062293.13,10118700.95,10183731.21,10225216.76,10093000.0,9950848.7,10278934.9,10281227.66,10003665.03,9728910.8,9110143.51,8521714.2,2022-09-29
2829,8098179.18,7849526.18,7652533.09,7615879.42,7797508.74,8260851.22,8436520.62,8879158.93,9372572.43,9655240.24,9976715.98,9951709.86,10071390.04,9804863.04,10175326.6,9959129.56,9946265.23,9880416.34,10174573.58,10067187.84,9759922.73,9508575.21,8928758.66,8384321.35,2022-09-30
2830,7947506.26,7679743.38,7485269.85,7388117.43,7446175.81,7551034.71,7703759.53,8274850.52,8774556.15,9083733.72,9363274.29,9278189.26,9183296.76,9267583.97,9159862.12,8941945.26,8807188.38,8886565.99,9630911.95,9571876.41,9285277.11,8782020.36,8367946.26,7933452.79,2022-10-01
2831,7457086.37,7167499.78,6943056.32,6768603.8,6666540.91,6608009.88,6520200.19,6869979.89,7328026.73,7652827.2,7939205.11,8557602.38,8383145.92,8368004.57,8294357.46,8214269.82,8151468.42,8241767.37,9042704.66,9176160.92,9167021.3,8832919.0,8463320.06,7998502.74,2022-10-02
2832,7600622.74,7518446.79,7412850.81,7379913.68,7476794.05,7997749.48,8229332.57,8820032.15,9413536.92,9789298.49,10194367.38,10477536.87,10337439.24,10447219.05,10675131.36,10667121.57,10532624.91,10298556.86,10638889.71,10674007.8,10473698.36,10227302.94,9537767.23,8937121.45,2022-10-03
2833,8454045.63,8180001.94,7983407.06,7877568.46,8051937.66,8473046.19,8659458.11,9147077.61,9677632.01,9999781.19,10330915.11,10653636.3,10557478.69,10646512.74,10761096.46,10649926.91,10397433.95,10372084.78,10668552.62,10584578.05,10277979.2,9907464.05,9302974.71,8688119.96,2022-10-04
2834,8230804.4,8013099.02,7831744.46,7765122.5,7953778.07,8392448.61,8562946.45,8973743.76,9400147.24,9640230.34,9852773.68,10219434.46,10098594.12,10162139.8,10281784.5,10230319.56,10047487.83,9924602.88,10385048.24,10400139.23,10201757.91,9833099.57,9165568.47,8567391.04,2022-10-05
2835,8130281.99,7908281.96,7733352.03,7653991.67,7879841.03,8352724.16,8501342.42,8959677.27,9360542.86,9615337.79,9974307.5,10266572.04,10131877.36,10160055.39,10231559.24,10194094.45,10094029.99,10044285.44,10327319.89,10256884.08,9991257.21,9671762.95,9018752.06,8464229.47,2022-10-06
2836,8069180.6,7808395.29,7609554.41,7567668.48,7737521.29,8141905.53,8378891.25,8823476.84,9283944.86,9519873.28,9805009.95,9975554.91,9821780.99,9828162.2,9814360.63,9797446.16,9963889.58,9944258.33,10423346.76,10144651.12,10015849.66,9498047.5,8900945.78,8362764.52,2022-10-07
2837,8053291.73,7770292.42,7622672.45,7475514.76,7538604.71,7639948.01,7697761.9,8287749.37,8892555.67,9355259.21,9686400.62,9871353.09,9746644.26,9533103.84,9345990.43,9237345.56,9134402.28,9212928.75,9667245.81,9597823.31,9554674.26,9095739.77,8500485.46,8045883.74,2022-10-08
2838,7743008.55,7503137.87,7302012.67,7138684.57,7082302.41,6992660.91,6672739.87,6993614.41,7349293.69,7677484.19,7942683.4,8157950.54,8190038.96,8213461.33,8121246.92,8019432.42,8074411.43,8309980.78,9209003.4,9350138.84,9201628.16,8900352.49,8486691.66,8020660.43,2022-10-09
2839,7692824.1,7460727.77,7258607.26,7207799.71,7327981.71,7571858.89,7893192.11,8679222.15,9311942.4,9644351.38,10001221.54,10265266.59,10350108.03,10172430.45,10313771.02,10250964.03,10188275.85,9985529.17,10411998.64,10376445.74,10144763.02,9825677.26,9172132.18,8561965.11,2022-10-10
2840,8181895.79,7922829.72,7754427.76,7694171.05,7845766.19,8098215.17,8432054.95,9079906.43,9618194.06,9936262.74,10309738.94,10551292.17,10553746.51,10594655.87,10611054.18,10445522.65,10199414.81,10036162.27,10550914.14,10548717.59,10289687.1,9963819.9,9319051.45,8712589.72,2022-10-11
2841,8324813.39,8037821.97,7833904.48,7749720.64,7895133.18,8084829.32,8426788.18,9110191.45,9653029.41,9984922.39,10253982.7,10629740.85,10590595.19,10528051.38,10293953.95,10193681.85,10008135.67,10051857.48,10465446.85,10361176.78,10237962.98,9735094.52,9060109.8,8479941.59,2022-10-12
2842,8098787.39,7876041.03,7707788.4,7615680.69,7747203.7,7970768.29,8301935.93,8898741.6,9408454.88,9742426.6,10057983.81,10347973.95,10273121.04,10099662.91,10236185.32,10202362.66,10070557.24,10021438.19,10399838.67,10323915.11,10006266.39,9682375.96,9058681.72,8492060.23,2022-10-13
2843,8080993.05,7800044.04,7621470.3,7567849.83,7694439.55,7933390.43,8257196.15,8932877.19,9378552.78,9707053.4,10024026.17,10345245.78,10308609.96,10285497.34,10373699.82,10300371.0,10195367.6,10042215.16,10441913.24,10332259.13,10030157.4,9747282.48,9192831.08,8680783.53,2022-10-14
2844,8308526.91,8045077.38,7838066.41,7732783.47,7522430.2,7516474.27,7719127.49,8289636.84,8775151.96,9122732.94,9664089.25,9867162.66,9876767.28,9637327.59,9477265.57,9413338.07,9261502.39,9396923.2,10099320.42,10014394.15,9641030.13,9119947.64,8599755.26,8189465.7,2022-10-15
2845,7813387.67,7516700.52,7310036.11,7100404.93,7014112.98,6862462.43,6708311.46,7006457.51,7385688.71,7751694.21,7983178.81,8165797.83,8222194.58,8204567.04,8104245.86,7971747.91,7951534.31,8140918.29,8967286.9,9010662.38,8848437.11,8579163.89,8211935.25,7783341.2,2022-10-16
2846,7453216.48,7201701.6,6991980.65,6853726.14,6835122.11,6728305.76,6710325.47,7053053.23,7478630.33,7852220.71,8236797.27,8546898.75,8611756.97,8549208.8,8407363.69,8307342.96,8299481.35,8685330.63,9511255.83,9617139.62,9396915.21,9007899.14,8496319.95,7964852.38,2022-10-17
2847,7724711.11,7518385.31,7373375.11,7311109.16,7550457.24,8062822.4,8312813.62,8819718.17,9334222.92,9607352.08,9705152.21,9948743.81,10024539.36,10123452.83,10340567.67,10390994.74,10250982.4,10119325.21,10496036.42,10439169.13,10166209.88,9839291.25,9179627.67,8603990.1,2022-10-18
2848,8103427.09,7880376.97,7696742.48,7653221.97,7756486.77,8261063.63,8526003.7,8906890.92,9350924.15,9640319.01,9738281.27,9938832.72,9866599.59,9939122.44,10145133.14,10102032.35,9970093.56,9958477.09,10492610.76,10448317.57,10184887.77,9680522.56,8988011.38,8388801.29,2022-10-19
2849,7940663.59,7711239.12,7541394.42,7475313.91,7711338.11,8170514.74,8393816.39,8817334.69,9421292.47,9758037.34,10085203.83,10337574.25,10201468.15,10241664.68,10354578.01,10168630.26,10017493.42,10180010.47,10547623.2,10466637.78,10127229.89,9835954.09,9209502.99,8524092.8,2022-10-20
2850,7969185.07,7731072.81,7552872.44,7479972.58,7686781.91,8134433.87,8363505.93,8777441.3,9277404.23,9598573.79,9993868.06,10233800.15,10075649.78,10090066.25,10251714.99,10249536.23,10120805.91,10027997.06,10562706.69,10395327.4,10056949.07,9658158.88,8968383.71,8429221.01,2022-10-21
2851,8062164.35,7758646.16,7520161.99,7464246.27,7544944.54,7655776.63,7907876.72,8493990.19,8986178.72,9331322.47,9635473.42,9829251.35,9751880.24,9580201.59,9417952.2,9386718.55,9254323.56,9393622.58,10017918.82,9914930.09,9608052.73,9146857.71,8592906.69,8102097.35,2022-10-22
2852,7696568.5,7399736.96,7177439.46,7000853.23,6885783.43,6851510.13,6771956.66,7107478.9,7486614.69,7816279.09,8082129.66,8379085.13,8505821.45,8499156.18,8433098.94,8375326.5,8263943.61,8504067.01,9216603.49,9244207.65,9141264.86,8835694.43,8376576.88,7927830.79,2022-10-23
2853,7590349.24,7365990.29,7186389.85,7074482.94,7321711.96,7825068.99,8056983.19,8548434.29,9086927.97,9364962.02,9666259.53,9934528.16,9869247.53,9915935.07,10028762.93,10010100.87,9912055.58,9867989.4,10351483.74,10300897.65,10011936.99,9504811.59,8827423.1,8228397.24,2022-10-24
2854,7852654.52,7616316.94,7449279.74,7404201.69,7612776.74,8074190.84,8246313.5,8633676.03,9009010.0,9301465.17,9647815.41,9861607.53,9784461.07,9853856.29,10036208.88,10038960.91,9903963.24,9839091.05,10339163.25,10238518.98,9946668.98,9450533.73,8775944.9,8210138.07,2022-10-25
2855,7767342.95,7503420.74,7384751.94,7295778.18,7452241.55,7947059.37,8196182.43,8659780.51,9092420.92,9398037.38,9669468.55,9879215.74,9761885.52,9814681.45,9969405.39,10003705.95,9891240.1,9891882.98,10417997.92,10342280.63,10044115.76,9526399.1,8836081.26,8269265.1,2022-10-26
2856,7873282.04,7601118.94,7440201.24,7372396.53,7583117.22,8052689.76,8271336.45,8660163.4,9104334.79,9370497.93,9676630.96,9987704.05,9862352.03,9952762.36,10167374.85,10210537.19,10056936.93,9912102.34,10460865.1,10402666.42,10186629.53,9747924.77,9067500.2,8400948.37,2022-10-27
2857,7906171.47,7553737.75,7386537.41,7366054.78,7548351.22,7976729.6,8181339.22,8648854.71,9142461.7,9434684.32,9719742.83,10055383.72,9965261.67,10024087.93,10093719.35,10089813.64,9870490.54,9870701.04,10302493.37,10163510.77,9863326.65,9443746.9,8794717.47,8213544.17,2022-10-28
2858,7869728.36,7599022.97,7413721.68,7310177.7,7352989.55,7440365.46,7637152.69,8225512.31,8765684.33,9147907.35,9430372.52,9652530.99,9602456.89,9438032.04,9265325.01,9158344.32,9031246.03,9140886.87,9817543.71,9728230.63,9443024.58,8923708.09,8391973.7,7890257.17,2022-10-29
2859,7741037.47,7506070.62,7277500.21,7100267.21,7034737.54,6918034.68,6863878.32,7228497.27,7753476.21,8210044.59,8514985.93,8708839.5,8787810.61,8692317.37,8557398.86,8440984.6,8341507.44,8496006.66,9330572.67,9425388.44,9270425.49,8931886.38,8512884.45,8040351.89,2022-10-30
2860,7680618.27,7458129.61,7255722.7,7237057.56,7453680.44,7893508.19,8156776.59,8654131.17,9198140.17,9563652.13,9910852.23,10189616.14,10130054.94,10223601.29,10380697.39,10378041.52,10117255.55,9894076.1,10081025.92,9899720.92,9688259.32,9578389.17,9069155.41,8523581.38,2022-10-31
2861,8117667.93,7870002.45,7679462.86,7587681.69,7784112.29,8196902.99,8387914.54,8815957.19,9290624.47,9589108.05,9957203.98,10274371.59,10121632.51,10278428.18,10524382.61,10552966.98,10394218.36,10265660.96,10834307.03,10832197.33,10551994.44,10100362.93,9397803.74,8750799.93,2022-11-01
2862,8343047.68,8063049.89,7857630.9,7802208.93,8034754.96,8500897.78,8695716.47,9136551.38,9595933.51,9908737.66,10277270.44,10517520.5,10367309.12,10405857.27,10503981.21,10498921.5,10351029.72,10368630.96,10730585.92,10655038.35,10399501.18,9908089.58,9197571.68,8587519.46,2022-11-02
2863,8159297.46,7914093.91,7728515.76,7608052.53,7830973.06,8274932.37,8529142.06,8921201.9,9338682.19,9594309.26,9976675.27,10242861.32,10083966.81,10051349.44,10205270.14,10193456.46,10014777.65,9947701.03,10290450.18,10200426.57,9944275.75,9533876.63,8836509.46,8243222.0,2022-11-03
2864,8011305.9,7758947.57,7556573.22,7515970.8,7727663.82,8213144.27,8398413.82,8773286.77,9257488.98,9444265.04,9761461.18,10021637.22,9894475.47,9942641.11,10069817.66,10033505.19,9931119.44,9924307.63,10318770.46,10185711.17,9859428.24,9287204.73,8902458.65,8361112.66,2022-11-04
2865,7957775.58,7718936.01,7554177.77,7486715.81,7554625.27,7663088.07,7868531.94,8359776.64,8910494.85,9193190.96,9448106.65,9643146.01,9527735.14,9322660.07,9150374.88,8984510.98,8894461.32,9217251.41,9792314.6,9644573.71,9351668.53,8873911.83,8250456.8,7795503.11,2022-11-05
2866,7433773.59,7160248.05,6965630.52,6843126.67,6790951.31,6706456.33,6610221.56,6919709.31,7116147.68,7361597.1,7590304.05,7802192.27,7859715.65,7807971.8,7749024.98,7691111.43,7868074.41,8198617.12,8879520.95,8893571.95,8682828.2,8378833.95,7952437.24,7553362.09,2022-11-06
2867,7256558.43,7004245.67,6838184.07,6730519.86,6736711.22,6706548.05,6776787.06,7185288.61,7602950.94,7979273.63,8339482.12,8629758.79,8698030.44,8640154.74,8503881.83,8414786.96,8409020.31,8710287.77,9425156.14,9450107.96,9194430.75,8763410.46,8263811.08,7820300.83,2022-11-07
2868,7495848.77,7341836.87,7190419.99,7154992.05,7396260.77,7934663.53,8178310.65,8636461.25,9148822.61,9383259.83,9734193.93,9948222.54,9834872.5,9837004.94,10065662.89,10078701.79,9940059.43,9978588.06,10376344.12,10274550.24,9942254.26,9411408.15,8757798.95,8222287.48,2022-11-08
2869,7845064.74,7558965.45,7382333.22,7316691.98,7514852.35,7931230.14,8208018.58,8636011.37,9105099.72,9357058.31,9661623.22,9885759.04,9770417.66,9788315.97,9935411.67,9904772.13,9828343.03,9870614.28,10268476.54,10138737.52,9828575.25,9275713.93,8615127.02,8029638.21,2022-11-09
2870,7698220.81,7466498.97,7281276.89,7245537.19,7479889.41,8010211.43,8246256.26,8639332.78,9078731.52,9321156.08,9642261.01,9926488.28,9872787.69,9907895.64,10134544.73,10207004.81,10083302.78,10030724.12,10518883.8,10376012.5,10135641.44,9625843.83,8924708.59,8381561.8,2022-11-10
2871,8029325.02,7721055.55,7531098.25,7479343.49,7683997.46,8226526.39,8472579.96,8806154.29,9229243.31,9446858.42,9763886.4,10018501.29,9945753.41,9952723.94,10043819.07,10040718.2,9902882.65,9940575.84,10510875.91,10396305.97,10089292.13,9592710.34,9027084.87,8512917.21,2022-11-11
2872,8085353.05,7820785.73,7620871.52,7514979.84,7570417.63,7668048.64,7863277.43,8186748.21,8673282.65,8981945.31,9332942.39,9555799.46,9469398.67,9287730.4,9147416.64,9014603.4,8918832.57,9142776.93,9846040.14,9771478.88,9463755.32,9012728.93,8421315.47,7976457.34,2022-11-12
2873,7608751.07,7358317.65,7111036.54,6958050.02,6927580.75,6884074.57,6778601.3,7107978.93,7512211.53,7835115.74,8083232.64,8264247.65,8397241.67,8360443.44,8225772.22,8128532.41,8055116.04,8229893.67,8933965.22,8988769.53,8803857.87,8482121.86,8077052.93,7651809.73,2022-11-13
2874,7362110.44,7084268.64,6896741.18,6818193.0,6859968.54,6876417.22,6875713.76,7302252.13,7769683.18,8155508.95,8488835.98,8804152.85,8906294.54,8807776.52,8701283.64,8622834.91,8553451.13,8726800.06,9518940.54,9567659.4,9337182.97,8926226.28,8438275.38,7962990.66,2022-11-14
2875,7643488.69,7402857.42,7207154.47,7169583.66,7435598.96,7902824.52,8186572.45,8677379.83,9253756.86,9531225.15,9853235.97,10086355.71,10051537.82,10077278.31,10222302.15,10192403.17,9973926.97,9999748.22,10520084.35,10446043.04,10197286.9,9704547.35,9026904.0,8415350.53,2022-11-15
2876,7982797.05,7718182.35,7571344.37,7656645.49,7838151.88,8251810.26,8465011.91,8934601.08,9415296.6,9713135.43,10026006.15,10204942.89,10097825.13,10195126.24,10344624.82,10338858.67,9931899.2,9958398.19,10558139.99,10386081.51,10115307.56,9783055.97,9197374.51,8453298.06,2022-11-16
2877,7955176.62,7675471.28,7497413.19,7413921.45,7569881.79,8017467.61,8269824.85,8742665.96,9315145.79,9621741.71,9921206.18,10138182.6,10011338.71,10065722.83,10218792.43,10164795.66,10018750.89,10116794.3,10545722.42,10467147.22,10195143.47,9701070.88,9022606.34,8367180.43,2022-11-17
2878,7911688.73,7576442.68,7470897.56,7405267.96,7566571.1,7941619.97,8231317.84,8713426.86,9134474.11,9375209.31,9629409.02,9911504.15,9797232.26,9802410.49,9952427.97,9875497.82,9755525.29,9781795.46,10241738.83,10145502.38,9849316.73,9372367.79,8805505.66,8282005.22,2022-11-18
2879,8001903.68,7739865.31,7546335.6,7443535.8,7460157.72,7532330.94,7712332.93,8310594.29,8895114.7,9260808.37,9593310.11,9950461.95,9929424.19,9769485.09,9651435.14,9540233.83,9444535.56,9610806.05,10079161.19,10153321.98,9823465.09,9394019.25,8861870.29,8403945.28,2022-11-19
2880,8030493.69,7723801.0,7495507.04,7339067.45,7284996.34,7181340.16,7100934.52,7462703.23,7914934.17,8308616.17,8603784.21,8909387.01,9013689.26,8875428.2,8754781.98,8649355.79,8545559.33,8745502.0,9452232.85,9527325.46,9366301.97,8964212.06,8603305.1,8165462.7,2022-11-20
2881,7785217.97,7551252.69,7392762.87,7324587.67,7513633.45,7889370.05,8236956.12,8836336.07,9383294.81,9716302.8,10098576.87,10367101.36,10298089.15,10292115.16,10487844.94,10414773.35,10227222.58,10140194.42,10463692.35,10395340.3,10209598.41,9845889.48,9162702.84,8547384.26,2022-11-21
2882,8115398.67,7856301.92,7713670.84,7621183.93,7803963.7,8200787.64,8501233.68,9056363.93,9514305.09,9879897.56,10243340.67,10523446.17,10401307.28,10332927.6,10498968.65,10446052.67,10254776.87,10215500.73,10753306.2,10658448.6,10375250.03,9872234.88,9198276.92,8602873.49,2022-11-22
2883,8203269.24,7935136.77,7752078.24,7608762.69,7760186.5,8165797.4,8539728.37,9028969.1,9472846.68,9791259.82,10110167.32,10391887.12,10280803.8,10332023.58,10542291.52,10443519.18,10193197.51,10073645.06,10658360.06,10581468.8,10301002.59,9802727.55,9164073.08,8554887.92,2022-11-23
2884,8108522.2,7837532.66,7681895.83,7606291.9,7746733.49,8055979.05,8371056.05,8874922.92,9366476.77,9654509.73,9981172.09,10299622.87,10251635.78,10299601.72,10502822.87,10457364.88,10110551.26,10096920.77,10630197.87,10596528.81,10327970.89,9811035.23,9129027.14,8544677.76,2022-11-24
2885,8147457.78,7898888.36,7691468.27,7610782.69,7779466.75,8092864.48,8431476.47,9011753.46,9555677.11,9851122.2,10115021.51,10391478.08,10304548.63,10328286.72,10499336.34,10490798.14,10283259.88,10200357.34,10719264.47,10610879.28,10314702.41,9848514.22,9350828.89,8807671.29,2022-11-25
2886,8392268.22,8097147.11,7886625.54,7720399.85,7783550.16,7902916.98,8078692.65,8602529.35,9163129.35,9544140.82,9810360.26,9989455.86,9928946.46,9837299.52,9670213.63,9617414.85,9459349.43,9556680.86,10159488.66,10040878.33,9743550.64,9295916.59,8753325.45,8298758.19,2022-11-26
2887,7847652.31,7544933.3,7312253.08,7165714.88,7111662.82,7037347.97,6893455.84,7247294.42,7731159.4,8084558.26,8275142.24,8467009.57,8584493.84,8562351.32,8437170.76,8305490.93,8232501.97,8561403.66,9199229.78,9123601.14,9165950.83,8850489.89,8423821.71,7901717.23,2022-11-27
2888,7489394.28,7349864.3,7239868.66,7190728.5,7343112.12,7606619.07,7928046.53,8693778.95,9292700.91,9632276.52,9973228.33,10272981.01,10194412.28,10126617.3,10196639.11,10206766.6,10057595.73,10028007.82,10267982.27,10128433.55,9868250.92,9598044.87,8953525.43,8372344.09,2022-11-28
2889,7926754.46,7664258.94,7511414.02,7452315.41,7565552.04,7844222.66,8174205.64,8748846.51,9221121.36,9469472.85,9782526.59,10061517.66,9937995.3,9973352.91,10114381.5,10159236.74,9996167.97,10004313.72,10441918.84,10340092.03,10063055.92,9561636.13,8907453.11,8296259.86,2022-11-29
2890,7915201.84,7673934.47,7488136.66,7421153.9,7559958.76,7885324.19,8196199.04,8758619.38,9201318.86,9471797.45,9837349.75,10126829.58,10052660.15,10043912.25,10189120.38,10171107.49,9968302.49,9933617.02,10484157.53,10418133.37,10070236.59,9621008.32,8998745.31,8435412.35,2022-11-30
2891,8012441.37,7715187.12,7519022.12,7430914.03,7565595.38,7824881.99,8103991.26,8702622.96,9151220.97,9424423.9,9742103.48,10023879.51,9958643.83,9912566.43,10069571.53,10068079.74,9845799.83,9845295.05,10388351.68,10300895.34,10020469.07,9567986.83,8936123.07,8378272.43,2022-12-01
2892,7991914.45,7709547.09,7519157.58,7384381.84,7567122.98,7841790.29,8125893.23,8728028.43,9248184.99,9592827.47,9938093.31,10208810.34,10032089.2,9987902.35,10193330.47,10206999.04,9999737.8,9910153.27,10415358.38,10303087.08,10043100.2,9580305.87,9043080.14,8513863.77,2022-12-02
2893,8064587.57,7756420.86,7535576.11,7427934.18,7422146.09,7423275.39,7504219.86,8207171.3,8869981.9,9230334.47,9546437.79,9770223.31,9676496.93,9546281.32,9402584.46,9354495.6,9216155.07,9333241.78,9972169.06,9912508.34,9656366.9,9194942.78,8672722.92,8246647.52,2022-12-03
2894,7901753.63,7617966.82,7374105.18,7172885.63,7074934.17,7088411.69,6888685.21,7211098.92,7610770.3,7933484.68,8229091.71,8564326.78,8666431.48,8572475.75,8524985.43,8417531.41,8330435.43,8572167.79,9232774.79,9254010.35,9141538.98,8801528.53,8428871.41,8002325.11,2022-12-04
2895,7640661.57,7385687.05,7239366.64,7208566.63,7323369.51,7614320.44,7983716.4,8615252.54,9211706.62,9539411.8,9896930.37,10187770.84,10144133.24,10148075.67,10232029.38,10256984.23,10000293.59,9909344.37,10455489.41,10401799.5,10140389.28,9653367.33,9031319.36,8411775.37,2022-12-05
2896,7990105.86,7696225.67,7530889.21,7452791.59,7611294.4,7872922.88,8148747.44,8771636.75,9285893.33,9595058.85,9978407.85,10209103.05,10113456.18,10115637.43,10234217.44,10231276.25,10109673.45,9996563.03,10500780.9,10436150.92,10164995.35,9718359.85,9083549.95,8521012.61,2022-12-06
2897,8041811.27,7753289.99,7561991.92,7462281.53,7611068.96,7875710.64,8149054.73,8797963.44,9347408.28,9576006.07,9932352.07,10211007.25,10162095.27,10093192.42,10173740.45,10122785.76,9874316.29,9751504.32,10143307.2,9822496.53,9356958.62,8923768.92,8491644.34,8138228.19,2022-12-07
2898,7830727.85,7588785.09,7367633.47,7218628.86,7162086.2,7146224.46,7036362.39,7400503.13,7790363.22,8207019.52,8574685.1,8886909.53,8989690.71,8932735.94,8783377.16,8723280.11,8598667.63,8695274.27,9376968.77,9378355.44,9181241.32,8923443.93,8552367.8,8116821.18,2022-12-08
2899,7743420.23,7494702.92,7297570.37,7249562.66,7381949.35,7645986.58,7931915.97,8668206.36,9297013.12,9661264.24,10010458.83,10273617.77,10209538.25,10255934.74,10401960.04,10370981.81,10179039.21,9992247.69,10537089.06,10452771.13,10147913.71,9660246.0,9052585.62,8517532.28,2022-12-09
2900,8061438.54,7807084.87,7593087.46,7494810.35,7534613.15,7714262.95,7887591.73,8465277.27,9014480.46,9409255.03,9760735.8,9979619.28,9889906.43,9764986.67,9657497.04,9548169.22,9330005.73,9381856.91,10065491.81,9933880.18,9643363.05,9195060.0,8646598.39,8189548.33,2022-12-10
2901,7853466.25,7550206.6,7345040.69,7173254.91,7086009.29,7008706.13,6856138.49,7197695.11,7693215.65,8055991.2,8274468.72,8561187.5,8689377.12,8673600.59,8550030.7,8451423.34,8368411.64,8523544.53,9389567.76,9435461.69,9291727.65,8982527.41,8583488.55,8132454.85,2022-12-11
2902,7718188.85,7458464.15,7305458.12,7221637.13,7363387.46,7596355.48,7954805.64,8591339.37,9099198.18,9426359.4,9759419.62,10040902.68,9971671.51,9965660.51,10075188.76,10045558.46,9956517.03,9908482.98,10521346.08,10485758.74,10236240.65,9780388.03,9078212.1,8508971.21,2022-12-12
2903,8094056.87,7846730.26,7660696.66,7592136.04,7686826.65,7961603.2,8289801.14,8855811.56,9335357.45,9652919.39,9930215.74,10266706.95,10163214.25,10220139.12,10384042.59,10456024.56,10164999.4,9963042.67,10522286.69,10472250.36,10244843.05,9762537.34,9121066.44,8572912.96,2022-12-13
2904,8171222.51,7886091.75,7709536.15,7612494.85,7727770.29,8038689.07,8311230.5,8944128.12,9391689.82,9694025.65,9985570.25,10179860.36,10168113.03,10195697.5,10465518.73,10500477.93,10265243.21,10064432.99,10689626.46,10683925.98,10402246.41,9897704.23,9247712.96,8637965.03,2022-12-14
2905,8188311.29,7919505.11,7701234.0,7577447.13,7757007.41,8031821.57,8315668.32,8880376.03,9404365.65,9691879.68,10012038.32,10290520.95,10259972.93,10254895.57,10404304.26,10386191.6,10254956.02,10068023.04,10664392.06,10641117.72,10370262.08,9925535.31,9325792.7,8778016.32,2022-12-15
2906,8287263.9,8008908.49,7807154.17,7717178.94,7813994.28,8025061.15,8229861.88,8866925.03,9456760.4,9814965.2,10147642.32,10415776.82,10363069.43,10391365.14,10510946.62,10524524.43,10343415.44,10132872.44,10664873.7,10557902.32,10272634.38,9906178.79,9256670.77,8744149.17,2022-12-16
2907,8276819.81,7850430.72,7669681.88,7485194.79,7497037.8,7573066.09,7690248.18,8208637.02,8827387.72,9389951.4,9716738.59,9916474.18,9784331.09,9644191.25,9484000.76,9387683.7,9245918.37,9313170.33,10005954.88,9876394.21,9662819.97,9285345.7,8777367.56,8216314.25,2022-12-17
2908,7770716.09,7471610.81,7226851.04,7079407.11,6999179.5,6953928.53,6806686.74,7128907.24,7588466.14,8203574.0,8631942.36,8857399.9,8820088.47,8801018.77,8651143.69,8512195.04,8365934.07,8452147.95,9285088.19,9333593.21,9227676.92,9000120.84,8579141.5,8050187.71,2022-12-18
2909,7690103.37,7411791.11,7233026.53,7269850.5,7383861.0,7653916.56,7903386.05,8551286.13,9177693.1,9547850.45,9897745.47,10166002.28,10098660.17,10089636.32,10212019.6,10237481.04,10055644.61,9868490.74,10407055.98,10396566.81,10142820.48,9788078.33,9182479.49,8639433.26,2022-12-19
2910,8188471.61,7858417.15,7682905.02,7583511.29,7660062.27,7897339.68,8103006.55,8681968.4,9234379.54,9569747.14,9878848.95,10189300.1,10130370.35,10140879.18,10275998.61,10298144.8,10067496.31,9873314.83,10425324.3,10366961.44,10109123.65,9729186.04,9149849.95,8629837.08,2022-12-20
2911,8173371.49,7946712.69,7726981.39,7632503.59,7767798.62,7987905.57,8195529.04,8804844.36,9343566.18,9732122.6,10039287.49,10307716.46,10232718.47,10274402.31,10376187.16,10339120.82,10187669.92,9982987.72,10518233.91,10468105.17,10278557.15,9868242.2,9330082.15,8839081.8,2022-12-21
2912,8350608.11,8017983.73,7785358.98,7705563.96,7807822.97,8031220.88,8155366.59,8737828.38,9357649.49,9679718.56,10010145.73,10320902.87,10286398.3,10312215.57,10452313.9,10444029.57,10270950.75,10061803.3,10581717.19,10499914.21,10262460.78,9917448.54,9354219.97,8867509.29,2022-12-22
2913,8395274.03,8107864.15,7894251.19,7760342.9,7827203.07,8029875.11,8161458.02,8713532.99,9272014.73,9642253.66,9944152.48,10130293.45,10103912.95,10006046.76,10057315.8,10057213.72,9847792.18,9670973.78,10242192.75,10179523.84,9964070.76,9647398.65,9150885.89,8676381.24,2022-12-23
2914,8200460.2,7851137.12,7605074.34,7435196.21,7414654.04,7459706.87,7409268.21,7804680.4,8298515.95,8547475.76,8716260.13,8830924.48,8806796.36,8738264.86,8654226.77,8564027.98,8548221.63,8648560.0,9459306.15,9343886.45,8852974.2,8383289.32,7959494.45,7672920.32,2022-12-24
2915,7466415.58,7273967.74,7084806.23,6913234.9,6816066.84,6684479.96,6365066.13,6457144.78,6691019.27,6970688.13,7235660.66,7548096.91,7697182.46,7767113.53,7737965.35,7695118.45,7648194.74,7735215.0,8526229.51,8660654.58,8547962.98,8334602.82,8017686.16,7641717.92,2022-12-25
2916,7321591.08,7088265.43,6899345.26,6828041.71,6893808.3,7077065.49,7096908.9,7684328.96,8452224.93,8926395.39,9304330.75,9632340.2,9714449.06,9762100.57,9847116.91,9801559.75,9632876.01,9461690.95,10090677.41,10088823.5,9856744.14,9424991.81,8884335.0,8364572.69,2022-12-26
2917,7940078.29,7664968.22,7465830.43,7367508.35,7454889.77,7647446.59,7842207.43,8354419.79,8893256.12,9208699.99,9569814.93,9884648.21,9950481.82,9956342.12,10070318.67,10036730.17,9889310.44,9691706.5,10296030.08,10336877.64,10075067.94,9648541.02,9232623.09,8692983.95,2022-12-27
2918,8231876.42,7930318.46,7733517.04,7615345.46,7667622.63,7860291.55,8068398.35,8623457.15,9125635.59,9459134.43,9809923.89,10135119.77,10159026.07,10197004.35,10287240.5,10237805.18,10061360.97,9904397.35,10477002.73,10505938.97,10241785.37,9777390.64,9219463.73,8722561.58,2022-12-28
2919,8288968.51,8013469.79,7773595.83,7651377.01,7681561.65,7864408.65,7980555.36,8485423.04,8981230.76,9366596.15,9683975.2,9945326.36,10013744.92,10046053.43,10135926.84,10085956.99,9857904.04,9670622.89,10307646.8,10376340.74,10119613.21,9686372.88,9145447.37,8637407.91,2022-12-29
2920,8180908.52,7842038.52,7631111.86,7520996.78,7571604.08,7718712.42,7798980.74,8309599.81,8792654.92,9162797.42,9516533.39,9744237.76,9759122.81,9717789.12,9708072.94,9608916.58,9475743.94,9358617.07,10008784.71,10085210.92,9869090.46,9479423.57,8963365.73,8505207.86,2022-12-30
2921,8111614.6,7800349.94,7561290.39,7411434.16,7368617.2,7399735.68,7290042.26,7601482.73,8016568.64,8370141.87,8589294.09,8733243.18,8806998.02,8780256.6,8698085.22,8616304.91,8547131.18,8610108.03,9414007.38,9381398.16,8979180.28,8520253.75,8104752.49,7750752.25,2022-12-31
2922,7520571.56,7422464.39,7262440.87,7110737.81,6987142.16,6890653.34,6476679.99,6424557.32,6669773.39,7006507.35,7233194.42,7388526.04,7548389.53,7468696.5,7356609.33,7295393.4,7264573.44,7357688.83,8136774.52,8342401.68,8255970.1,8115596.95,7858107.21,7539203.63,2023-01-01
2923,7294173.67,7078126.67,6948832.14,6852437.9,6767657.32,6875796.16,6986598.45,7421221.36,7832226.8,8354146.97,8804858.32,9092245.36,9229202.27,9278847.39,9265902.43,9109778.66,8975633.26,8852663.52,9661727.55,9778944.74,9579989.75,9236519.0,8757828.41,8335500.23,2023-01-02
2924,7889876.3,7564507.82,7375070.31,7233144.87,7278149.47,7467231.03,7671076.45,8178158.16,8689006.92,8987130.2,9217854.04,9562152.28,9623445.7,9655871.64,9714334.89,9673382.44,9494537.67,9338801.07,9985070.97,10065971.01,9825824.09,9415188.53,8840891.6,8387773.51,2023-01-03
2925,8035406.14,7814578.59,7599659.77,7509653.06,7579681.5,7786465.56,7892249.18,8391158.26,8926594.03,9215635.36,9528358.47,9807384.24,9854307.21,9859087.25,9959482.09,9897917.35,9662475.47,9523198.01,10117654.53,10257611.92,10018882.21,9605465.96,9058584.7,8570283.05,2023-01-04
2926,8092949.11,7804670.16,7598793.92,7492787.52,7603079.23,7792522.24,7926988.88,8416244.49,8878635.67,9149724.48,9465431.26,9758328.56,9795941.23,9831737.98,9935414.32,9920843.78,9844420.62,9698774.2,10290672.55,10336303.86,10086319.46,9667967.37,9159154.59,8686554.42,2023-01-05
2927,8249219.76,7963345.1,7755704.34,7672562.86,7723341.52,7927732.71,8063404.04,8579348.8,9076184.52,9355728.22,9720722.11,10029621.76,10035656.62,10037995.4,10062690.81,10065556.53,9923079.15,9728880.28,10314053.02,10353076.33,10107052.59,9721185.21,9212668.98,8780006.76,2023-01-06
2928,8421818.34,8104415.25,7866283.77,7734157.26,7753147.73,7834565.23,7822494.75,8091468.27,8697632.35,9070756.43,9331001.91,9542927.56,9602380.04,9521210.83,9404859.39,9317147.25,9198225.21,9164179.45,9828461.74,9893801.44,9607135.49,9184900.15,8772184.62,8368037.89,2023-01-07
2929,7954495.42,7732439.14,7538042.71,7396448.75,7309751.51,7261785.1,6973035.42,7160308.08,7613957.34,7903169.29,8121057.94,8307388.02,8363003.75,8370836.66,8288321.26,8279598.39,8247897.65,8312324.09,9030885.25,9175669.38,9037598.37,8764918.36,8404375.62,8000497.8,2023-01-08
2930,7715013.47,7497425.61,7318388.4,7204664.26,7204778.17,7259920.29,7135269.52,7402437.26,7792674.29,8124803.42,8436648.74,8743087.74,8818286.83,8819036.3,8772236.73,8661552.87,8536498.98,8577917.98,9375811.28,9550335.33,9324573.6,9028318.1,8606684.3,8145901.03,2023-01-09
2931,7757197.3,7537583.42,7355908.22,7271530.29,7380494.54,7676000.03,7984040.2,8489399.54,8994644.93,9311765.46,9622652.51,9862618.47,9879387.16,9934196.76,9991107.59,9991146.35,9823462.74,9625575.1,10196121.66,10341221.02,10067121.85,9612098.64,8988927.04,8506985.59,2023-01-10
2932,8152506.19,7879211.83,7654663.68,7568059.48,7678867.92,7954785.97,8243444.3,8695942.77,8953860.56,9195755.33,9583914.51,9939575.48,9877957.66,9866163.33,9956733.94,9993122.27,9897014.24,9656639.77,10245851.02,10397484.78,10143832.57,9684572.5,9071074.95,8455930.85,2023-01-11
2933,7849525.13,7522081.54,7268663.1,7091902.91,7243434.88,7531417.6,7925010.93,8492295.96,9074448.2,9471317.38,9764818.81,10054073.8,10056951.83,10106634.5,10258673.41,10202224.7,10030322.72,9817842.77,10349325.03,10499379.17,10238284.34,9840109.64,9225902.12,8707518.06,2023-01-12
2934,8061547.43,7890929.65,7726119.29,7695753.35,7730953.87,8004872.76,8244500.61,8775009.8,9447648.58,9742107.52,10068689.41,10431049.68,10425453.95,10463835.28,10595909.99,10542488.85,10330129.25,10026288.01,10498535.39,10592898.26,10383808.87,9939780.56,9192720.32,8795423.25,2023-01-13
2935,8408696.11,8158073.53,7763799.89,7706396.82,7794268.79,7952747.07,7999952.82,8279169.82,8669644.47,9234332.5,9570760.37,9879674.73,9822894.48,9695329.7,9573495.06,9512581.3,9367938.65,9429214.83,10123036.51,10204008.08,9909087.23,9494681.75,9012829.48,8556464.2,2023-01-14
2936,8045325.45,7734299.86,7489534.8,7331424.92,7257860.72,7077760.8,6840961.1,7075587.48,7490942.49,7960357.33,8235258.79,8536463.76,8598007.4,8540155.22,8452031.45,8377460.44,8334869.6,8356830.25,9095904.76,9398030.78,9278818.54,9091028.25,8701822.28,8201120.28,2023-01-15
2937,7894664.56,7372566.19,7303028.05,7394387.76,7528452.13,7676353.44,8078889.89,8694904.74,9240248.37,9508914.96,9834683.58,10155808.9,10146168.06,10219519.87,10376388.96,10388842.64,10206101.29,9919954.1,10390986.18,10551002.72,10287358.29,9836002.12,9240492.87,8598511.74,2023-01-16
2938,8185800.75,7953161.37,7769247.76,7518861.2,7702116.39,8051001.5,8341494.83,8864275.83,9405181.99,9733078.92,10072920.7,10335237.11,10262574.83,10285608.59,10500763.02,10498797.1,10303134.45,9983995.07,10460070.16,10598528.73,10350838.03,9905193.73,9276597.16,8723684.27,2023-01-17
2939,8275997.04,8007154.83,7811171.36,7720929.74,7830373.99,8161316.9,8391153.18,8891754.87,9426716.04,9720014.99,10018112.29,10285037.75,10263515.54,10306464.52,10441141.79,10355662.83,10147226.4,9933517.56,10387675.2,10531692.44,10303335.64,9869210.48,9260549.84,8733466.24,2023-01-18
2940,8268703.24,7992871.87,7767159.32,7662188.17,7852865.17,8181182.51,8434223.26,8927339.89,9415830.39,9699821.87,10029095.9,10376202.98,10314458.34,10364076.6,10513060.53,10534332.13,10368073.17,10112778.03,10579319.44,10718116.39,10427387.44,9970255.66,9350644.33,8797828.69,2023-01-19
2941,8317437.98,8059948.06,7837049.82,7699025.34,7797506.44,8133029.16,8391349.84,8878738.16,9381893.73,9673443.13,10058838.38,10403357.23,10330037.33,10351440.71,10518524.61,10535799.04,10338499.12,9998588.16,10430821.38,10601546.84,10354775.41,9916970.63,9348648.62,8821232.52,2023-01-20
2942,7999822.05,7933005.79,7600389.83,7583911.04,7526252.12,7842648.41,7745145.04,8221366.94,8886381.79,9241138.61,9572983.43,9777840.44,9728178.97,9688577.64,9603353.25,9568419.11,9191935.45,9218107.17,10004012.2,10233178.71,9958205.78,9486860.19,8938631.49,8449348.32,2023-01-21
2943,8089579.16,7816128.3,7584793.06,7430380.82,7352893.52,7318963.91,7045728.33,7218790.67,7715605.08,8066865.32,8387718.95,8625452.45,8753774.03,8771584.14,8659316.42,8607406.62,8574969.07,8550235.8,9290108.75,9605209.39,9505944.63,9213985.76,8821692.91,8330012.66,2023-01-22
2944,7980555.66,7726894.53,7564698.21,7479265.73,7614272.25,8042075.32,8338080.77,8839810.7,9389151.07,9737172.79,10090000.21,10358992.7,10358921.46,10414231.14,10593927.69,10594501.58,10400338.26,10047672.06,10479452.56,10742699.12,10532372.19,10110188.88,9440186.95,8842744.07,2023-01-23
2945,8380627.06,8113595.07,7906124.53,7841415.47,8005471.52,8419381.81,8678164.94,9024026.4,9612170.6,9851917.84,10202104.53,10501581.24,10402525.99,10451623.69,10621392.47,10622852.68,10440094.33,10127191.41,10596579.37,10819689.21,10591701.61,10148500.81,9485317.24,8848357.04,2023-01-24
2946,8402941.42,8066231.61,7760334.57,7619413.93,7688114.96,8098521.9,8313880.92,8903284.01,9483035.26,9907674.17,10244025.6,10552056.81,10440313.64,10569147.29,10785366.69,10798592.15,10636715.23,10266963.87,10701384.44,10916074.1,10687706.89,10198961.13,9560057.96,8900926.52,2023-01-25
2947,8504502.59,8215855.8,8024557.58,7933576.78,7989052.38,8308856.76,8549458.53,9018753.47,9543950.0,9949154.13,10258942.76,10531584.3,10427523.46,10538483.39,10716367.97,10739083.23,10586679.71,10227072.43,10667252.06,10885455.24,10632964.12,10209465.78,9578874.76,8973337.8,2023-01-26
2948,8468010.2,8134615.22,7942344.32,7849535.53,7992823.24,8404299.31,8622692.14,9054159.95,9596093.59,9905898.47,10288341.67,10574489.3,10480989.74,10537261.9,10714468.84,10722288.4,10515855.31,10127373.87,10559420.9,10761184.74,10498841.1,10070483.65,9496346.25,8951610.46,2023-01-27
2949,8526652.94,8205809.29,8008508.38,7876390.54,7881719.49,8006923.44,8120855.36,8607988.31,9148260.53,9495244.53,9813209.22,10035212.7,10015806.17,9903541.11,9805387.15,9744569.3,9573320.09,9514621.85,10069217.7,10308780.39,10005537.07,9544920.69,9013394.0,8521238.92,2023-01-28
2950,8125155.71,7869151.44,7629577.23,7438382.25,7351777.26,7280988.3,7043581.93,7243830.26,7575962.24,8038053.54,8365631.78,8653732.43,8780112.91,8791782.97,8731692.4,8654992.28,8584524.78,8559877.7,9228448.83,9594788.47,9505702.07,9223030.34,8782337.36,8335609.86,2023-01-29
2951,7976291.95,7700345.87,7494282.42,7435259.97,7655199.43,8136470.22,8355382.48,8783117.93,9326388.11,9664566.84,10044863.54,10355613.48,10316188.55,10399326.64,10647728.9,10672537.69,10484756.7,10099257.23,10514307.83,10755530.12,10508342.82,10037808.65,9400799.71,8795765.87,2023-01-30
2952,8332679.35,8062712.47,7882053.76,7790196.79,7953434.25,8445133.46,8630046.79,9078065.25,9544171.78,9822143.39,10101933.49,10363479.79,10284940.57,10395561.45,10576905.5,10572263.46,10405938.86,10074260.52,10481022.63,10761943.79,10490388.11,10082422.09,9377752.93,8762155.93,2023-01-31
2953,8300453.7,8072023.5,7868969.09,7731269.23,7931427.63,8460571.79,8596541.33,8992258.87,9451102.6,9745091.6,10106830.6,10402195.73,10293100.58,10387827.48,10592218.32,10582763.9,10404534.92,10074103.95,10450866.42,10685803.63,10451782.32,10016422.7,9388944.45,8775087.55,2023-02-01
2954,8269408.63,7985646.68,7780432.76,7678119.86,7853036.98,8358317.13,8543056.52,8949886.26,9444208.86,9676807.61,9997513.49,10342122.01,10250450.25,10350618.33,10555807.25,10533265.89,10366147.2,9991915.34,10443978.43,10749532.45,10497949.91,10001985.8,9331368.8,8750357.36,2023-02-02
2955,8276349.9,8019557.93,7811738.33,7740366.79,7957365.39,8443480.3,8630082.5,9023681.43,9501470.87,9802906.93,10182676.58,10468868.94,10382708.91,10421490.91,10619361.27,10649748.52,10476559.18,10130508.4,10532782.65,10756246.83,10523302.74,10054788.58,9462046.82,8924852.16,2023-02-03
2956,8453835.77,8193423.64,7981968.58,7858521.96,7900842.03,8031650.3,8165422.7,8605680.72,9143214.92,9476537.36,9857795.91,10079342.63,10036978.14,9908153.77,9752458.23,9735510.24,9586331.72,9471496.48,10026043.7,10254665.44,9987383.92,9526150.19,8987973.29,8495197.46,2023-02-04
2957,8103960.89,7826347.12,7588310.49,7430959.58,7375857.88,7330690.9,7131790.29,7288963.21,7681195.38,7954443.55,8284640.08,8488426.79,8612160.39,8629958.99,8558373.55,8531284.08,8550843.32,8558791.19,9233595.89,9638210.59,9556219.05,9276468.76,8846842.83,8366905.12,2023-02-05
2958,8003216.85,7779323.85,7610695.59,7544735.84,7758312.55,8344909.81,8543481.37,8977103.2,9511504.94,9849965.2,10179335.14,10445711.99,10352630.2,10462878.35,10649469.2,10659465.15,10520613.6,10164615.29,10571101.36,10890293.81,10678897.7,10241884.22,9524084.39,8539104.73,2023-02-06
2959,7957201.89,7686616.88,7448541.18,7381173.07,7590790.15,8178028.19,8549503.19,8908428.91,9496663.49,9797378.44,10142742.27,10411976.54,10309677.2,10483507.07,10701852.26,10726697.62,10497418.76,10110585.21,10546306.21,10865770.97,10630828.47,10169958.13,9492430.38,8895724.38,2023-02-07
2960,8430342.67,8149385.02,7947590.86,7794968.63,7994506.56,8581382.0,8767596.16,9148618.2,9599774.07,9893893.02,10275393.78,10577314.59,10422490.89,10561018.09,10742916.1,10724653.6,10532645.77,10165119.56,10614437.64,10889834.89,10646092.23,10162418.15,9503263.55,8945368.14,2023-02-08
2961,8496831.79,8239866.33,8061272.22,7981250.24,8087570.61,8660852.06,8810940.09,9226636.42,9707509.5,10004623.02,10332600.09,10648541.33,10556079.72,10637431.91,10845502.33,10845337.24,10626104.24,10305300.21,10695277.35,10986570.28,10757704.96,10327394.57,9639172.85,8777492.4,2023-02-09
2962,8084506.23,7815463.67,7594763.4,7499363.54,7686940.66,8245024.88,8398758.66,8797123.88,9529075.36,9849899.05,10211481.12,10446398.72,10428636.05,10525697.83,10828766.72,10875368.23,10729333.44,10346647.45,10375020.69,10537822.37,10266071.71,9757485.45,9170756.45,8637667.83,2023-02-10
2963,8192626.23,7897080.38,7705624.13,7576941.41,7613475.17,7786892.74,7937909.27,8429756.61,8979801.75,9361454.3,9713773.8,10014714.45,10001519.19,9918247.95,9750815.99,9677720.27,9527819.57,9307438.44,9850400.3,10071401.8,9823840.83,9373410.35,8869099.94,8367100.57,2023-02-11
2964,7926097.55,7609160.4,7423449.67,7254818.54,7171664.8,7177061.27,7079661.56,7281991.69,7703952.54,8021988.9,8218095.68,8489754.16,8632410.71,8620906.49,8560781.47,8495561.12,8428000.03,8427868.8,9080464.38,9501913.23,9380537.23,9053907.48,8603091.33,8099588.85,2023-02-12
2965,7690220.16,7462998.68,7293206.41,7217997.01,7436386.51,8032036.92,8227275.79,8626078.57,9218272.4,9653651.69,9814006.35,10039467.7,9951001.11,10073333.39,10272302.37,10255732.39,10078502.98,9704538.26,10110775.96,10452171.65,10238993.26,9756722.08,9080695.5,8491383.4,2023-02-13
2966,8047924.82,7706252.29,7539871.66,7447174.91,7615090.95,8135135.9,8368645.62,8819125.11,9315392.88,9560269.14,9838976.21,10104370.92,10035002.53,10210501.63,10754881.39,10787065.13,10593129.14,10193128.24,10252411.91,10585311.8,10322334.45,10214702.44,9624298.71,8825029.41,2023-02-14
2967,8200211.26,7909447.23,7831213.48,7759724.52,7949393.98,8499248.21,8658902.2,9130237.11,9718703.17,10002035.35,10356580.65,10627318.07,10476303.44,10625531.55,10788711.68,10767673.74,10610591.19,10231448.9,10282262.95,10532523.89,10270346.22,10149746.66,9616012.93,8685637.94,2023-02-15
2968,8112204.19,7836684.35,7802967.28,7536423.34,7737635.77,8298589.69,8494428.68,8834115.84,9282139.75,9537141.03,9814555.61,10236196.65,10365009.46,10468571.9,10703379.21,10739178.44,10559203.6,10246639.63,10672400.01,10941332.79,10656778.7,10164451.4,9507695.18,8776555.91,2023-02-16
2969,8349732.05,8131671.73,7945532.18,7858119.48,7878235.14,8390908.08,8549490.86,8850865.32,9612657.0,9965718.05,10221246.89,10463373.63,10438855.46,10521873.22,10694192.84,10742442.72,10475735.16,10179336.29,10584994.25,10795646.16,10554344.72,10125113.43,9544149.09,8970720.32,2023-02-17
2970,8529838.65,8246248.45,8038330.58,7886324.96,7953939.37,8109855.64,8153516.84,8492911.47,9169185.94,9599600.45,9913970.08,10108685.93,10095021.86,9964621.43,9706704.42,9531093.04,9406889.3,9277850.36,9957525.11,10266820.37,9966872.11,9509659.79,8985318.6,8480565.84,2023-02-18
2971,7689727.67,7354546.83,7171904.22,7013109.22,6906777.38,6856798.66,6633597.24,6883734.76,7358496.32,7850932.35,8295459.22,8579514.23,8711951.36,8695607.27,8601284.44,8532848.04,8370641.92,8234822.03,8717635.75,9126022.92,9023189.72,8701477.16,8256156.47,7847646.48,2023-02-19
2972,7781037.57,7547277.77,7403655.38,7274003.38,7493583.4,8097695.76,8286758.39,8671401.54,9152029.38,9494393.2,9975122.28,10109848.83,10050701.33,10173884.57,10352389.67,10350008.5,10201357.84,9940744.47,10331221.93,10604474.13,10370311.67,9926718.75,9122907.0,8522317.03,2023-02-20
2973,8111605.95,7859688.82,7661084.74,7482925.63,7655768.68,8230371.15,8378396.73,8683039.24,9192420.01,9463929.48,9800304.5,10077138.08,9981107.31,10028493.55,10171267.31,10220933.01,10106625.31,9856806.95,10329358.8,10603722.54,10345356.18,9863666.25,9131500.81,8602454.79,2023-02-21
2974,8269837.35,8027794.99,7749440.75,7586590.35,7730312.21,8240029.44,8517382.79,8966014.91,9488723.85,9765802.93,10085662.43,10331003.96,10214807.25,10292172.78,10446855.1,10426130.76,10296162.42,9999048.92,10399745.56,10690174.16,10440034.07,9905920.64,9237079.07,8710082.79,2023-02-22
2975,8040454.61,7628177.63,7397950.93,7285835.79,7481774.08,8101055.97,8234890.8,8665971.08,9287384.79,9601206.57,9977228.34,10324454.96,10221452.49,10374039.38,10589509.51,10601872.51,10469387.52,10183889.2,10620192.92,10898545.68,10643165.91,10094130.68,9442424.28,8671492.02,2023-02-23
2976,8254318.64,7987578.35,7814990.41,7719757.12,7904770.72,8507401.62,8576301.93,8953350.77,9523393.26,9750513.47,10172222.01,10502752.14,10380209.5,10549319.82,10754803.3,10773629.11,10598141.92,10199151.66,10557605.78,10865192.67,10590843.3,10161851.28,9545765.07,9020548.91,2023-02-24
2977,8430852.09,8248292.8,8045089.94,7914800.78,7967055.87,8089848.48,8043024.5,8420787.65,8913596.92,9186722.88,9552973.42,9804803.76,9776275.25,9623865.44,9443846.67,9393235.02,9332746.12,9241775.01,9638148.79,9884373.52,9640815.55,9253688.31,8712453.17,8278107.61,2023-02-25
2978,8183618.46,7937764.19,7718344.97,7573062.51,7495502.35,7398827.48,7182167.42,7417386.55,7799549.33,8171055.01,8501735.74,8751205.4,8915834.95,8933395.48,8843222.28,8765395.13,8653435.54,8600757.01,9295793.17,9765793.6,9640148.27,9359973.51,8916123.01,8450833.8,2023-02-26
2979,8072690.6,7806682.87,7638024.18,7584348.4,7828659.39,8409190.85,8594944.97,9004530.07,9524029.4,9864547.61,10192707.08,10481686.07,10383982.21,10532677.53,10725688.89,10805681.22,10639918.48,10280161.95,10639455.38,10962476.25,10729341.05,10253687.8,9511138.64,8923134.89,2023-02-27
2980,8522293.61,8262873.87,8064691.53,7956814.61,8065421.23,8554675.75,8505369.76,8847824.23,9377628.85,9756191.13,10199935.1,10284087.81,10292301.6,10378885.09,10588607.62,10624526.42,10486810.97,10023506.86,10430415.62,10696742.71,10352718.84,9912433.0,9224042.74,8600724.31,2023-02-28
2981,8100141.07,7851010.88,7601194.68,7476486.91,7656081.7,8227406.63,8333114.09,8756083.08,9561161.04,9879929.98,10185595.6,10472453.47,10369575.76,10541642.06,10709909.52,10782216.41,10663964.75,10201970.36,10519715.25,10694592.92,10399991.22,10237264.85,9673537.23,9105900.61,2023-03-01
2982,8409856.08,8081028.32,7690554.67,7599777.18,7777208.32,8323921.67,8487660.49,8948992.65,9516852.26,9881392.48,10242034.51,10489161.31,10345916.46,10460304.64,10623057.91,10651949.82,10501769.84,10157447.74,10606041.82,11021152.59,10780347.72,10169446.68,9421031.61,8735893.67,2023-03-02
2983,8173931.57,7905834.26,7714867.45,7662823.92,7874761.54,8437214.88,8570869.41,8973671.22,9441558.07,9743757.36,10080855.77,10301401.19,10119488.5,10245220.3,10479967.57,10524516.54,10331275.44,9971272.56,10293574.47,10555667.76,10310623.32,9898384.31,9308096.01,8772281.1,2023-03-03
2984,8327936.38,8025295.44,7820614.49,7673251.38,7675651.42,7802974.45,7970334.05,8494219.75,9038753.38,9368899.4,9707133.51,9921569.9,9883682.89,9749071.21,9653067.8,9810613.17,9785067.69,9775582.66,10291699.08,10484880.88,10235532.27,9765702.64,9218832.69,8774057.64,2023-03-04
2985,8347018.54,7836783.46,7513517.67,7288041.22,7210343.01,7158574.55,6911064.57,7151464.27,7565700.94,8022993.25,8315401.54,8522311.51,8651242.73,8752320.87,8646434.1,8605918.77,8511917.29,8332882.4,8918954.89,9260792.74,9197856.13,8912264.0,8486171.93,8016072.39,2023-03-05
2986,7650035.67,7401066.4,7244417.86,7184942.98,7413823.71,8003910.28,8154478.59,8625615.61,9098029.5,9412840.64,9719552.89,9993144.52,9978498.75,10114019.13,10330945.68,10370340.67,10215594.2,9869008.95,10258659.76,10487077.49,10224703.46,9771510.35,9072383.44,8403747.05,2023-03-06
2987,8037146.32,7785331.32,7590817.36,7491980.83,7670460.01,8271138.19,8379710.19,8795691.5,9216723.21,9420547.39,9695071.06,10032627.87,9924666.85,10017147.81,10159079.73,10175503.39,10044636.0,9745783.71,10143595.18,10369544.15,10119035.56,9661773.01,8979515.33,8373027.13,2023-03-07
2988,7942200.61,7699081.33,7499438.96,7409847.07,7600569.31,8168501.33,8304140.01,8666873.8,9144333.09,9399091.64,9701751.03,9942517.51,9788779.3,9897897.81,10139208.65,10153325.76,10004764.13,9674875.32,10123674.2,10311668.26,10012174.01,9559088.22,8870059.29,8336499.64,2023-03-08
2989,7907446.28,7633072.71,7451252.5,7376636.92,7563178.26,8179051.05,8361154.14,8691546.0,9101986.18,9266896.66,9525974.94,9742314.12,9590174.88,9625343.8,9751631.06,9807782.6,9682130.8,9455538.75,9959491.44,10175120.73,9873068.38,9334634.85,8650356.71,8082447.42,2023-03-09
2990,7642910.93,7473600.92,7336284.61,7261472.3,7498001.56,8052839.76,8130268.45,8470469.33,8956188.26,9247061.08,9582806.35,9885735.26,9769136.24,9797858.6,9927864.49,10059137.8,9925349.33,9569864.65,10018102.15,10250291.51,9964733.57,9524799.67,8905795.48,8360550.82,2023-03-10
2991,7697894.12,7358142.97,7094929.2,7083726.47,7148044.86,7512012.77,7688839.59,7885128.87,8410821.56,8901962.91,9133331.59,9347729.15,9290071.56,9121585.73,8883030.73,8818710.93,8723964.9,8659014.29,9504984.74,9656092.83,9375062.09,8773818.31,8113845.81,7647768.5,2023-03-11
2992,7540335.32,7288885.01,6725383.39,6628477.71,6575540.9,6577234.25,6616421.15,6881257.52,7294312.03,7619056.48,7923704.01,8090097.43,8134258.05,8062422.53,8122114.35,8097221.32,7982445.82,7984707.07,8889070.24,9198729.73,9037736.21,8504725.05,8036028.44,7696344.02,2023-03-12
2993,7413507.04,7221124.12,7031075.27,6993862.94,7245250.09,7838538.94,8044318.16,8465419.87,8929998.94,9258325.31,9571120.76,9794958.11,9679435.46,9667755.6,9818763.75,9823929.65,9739251.54,9437865.3,9948934.52,10247767.8,10016301.09,9473415.31,8780081.58,8207960.36,2023-03-13
2994,7773023.93,7538923.37,7340766.57,7294668.13,7518231.29,8120748.45,8276239.92,8645028.48,9039184.62,9172561.32,9342743.01,9576402.95,9504832.27,9628546.31,9834350.66,9805893.29,9703368.93,9507338.32,10032024.03,10226172.26,9909852.44,9405761.64,8728090.91,8206554.93,2023-03-14
2995,7783803.0,7522989.42,7333928.68,7262683.15,7456644.57,8001860.46,8205397.96,8288091.25,8545482.06,8811039.91,9471340.85,9710924.47,9633297.01,9765537.65,9971504.9,9961259.2,9814051.38,9510533.25,10011314.47,10265002.56,10044888.97,9543528.21,8613574.71,8194195.18,2023-03-15
2996,7843987.64,7566270.5,7363559.57,7269781.96,7502858.68,8119853.29,8257192.32,8491883.59,8690642.72,8964053.17,9464275.38,9762732.02,9658995.7,9811364.06,9931306.36,9930468.52,9793785.22,9572804.26,9990729.26,10217426.81,9979715.0,9504715.11,8839529.94,8252706.08,2023-03-16
2997,7792011.35,7543785.1,7360142.09,7274046.94,7100138.82,7580197.25,7885857.57,8304445.51,8822472.98,9146059.87,9563165.08,9862015.87,9785980.13,9827243.88,10068873.31,10095239.96,9922741.94,9658957.59,10081197.9,10260202.95,10027543.9,9589650.93,8887015.95,8423833.23,2023-03-17
2998,8072109.56,7758418.42,7557980.42,7182169.39,7263472.78,7560124.28,7575507.02,8243675.07,8874434.37,9212151.11,9504435.48,9681671.81,9559319.26,9529238.01,9436309.2,9359519.75,9184592.51,9139790.7,9686288.31,9858864.43,9561419.51,9083606.91,8495116.4,8092657.02,2023-03-18
2999,7700147.62,7424770.73,7229475.0,7059640.84,6969102.95,6900600.97,6694733.45,6977759.69,7369355.44,7704364.9,7970107.08,8259766.16,8364289.64,8427872.13,8302794.4,8183029.78,8188442.76,8190852.14,8797302.17,9096550.89,8921585.61,8651677.28,8267223.96,7830231.49,2023-03-19
3000,7309818.44,6974753.5,6801676.52,6661496.36,6643299.84,6699067.23,6554851.71,6963720.44,7576244.41,8005973.45,8415581.43,8750514.02,8895034.8,8822783.71,8763880.12,8716972.37,8619179.19,8601381.02,9271238.71,9705379.74,9561034.71,9208409.13,8697592.86,8163325.36,2023-03-20
3001,7770962.55,7524826.55,7345918.28,7277643.63,7521304.23,8057461.01,8189584.7,8636308.14,9143649.04,9475009.4,9846355.64,10131198.62,10021302.21,10198992.66,10429859.64,10470041.77,10274590.23,9885406.88,10296429.77,10576096.97,10353031.34,9849219.25,9132237.9,8552291.81,2023-03-21
3002,8092655.96,7804414.49,7635831.72,7515149.01,7716587.22,8241011.79,8331296.56,8759779.63,9197294.82,9448924.2,9800888.14,10042643.74,9966879.86,10115348.13,10350499.7,10366349.51,10245358.42,9877411.77,10339288.05,10562501.54,10317560.03,9841082.32,9116125.58,8511769.0,2023-03-22
3003,8086413.28,7802336.04,7631982.17,7537026.47,7707460.93,8256836.16,8382688.86,8802163.94,9244155.11,9423802.23,9781753.22,10068473.16,10003861.69,10086619.16,10336260.12,10338967.83,10178296.84,9872986.82,10342263.32,10561566.75,10298770.21,9786200.38,9150384.56,8582591.98,2023-03-23
3004,8165867.77,7896498.02,7686184.18,7589450.14,7819516.58,8340912.79,8505983.27,8943265.87,9379879.18,9665621.97,10000311.2,10203525.84,10125806.92,10254849.42,10426477.96,10445157.23,10276763.4,9894742.77,10327371.06,10527040.43,10237726.07,9786037.65,9219207.73,8658715.81,2023-03-24
3005,8218764.75,7915000.05,7688698.42,7600076.44,7604274.52,7717675.28,7852801.85,8406536.59,8962522.24,9273015.39,9612666.16,9828962.41,9802927.69,9683272.91,9561765.79,9539591.97,9409783.7,9321515.39,9895218.01,10058496.83,9787970.88,9345450.99,8816604.94,8347843.31,2023-03-25
3006,7917963.19,7622459.23,7380969.2,7223620.72,7139872.51,7089358.42,6919306.52,7243921.15,7625568.38,7974464.68,8277976.83,8350949.17,8468714.25,8527658.96,8495458.14,8437673.6,8330313.49,8388951.79,9046168.33,9423490.58,9320494.72,9027782.92,8565049.87,8072918.75,2023-03-26
3007,7676455.39,7470266.66,7269378.97,7238320.5,7481400.34,8027102.2,8171719.62,8652693.32,9162539.61,9498525.97,9851074.87,10160389.09,9985804.83,10118980.73,10302662.25,10324305.36,10075737.55,9689142.64,10180080.03,10383909.41,10170108.24,9678058.06,9009946.57,8416926.78,2023-03-27
3008,8003280.2,7751726.76,7549028.92,7474286.35,7652164.88,8223646.48,8392194.22,8745460.8,9166411.12,9446650.2,9775213.95,10179730.56,10061522.69,10176835.95,10414391.53,10427084.61,10206770.04,9902735.12,10318677.72,10526869.35,10299579.77,9817100.04,9136040.17,8524796.44,2023-03-28
3009,8081820.82,7830202.96,7621284.38,7538926.07,7732044.52,8256283.08,8445957.05,8854051.67,9276729.34,9552677.08,9859401.3,10142639.78,9983983.61,10033947.51,10250247.88,10246557.92,10069353.22,9792009.34,10258214.69,10515872.04,10273362.92,9783429.88,9088116.76,8479765.66,2023-03-29
3010,8029691.41,7754556.03,7582122.93,7532467.39,7731999.58,8177387.62,8273451.16,8733826.22,9225967.31,9515484.23,9871906.5,10131474.74,10041462.93,10150711.32,10376307.83,10403370.98,10243282.28,9899832.23,10361899.35,10567246.02,10343523.48,9851214.47,9174487.88,8584547.83,2023-03-30
3011,8150366.24,7878336.54,7692080.65,7589553.73,7752035.63,8196527.32,8353022.34,8832576.06,9287398.39,9568714.73,9945935.74,10219848.91,10119246.27,10201212.62,10377232.01,10376330.62,10195394.03,9848604.93,10226392.27,10415490.32,10215907.81,9757180.09,9169505.67,8626815.72,2023-03-31
3012,8235090.44,7969006.58,7766415.96,7640858.13,7662642.08,7785646.99,7907805.5,8446495.54,8990996.89,9321005.92,9579101.83,9765126.04,9742405.84,9624656.2,9549429.86,9448791.02,9321064.79,9240632.55,9807610.59,9947521.94,9696152.4,9254869.56,8737013.34,8275702.34,2023-04-01
3013,7694090.15,7383590.9,7190871.76,6974610.59,6947505.84,7015113.93,6694563.47,7191074.92,7622577.19,7996628.93,8213209.14,8432314.77,8528958.06,8572155.62,8502949.91,8421706.98,8302899.67,8264564.5,8916422.08,9230815.07,9168427.44,8910882.28,8507404.57,8065906.22,2023-04-02
3014,7724797.88,7478250.97,7290492.0,7199799.71,7330689.35,7545981.07,7819649.85,8483888.59,9044410.95,9440745.43,9773834.97,10040396.0,10038640.57,10123560.18,10266093.02,10302988.53,10115964.37,9777611.34,10203554.25,10409761.02,10206206.1,9823098.74,9102072.98,8562048.14,2023-04-03
3015,7963611.18,7582638.76,7574855.54,7518685.24,7627358.8,7768862.63,7918115.55,8562389.74,9198001.56,9536165.83,9857452.58,10126128.26,10117035.17,10170657.34,10315656.57,10307618.96,10120656.83,9740641.01,10184304.37,10352931.37,10136049.74,9672935.7,9077324.22,8578200.11,2023-04-04
3016,8162487.87,7855510.73,7645989.97,7509323.36,7566074.3,7775397.2,7971914.9,8537868.8,9126073.34,9461802.86,9730408.81,9987963.09,9914339.79,9906627.09,10004127.78,9988376.9,9815469.67,9523946.47,9954742.44,10082989.11,9821433.87,9424332.96,8840361.33,8369819.78,2023-04-05
3017,7911522.24,7598667.92,7399549.61,7200764.8,7070524.51,6983592.34,6847832.14,7137422.97,7437604.44,7718647.61,7924298.66,8177090.29,8289997.83,8264705.97,8141706.98,8026250.9,7918133.81,7874422.81,8541357.58,8761621.88,8476991.34,8226799.19,7880807.59,7474256.45,2023-04-06
3018,7091351.05,6866207.41,6679623.88,6517616.09,6561666.43,6543298.37,6354580.04,6637500.08,6938803.51,7152789.11,7361665.04,7597061.88,7711080.5,7723097.85,7623426.67,7509132.15,7428165.12,7487156.31,8168961.48,8412944.15,8276081.85,8086387.46,7797660.92,7422836.4,2023-04-07
3019,7107034.61,6844373.41,6674063.43,6565301.77,6591626.75,6627102.39,6640139.78,7113948.28,7617496.69,8001320.25,8359833.53,8617728.78,8681372.44,8633216.67,8587837.56,8560411.83,8494923.65,8478775.89,9063680.48,9235096.04,8984594.83,8665521.04,8272085.19,7800673.7,2023-04-08
3020,7445319.12,7171931.98,6944835.88,6841112.18,6770086.3,6711323.82,6602633.16,6941346.18,7373830.54,7720458.72,8056816.44,8326091.68,8440852.61,8463299.74,8394252.58,8360981.49,8276142.66,8270422.11,8972562.98,9318973.82,9187374.78,8880932.98,8456729.27,7971985.1,2023-04-09
3021,7602405.07,7340502.62,7189624.0,7140488.0,7338128.79,7819693.59,8026566.21,8579331.22,9131211.24,9458066.16,9851367.49,10148047.28,10083153.88,10165791.58,10305105.86,10327301.82,10186627.84,9853318.59,10289600.61,10516285.44,10323463.41,9762423.93,9094629.08,8498723.06,2023-04-10
3022,8097627.34,7862380.47,7686111.37,7590205.92,7789569.84,8296400.73,8421315.25,8838554.53,9300514.91,9599503.32,9930142.92,10219474.35,10081842.69,10179585.13,10357539.98,10314749.43,10088972.37,9815586.44,10289832.07,10537417.94,10309108.18,9812631.95,9109957.15,8521907.83,2023-04-11
3023,8085706.34,7842290.69,7646662.1,7564282.38,7754035.74,8256137.45,8391285.46,8760876.68,9220039.41,9500712.46,9877123.95,10145977.85,10058073.2,10221806.54,10397655.34,10426530.11,10211675.95,9920130.48,10363585.35,10587877.03,10372938.25,9874723.68,9204016.14,8624070.83,2023-04-12
3024,8036837.18,7719079.99,7498813.9,7444130.91,7672485.62,8195973.1,8350797.16,8773383.08,9304061.84,9585264.11,9941880.96,10220747.0,10122419.7,10204595.46,10404471.85,10432188.22,10254578.02,9994662.56,10390852.78,10604950.43,10386430.99,9867342.83,9243057.98,8694536.13,2023-04-13
3025,8248103.78,7988136.9,7783621.47,7677552.44,7883936.2,8334730.31,8491662.21,8954322.1,9506684.63,9833056.97,10225102.75,10495444.15,10379250.54,10480368.55,10637646.14,10646430.16,10457062.99,10115876.24,10497779.57,10629588.94,10408769.47,9982545.07,9405309.04,8826554.74,2023-04-14
3026,8345445.52,8069953.2,7831707.87,7688490.19,7725414.14,7792465.41,7995978.26,8562096.9,9128852.65,9482420.25,9797020.39,10029582.85,10020331.1,9905513.57,9748423.91,9657844.03,9533051.51,9410638.7,10026548.13,10161241.54,9867394.27,9357492.16,8849356.28,8460385.36,2023-04-15
3027,8086504.88,7776189.36,7505930.46,7300928.23,7200682.55,7055674.83,6864977.77,7088249.1,7465055.7,7785678.81,8004327.51,8229175.62,8378374.53,8323302.11,8211827.91,8097958.86,8069313.55,8230437.85,9011017.6,9222651.5,9071271.17,8741846.61,8358556.22,7921695.07,2023-04-16
3028,7566053.44,7315838.77,7121412.55,7044629.18,7235316.17,7819732.46,8014075.33,8397719.71,8882894.02,9200262.57,9527428.83,9826574.56,9750048.65,9831615.98,10036712.25,10075007.34,9945310.83,9642552.24,10109948.07,10306439.34,10102616.17,9624372.93,8947633.3,8374840.84,2023-04-17
3029,7955200.11,7652691.78,7474216.83,7423256.37,7640097.73,8108297.41,8233734.73,8731596.36,9229398.63,9512267.35,9859872.29,10088634.78,10026603.51,10144892.4,10331106.69,10302607.79,10143080.98,9859770.16,10332029.8,10580351.29,10358092.22,9925904.5,9175357.53,8532495.01,2023-04-18
3030,8051349.84,7739915.96,7585821.59,7518471.99,7710916.82,8176927.5,8339210.9,8788427.32,9250970.87,9515836.2,9911728.94,10202690.18,10042692.62,10210589.77,10404579.19,10479500.46,10255160.13,9929456.53,10456132.88,10643325.29,10427830.67,9924071.21,9246309.07,8665453.11,2023-04-19
3031,7959752.79,7763502.49,7563167.83,7449216.02,7666905.68,8154703.94,8291946.71,8748900.51,9396371.87,9768701.35,9990524.03,10316284.35,10153058.71,10241680.45,10373343.85,10379285.6,10221937.89,9899271.16,10392074.97,10600483.31,10382797.52,9779132.82,9063066.72,8469849.58,2023-04-20
3032,7936772.26,7674229.19,7429451.75,7354832.08,7567582.55,8067105.57,8184138.19,8587478.44,9242332.75,9559062.92,9863904.56,9999737.86,9839473.97,9995612.37,10213288.48,10233537.99,10049644.42,9734476.36,10170607.47,10297266.56,10079848.47,9652156.53,8965148.64,8349820.87,2023-04-21
3033,8038344.25,7787015.29,7600323.7,7440351.3,7492765.76,7569719.36,7764268.97,8318148.37,8862031.41,9215116.16,9516107.28,9699852.04,9648307.09,9521294.04,9407982.27,9391854.19,9241208.32,9185217.49,9781645.48,9916849.8,9655990.65,9232886.29,8683980.09,8223732.69,2023-04-22
3034,7793347.96,7526544.56,7260711.23,7100853.71,7028527.32,6927767.02,6790559.8,7070254.82,7418096.08,7794891.9,8033502.99,8270057.68,8438868.25,8422364.33,8294047.24,8260417.9,8206667.72,8241814.83,8997447.4,9293451.04,9119555.65,8825239.16,8376154.1,7890934.03,2023-04-23
3035,7310326.24,7016390.85,6738325.65,6684475.73,6921594.91,7410043.5,7651575.7,8230215.73,8849945.56,9275908.41,9725396.3,9935339.2,9873694.23,10016398.61,10188660.65,10207803.44,9978978.03,9753617.13,10231634.16,10453475.74,10202796.3,9551426.73,8783877.45,8201797.1,2023-04-24
3036,7707298.83,7453805.69,7142020.58,7040172.49,7256010.45,7798024.11,7957971.66,8391629.67,8987600.1,9398670.57,9709933.36,10028685.54,9956907.25,10107905.5,10257520.47,10265235.4,10049912.65,9815697.49,10255995.34,10476643.77,10180982.49,9641161.91,8923231.18,8233042.74,2023-04-25
3037,7820515.84,7568081.39,7430727.08,7416653.32,7596686.67,8056398.78,8207339.3,8715647.1,9275583.04,9558523.78,9960153.54,10274890.88,10171964.06,10300793.43,10476418.54,10417752.6,10261361.66,9946231.91,10412674.54,10619798.0,10342814.68,9872560.62,9224403.87,8549721.22,2023-04-26
3038,8115790.59,7898861.51,7727496.29,7642513.84,7825371.36,8301181.54,8474784.4,8892783.1,9366007.34,9711336.13,10086076.21,10336132.46,10183418.46,10304774.5,10490947.48,10540392.04,10325246.08,10045239.02,10515812.8,10674278.5,10435293.49,9973984.1,9294165.04,8733317.1,2023-04-27
3039,8195461.81,7823902.61,7612685.18,7541186.43,7723718.08,8163880.28,8411970.46,8860435.73,9390229.79,9602313.88,9933885.4,10197838.86,10106604.74,10269462.8,10458083.64,10397181.56,10261001.7,9962467.25,10373174.38,10501729.72,10288004.65,9845330.75,9183469.47,8639371.53,2023-04-28
3040,8216427.06,7958806.05,7759777.97,7624483.88,7675638.21,7747500.61,7923273.16,8490713.04,8988198.06,9411156.35,9734419.8,9953046.49,9908980.82,9706497.3,9521791.86,9516451.51,9326818.11,9286830.0,9874492.08,10072171.9,9793333.77,9336923.22,8841372.04,8374619.28,2023-04-29
3041,7652280.31,7324935.01,7140974.18,6986540.52,6913592.77,6816139.6,6753334.81,6981520.76,7275845.18,7561681.92,7819337.44,8010672.82,8089251.41,8021030.79,7873341.63,7765557.04,7730878.27,7771758.08,8508076.17,8756277.01,8599001.42,8281533.83,7794505.27,7452701.29,2023-04-30
3042,7281789.35,7055583.28,6883705.99,6765537.62,6722351.9,6637805.82,6424912.42,6992132.22,7475796.64,7940168.25,8212762.26,8373601.99,8458163.81,8447767.58,8441211.55,8395957.77,8311840.03,8275832.71,9129955.63,9578790.83,9456268.78,9032778.71,8378065.98,7906173.88,2023-05-01
3043,7520631.06,7491082.98,7328311.2,7285485.03,7464894.03,7693762.94,7861613.99,8404956.58,9119740.77,9688236.89,10070341.06,10369916.27,10224756.41,10380873.33,10587553.76,10680845.74,10530128.67,10155341.24,10582883.55,10857609.4,10687493.27,10103702.52,9329284.41,8619394.99,2023-05-02
3044,8307393.06,8081364.02,7877963.78,7778156.69,7943759.28,8364188.87,8536036.85,8917225.34,9462056.71,9860665.7,10279563.31,10575549.39,10430026.23,10588890.79,10804205.33,10836940.56,10673709.03,10312553.4,10720821.39,10980132.62,10778075.07,10282176.83,9485823.01,8905460.03,2023-05-03
3045,8415518.49,8130913.22,7932094.98,7827983.75,8047504.28,8451767.9,8629792.07,9179534.16,9726549.57,10027113.6,10365660.51,10708732.41,10609004.74,10671115.9,10923929.26,10927962.87,10722066.27,10228544.04,10718746.71,10985082.46,10767249.37,10262516.93,9528983.34,8916589.71,2023-05-04
3046,8351025.22,8042597.31,7872158.84,7762646.05,7911883.2,8309585.61,8514494.33,9059272.19,9606841.01,9972292.77,10365532.12,10659036.91,10511850.46,10633883.44,10867526.64,10877469.58,10695659.46,10282732.75,10836118.34,10958007.12,10640901.51,10252145.78,9847525.44,9269762.7,2023-05-05
3047,8877814.27,8520356.25,8325004.72,8172798.27,8176112.46,8182182.36,8365934.68,8953835.66,9520011.55,9975563.6,10374837.73,10631812.96,10553298.25,10449663.01,10324184.27,10152179.49,9894939.79,9759781.33,10555308.96,10736500.86,10493603.16,9950528.19,9258169.38,8766001.26,2023-05-06
3048,8280615.71,7991002.79,7718844.68,7535903.8,7445350.82,7213413.51,7084688.21,7368214.6,7743890.17,8131449.37,8530799.7,8821932.7,8910214.32,8937767.99,8881352.16,8826780.08,8748708.71,8658623.75,9335273.41,9555634.79,9376963.86,9029898.87,8606388.15,8077336.82,2023-05-07
3049,7626309.83,7342929.09,7180243.96,7111918.81,7306339.71,7734742.14,7921901.89,8538763.79,9210964.28,9555830.92,9936650.0,10295492.56,10246432.07,10450889.18,10573416.8,10531686.42,10388170.07,10017224.19,10559656.42,10833444.5,10610640.23,9949418.87,9228568.46,8599132.66,2023-05-08
3050,8175055.84,7902924.46,7660608.93,7548039.15,7691152.33,8129737.51,8314715.13,8891143.96,9570175.22,9917076.13,10248828.12,10502023.35,10458090.46,10588606.2,10742632.02,10755495.66,10453929.48,10157996.55,10637427.89,10854393.06,10552909.58,10071306.02,9277505.33,8630219.91,2023-05-09
3051,8228974.9,7894343.91,7747351.69,7599434.11,7730530.66,8186394.18,8361537.48,8824080.04,9444632.9,9771770.27,10095193.6,10307988.86,10167511.24,10235384.69,10419490.72,10441457.81,10295899.77,10039133.53,10507761.84,10706492.5,10484566.2,9919659.07,9154213.66,8576611.1,2023-05-10
3052,8053978.5,7773133.3,7615901.03,7534725.61,7719734.73,8159851.57,8179821.23,8617821.62,9211778.49,9523950.75,9995222.16,10293016.32,10214265.84,10456077.04,10727479.02,10618214.78,10304343.62,9973622.39,10670978.16,10874490.04,10561841.08,9851971.24,9264021.18,8688430.96,2023-05-11
3053,8253474.18,8000294.86,7821613.26,7711142.86,7868230.78,8229730.36,8256493.22,8759158.28,9364560.04,9750946.52,10108288.71,10496655.03,10358238.31,10530955.2,10757436.14,10667189.85,10442736.15,10030803.73,10698288.47,10817980.82,10532660.08,9914285.65,9233429.61,8634913.87,2023-05-12
3054,8292035.71,7944191.36,7631641.22,7518961.15,7557009.46,7586442.47,7807385.58,8479490.22,9151283.22,9663501.95,10097288.23,10335072.03,10279702.91,10136076.35,10047881.7,9855286.15,9649505.54,9416192.04,10201466.04,10366629.9,10131710.4,9497175.38,8870067.97,8345348.94,2023-05-13
3055,7936631.81,7648279.74,7405290.82,7211162.54,7121822.91,6992814.57,6842949.45,7193552.19,7705555.95,8156582.69,8542969.2,8712588.43,8685588.04,8544994.49,8349810.33,8211313.44,8157379.64,8209135.42,9052204.8,9325828.36,9290427.54,8898391.06,8529831.39,7947738.72,2023-05-14
3056,7560167.81,7329140.65,7172861.85,7077340.39,7248779.44,7652020.17,7904660.06,8496188.82,9068114.16,9439402.13,9848203.13,10094007.44,10052626.57,10171125.18,10353425.88,10327177.3,10167436.55,9878299.57,10459345.17,10665712.74,10454151.93,9770639.3,8996707.48,8424357.4,2023-05-15
3057,8115013.8,7889322.84,7703959.55,7623263.26,7790189.51,8177068.67,8512681.31,9107383.79,9648411.34,10059354.34,10379907.73,10459586.57,10346882.65,10361085.81,10453430.77,10396719.6,10219957.78,9964686.2,10394463.84,10528245.12,10253324.12,9760579.07,8928969.49,8192742.96,2023-05-16
3058,7742519.85,7510127.38,7321570.95,7265929.65,7471482.62,7904779.11,8099164.2,8638054.0,9178717.71,9548195.65,9898370.6,10156967.54,10096966.56,10202455.33,10482198.02,10605060.49,10441986.87,10118195.85,10514805.81,10788561.31,10597322.58,10126749.55,9297955.14,8590144.42,2023-05-17
3059,7913598.67,7680926.41,7430796.28,7338429.77,7517477.6,7947025.85,8126483.0,8677659.81,9365964.62,9824776.95,10226929.31,10528582.39,10461773.84,10619697.31,10846230.71,10885504.96,10727689.76,10310325.38,10810151.29,11086212.01,10769584.02,10173570.4,9455114.98,8776183.85,2023-05-18
3060,8312718.01,7999278.72,7722252.01,7630608.12,7799504.23,8138303.82,8431063.24,9013933.3,9733491.19,10117467.51,10545028.73,10839818.07,10727714.88,10816172.25,10971647.37,10925291.82,10725523.95,10393135.72,10793355.71,10974100.36,10679583.43,10131470.47,9461350.81,8896606.71,2023-05-19
3061,8375459.26,8057933.94,7824653.54,7672401.32,7638519.91,7618713.52,7781751.14,8370113.63,8924696.8,9342591.02,9641023.55,9948974.09,9820518.62,9696584.18,9522624.94,9428603.57,9296546.45,9435752.46,10037873.96,10142516.91,9786194.86,9288550.57,8750059.84,8248163.51,2023-05-20
3062,7822067.15,7526454.38,7280538.65,7113326.55,7046135.73,6946125.82,6739192.74,7048552.73,7369694.33,7717574.19,7952021.61,8139848.51,8221418.41,8218989.36,8057698.64,7879990.82,7746020.91,7789434.59,8611771.19,8883580.31,8630011.25,8270395.0,7786183.77,7432171.8,2023-05-21
3063,7366863.39,7101897.68,6920496.3,6687973.32,6387876.15,6369199.56,6321567.61,6695675.63,7193033.91,7638959.76,8048237.54,8357768.4,8491973.96,8575467.79,8493301.03,8721761.28,8274982.39,8333759.02,9180580.15,9506675.8,9291264.33,8801049.35,8250187.1,7763970.4,2023-05-22
3064,7379957.56,7144330.3,7029825.53,7061845.65,7430794.36,7940449.04,8135685.52,8597884.89,9108768.71,9470994.65,9862825.72,10143552.32,10086955.44,10244264.15,10407456.9,10317255.34,10132900.41,9972073.63,10385006.93,10600562.97,10366714.22,9862233.23,9176496.23,8342208.29,2023-05-23
3065,7708451.13,7394349.39,7276990.11,7143222.13,7287904.86,7734411.27,8008621.44,8451942.31,9037010.31,9418779.87,9894491.17,10259782.33,10180681.05,10252089.53,10394711.73,10405396.18,10182960.17,9851574.48,10460914.88,10646183.02,10362453.18,9693196.39,8930429.92,8270828.18,2023-05-24
3066,7661730.56,7367883.73,7155047.58,7073454.33,7297275.95,7837835.5,8059011.29,8507737.09,9013643.77,9369127.81,9897554.89,10223223.79,10185939.2,10188024.64,10175762.08,10152969.7,9967888.77,9735283.68,10421644.28,10548659.51,10102036.17,9575915.88,8872689.96,8268308.34,2023-05-25
3067,7713426.99,7383727.08,7202729.18,7119898.3,7300956.8,7728768.48,7959935.63,8541250.15,9015737.48,9361196.78,9747343.38,10020328.35,9890124.64,9823687.95,9984436.43,9909163.37,9633466.42,9457866.52,10131017.38,10289960.06,10008256.85,9425348.33,8748318.13,8093183.98,2023-05-26
3068,7630779.33,7292866.66,7108281.69,7015748.98,7080484.35,7120166.24,7326756.3,7879907.18,8453126.2,8888751.05,9287554.13,9567425.96,9567337.21,9329218.95,9203013.07,9098995.04,8975769.7,8868057.38,9591115.88,9767343.95,9555287.6,8970119.84,8434780.32,7972153.03,2023-05-27
3069,7511644.06,7161319.88,6924570.86,6765599.6,6660832.58,6490194.8,6374344.55,6652215.5,7256865.99,7407004.9,7695772.96,7987851.35,8153943.53,8112719.83,7959105.1,7888320.93,7819003.18,7886117.48,8872557.95,9351297.93,9344932.88,8870281.16,8252388.93,7613477.09,2023-05-28
3070,7320714.76,7171119.0,7080900.86,6960878.52,7061157.08,7433432.82,7635251.21,8185987.84,8873845.24,9340527.31,9852621.31,10199711.4,10145495.59,10122089.29,10295341.18,10149423.05,9801684.54,9451023.8,10247998.36,10543530.53,10252955.38,9526456.95,8700809.34,8094808.01,2023-05-29
3071,7804999.51,7527548.88,7330762.69,7222171.94,7417075.83,7895737.01,8034425.99,8619781.86,9196573.04,9545964.42,9903126.33,10164367.89,10043559.0,10096223.7,10270619.12,10245856.45,10074045.33,9658976.83,10186451.6,10441127.88,10205895.44,9764379.75,8898046.45,8220873.69,2023-05-30
3072,7771888.78,7579364.69,7443208.76,7300392.98,7497129.83,8025257.86,8140847.22,8739045.42,9308207.7,9620767.88,10009662.58,10297086.92,10190506.46,10260371.28,10382583.34,10335786.56,10128999.67,9940291.55,10310604.29,10537074.09,10357980.77,9908950.06,9140350.79,8538400.19,2023-05-31
