OPERADOR	LÍNEA	NIVEL DE TENSIÓN (kV)	LONGITUD (km)	CAPACIDAD TRANSPORTE NOMINAL (A)	CAPACIDAD TRANSPORTE TÉRMICO (A)	CAPACIDAD TRANSPORTE EMERGENCIA (A)	R1 (Ω/km)	X1 (Ω/km)	B1 (uS/km)	R0 (Ω/km)	X0 (Ω/km)	B0 (uS/km)	CLASE	CONDUCTOR TIPO	CONDUCTOR CALIBRE	FECHA DE ENTRADA	OBSERVACIONES	ACTIVO COMPARTIDO	ACUERDO
ACUEDUCTO METROPOLITANO DE BUCARAMANGA S A E S P	BOSCONIA TBOSCONIA 1 115 KV	115.0	1.04	140	140	140	1.3750	0.5000	3.4375	1.5625	1.9375	1.5625	Str		0.00	01/09/1984		No	
AIR- E S.A.S. E.S.P.	BARANOA  MALAMBO 1 110 kV	110.0	17.70	530	580	580	0.1194	0.4952	3.3400	0.4512	1.4377	2.0600	Str	AAAC	559.5	01/01/1985		No	
AIR- E S.A.S. E.S.P.	CARACOLI  CORDIALIDAD 1 110 kV	110.0	14.20	500	580	570	0.1191	0.4718	3.5600	0.4622	1.4739	2.1400	Str		0.00	25/02/2019		No	
AIR- E S.A.S. E.S.P.	CARACOLI  MALAMBO 2 110 kV	110.0	9.50	500	580	570	0.1191	0.4718	3.5600	0.4622	1.4739	2.1400	Str		0.00	27/01/2019		No	
AIR- E S.A.S. E.S.P.	CARACOLI  SILENCIO 1 110 kV	110.0	12.50	691	706	706	0.0736	0.4552	3.6814	0.2417	1.5823	2.1890	Str		0.00	25/02/2019		No	
AIR- E S.A.S. E.S.P.	CARACOLI  SILENCIO 2 110 kV	110.0	12.50	691	706	706	0.0736	0.4552	3.6814	0.2417	1.5823	2.1890	Str		0.00	25/02/2019		No	
AIR- E S.A.S. E.S.P.	CENTRO (BARRANQUILLA)  OASIS 1 110 kV	110.0	7.87	400	420	520	0.0622	0.2561	60.3190	0.5219	0.2115	0.0000	Str		0.00	13/08/1986		No	
AIR- E S.A.S. E.S.P.	CENTRO (BARRANQUILLA)  SILENCIO 1 110 kV	110.0	3.26	900	900	900	0.0311	0.1281	30.1590	0.2610	0.1058	0.0000	Str	CU	750	01/01/1989		No	
AIR- E S.A.S. E.S.P.	CORDIALIDAD  TEBSA 1 110 kV	110.0	8.62	640	794	690	0.0740	0.4757	3.5200	0.4246	1.4121	2.1400	Str		0.00	01/08/1999		No	
AIR- E S.A.S. E.S.P.	CUESTECITAS  MAICAO 1 110 kV	110.0	47.00	424	471	467	0.1702	0.5013	3.3606	0.6066	1.3644	2.5306	Str	AAAC	394.5	01/12/1998		No	
AIR- E S.A.S. E.S.P.	CUESTECITAS  RIOHACHA 1 110 kV	110.0	59.70	467	471	467	0.1701	0.5022	3.3506	0.6058	1.3630	2.5306	Str	AAAC	394.5	01/01/1982		No	
AIR- E S.A.S. E.S.P.	EL RIO  OASIS 1 110 kV	110.0	5.37	712	794	783	0.0732	0.4106	4.0600	0.4232	1.5957	2.2000	Str	AAAC	927.2	01/01/1986		No	
AIR- E S.A.S. E.S.P.	FUNDACION  TFUNDACION  RIO CORDOBA 1 110 kV	110.0	68.50	472	580	520	0.1200	0.4760	3.5310	0.5630	1.3690	2.5310	Str		0.00	01/01/1997		No	
AIR- E S.A.S. E.S.P.	GAIRA  SANTA MARTA 1 110 kV	110.0	7.82	472	580	580	0.1190	0.4780	3.4890	0.3510	1.6240	2.0260	Str		0.00	01/01/1986		No	
AIR- E S.A.S. E.S.P.	GAIRA  TPUERTO NUEVO 1 110 kV	110.0	20.55	472	580	520	0.1190	0.4832	3.4483	0.3518	1.6141	1.9969	STR	AAAC	559	01/07/2013		No	
AIR- E S.A.S. E.S.P.	JUAN MINA  NUEVA BARRANQUILLA 1 110 kV	110.0	10.90	384	794	432	0.0735	0.4164	4.0418	0.4279	1.5159	2.0717	Str		0.00	01/07/2016		No	
AIR- E S.A.S. E.S.P.	LAS FLORES  TERMOFLORES 1 110 kV	110.0	0.60	600	794	660	0.0620	0.4000	36.4540	0.2780	1.0620	18.3400	Str		0.00	01/01/1971		No	
AIR- E S.A.S. E.S.P.	LIBERTADOR  SANTA MARTA 1 110 kV	110.0	4.50	400	558	460	0.1182	0.4535	3.6906	0.3536	1.6747	1.9706	Str	ACSR	477	01/01/1993		No	
AIR- E S.A.S. E.S.P.	MANZANARES (MAGDALENA)  SANTA MARTA 1 110 kV	110.0	2.80	472	580	520	0.1191	0.4694	3.5606	0.3545	1.6397	2.0306	Str	AAAC	559.5	01/01/1972		No	
AIR- E S.A.S. E.S.P.	OASIS  SILENCIO 1 110 kV	110.0	4.60	900	900	900	0.0311	0.1281	30.1590	0.2610	0.1058	0.0000	Str		0.00	01/01/1989		No	
AIR- E S.A.S. E.S.P.	PUERTO NUEVO  TPUERTO NUEVO 1 110 kV	110.0	0.37	472	637	520	0.1030	0.4120	2.7864	0.1991	1.0075	1.6177	STR	AAAC	650	01/07/2013		No	
AIR- E S.A.S. E.S.P.	RIO CORDOBA  CIENAGA 1 110 kV	110.0	5.20	300	580	330	0.1190	0.4857	3.4306	0.3523	1.6087	2.0106	Str	AAAC	559.5	01/01/2001		No	
AIR- E S.A.S. E.S.P.	RIO CORDOBA  TPUERTO NUEVO 1 110 kV	110.0	2.95	472	580	520	0.1190	0.4832	3.4483	0.3518	1.6141	1.9969	STR	AAAC	559	01/07/2013		No	
AIR- E S.A.S. E.S.P.	SABANALARGA  BARANOA 1 110 kV	110.0	15.62	530	580	580	0.1194	0.4952	3.3400	0.4512	1.4377	2.0600	Str	AAAC	559.5	01/01/2001		No	
AIR- E S.A.S. E.S.P.	SABANALARGA  SALAMINA (MAGDALENA) 1 110 kV	110.0	26.39	300	580	345	0.1195	0.4871	3.4100	0.4648	1.4411	2.1800	Str	AAAC	559.5	30/06/2000		No	
AIR- E S.A.S. E.S.P.	TEBSA  EL RIO 1 110 kV	110.0	7.39	650	794	690	0.0733	0.4367	3.8330	0.3832	1.5675	2.0920	Str	AAAC	927.2	01/01/1986		No	
AIR- E S.A.S. E.S.P.	TEBSA  UNION (ATLANTICO) 1 110 kV	110.0	3.56	640	794	690	0.0735	0.4722	3.5350	0.3961	1.4648	2.0370	Str		0.00	01/01/1993		No	
AIR- E S.A.S. E.S.P.	TEBSA  VEINTE DE JULIO 1 110 kV	110.0	3.22	640	794	690	0.0736	0.4465	3.7670	0.3984	1.5146	2.1400	Str		0.00	01/01/1998		No	
AIR- E S.A.S. E.S.P.	TEBSA  VEINTE DE JULIO 2 110 kV	110.0	3.93	640	794	690	0.0731	0.4368	38.5000	0.3805	15.6900	21.7000	Str		0.00	27/01/2019		No	
AIR- E S.A.S. E.S.P.	TERMOFLORES  OASIS 1 110 kV	110.0	3.20	712	794	783	0.0777	0.4792	4.1230	0.3680	1.4810	2.1920	Str		0.00	01/01/1993		No	
CARIBEMAR DE LA COSTA S.A.S. E.S.P.	ARGOS  NUEVA COSPIQUE 1 110 kV	110.0	1.93	726	794	794	0.0740	0.4350	3.4760	0.4190	1.5530	1.9280	Str		0.00	14/07/2009		No	
CARIBEMAR DE LA COSTA S.A.S. E.S.P.	ARGOS  TERMOCANDELARIA 1 110 kV	110.0	6.06	726	794	794	0.0740	0.4350	3.4760	0.4190	1.5530	1.9280	Str		0.00	14/07/2009		No	
CARIBEMAR DE LA COSTA S.A.S. E.S.P.	BOCAGRANDE  CARTAGENA 1 66 kV	66.0	10.97	540	540	540	0.0980	0.3320	28.7000	0.4980	1.2680	27.1800	Str	AAAC	559.5	12/03/2012		No	
CARIBEMAR DE LA COSTA S.A.S. E.S.P.	BOCAGRANDE  EL BOSQUE 1 66 kV	66.0	5.02	380	400	400	0.1030	0.3780	42.4880	0.3450	1.0080	38.5020	Str	AAAC	559.5	01/01/1985		No	
CARIBEMAR DE LA COSTA S.A.S. E.S.P.	BOLIVAR  BAYUNCA 1 66 kV	66.0	12.40	308	320	320	0.0700	0.4590	3.6430	0.2380	1.6480	2.1340	Str		0.00	18/08/2018	Se crea por entrada en operación comercial de proyecto UPME STR 102015 SE Bolívar y Manzanillo 66 kV, operada inicialmente a 66 kV	No	
CARIBEMAR DE LA COSTA S.A.S. E.S.P.	BOLIVAR  VILLA ESTRELLA 1 66 kV	66.0	11.30	308	320	320	0.0700	0.4590	3.6430	0.2380	1.6480	2.1340	Str		0.00	18/08/2018	Operado inicialmente a 66 kV	No	
CARIBEMAR DE LA COSTA S.A.S. E.S.P.	BOSTON  CHINU 1 110 kV	110.0	21.60	580	580	580	0.1175	0.4621	3.1209	0.4635	1.2238	2.1275	Str		0.00	21/10/2019		No	
CARIBEMAR DE LA COSTA S.A.S. E.S.P.	BOSTON  CHINU 2 110 kV	110.0	21.60	580	580	580	0.1363	0.4687	3.1236	0.4931	1.2140	2.3307	Str		0.00	01/01/1982		No	
CARIBEMAR DE LA COSTA S.A.S. E.S.P.	BOSTON  SIERRA FLOR 1 110 kV	110.0	8.02	794	794	873	0.0700	0.4168	3.1487	0.2803	1.2572	2.0394	Str		0.00	09/02/1999		No	
CARIBEMAR DE LA COSTA S.A.S. E.S.P.	CALAMAR TCALAMAR 1 66 kV	66.0	32.00	200	469	230	0.2020	0.4560	3.5680	0.5500	1.5690	1.7620	Str	ACSR	336.4	30/04/2001		No	
CARIBEMAR DE LA COSTA S.A.S. E.S.P.	CARTAGENA  PROELECTRICA 1 66 kV	66.0	2.78	504	580	580	0.1190	0.3980	4.2290	0.4090	1.7400	2.1850	Str	AAAC	559.5	12/03/2012		No	
CARIBEMAR DE LA COSTA S.A.S. E.S.P.	CARTAGENA  PROELECTRICA 2 66 kV	66.0	2.78	504	580	580	0.1190	0.3980	4.2290	0.4090	1.7400	2.1850	Str	AAAC	559.5	12/03/2012		No	
CARIBEMAR DE LA COSTA S.A.S. E.S.P.	CARTAGENA  ZARAGOCILLA 1 66 kV	66.0	11.20	540	580	580	0.1319	0.4093	4.1193	0.3079	1.2600	1.8851	Str		0.00	03/07/2013		No	
CARIBEMAR DE LA COSTA S.A.S. E.S.P.	CERETE  CHINU 1 110 kV	110.0	56.11	530	530	575	0.0925	0.4660	3.5420	0.4570	1.4470	2.5120	Str		0.00	23/01/2019		No	
CARIBEMAR DE LA COSTA S.A.S. E.S.P.	CERETE  NUEVA MONTERIA 1 110 kV	110.0	22.91	530	530	575	0.0899	0.4590	3.5560	0.4160	1.2980	2.3620	Str		0.00	23/01/2019		No	
CARIBEMAR DE LA COSTA S.A.S. E.S.P.	CERROMATOSO  PLANETA RICA 1 110 kV	110.0	53.66	400	469	460	0.1680	0.4900	3.3910	0.4450	1.6140	1.9810	Str		0.00	01/01/1972		No	
CARIBEMAR DE LA COSTA S.A.S. E.S.P.	CHINU  CHINU PLANTA 1 110 kV	110.0	0.80	500	580	575	0.1190	0.4810	3.4800	0.4960	1.4880	2.4580	Str	AAAC	559.5	01/01/2001		No	
CARIBEMAR DE LA COSTA S.A.S. E.S.P.	CHINU  COVEÑAS 1 110 kV	110.0	45.00	794	794	873	0.0730	0.4530	3.6870	0.3500	1.5790	2.0760	Str		0.00	08/09/1999		No	
CARIBEMAR DE LA COSTA S.A.S. E.S.P.	CHINU  SAN MARCOS (SUCRE) 1 110 kV	110.0	66.00	200	580	216	0.1400	0.4790	3.4710	0.4170	1.6030	2.0010	Str	AAAC	559.5	01/01/1998		No	
CARIBEMAR DE LA COSTA S.A.S. E.S.P.	CHINU  SINCE 1 110 kV	110.0	37.90	440	580	490	0.1190	0.4810	3.4840	0.4920	1.4920	2.4450	Str	AAAC	559.5	01/01/1997		No	
CARIBEMAR DE LA COSTA S.A.S. E.S.P.	CODAZZI (CESAR)  LA JAGUA 1 110 kV	110.0	54.85	200	467	240	0.1687	0.4988	3.3406	0.4031	1.6204	2.0906	Str	AAAC	394.5	01/01/1983		No	
CARIBEMAR DE LA COSTA S.A.S. E.S.P.	COSPIQUE  MEMBRILLAL 1 66 kV	66.0	3.99	580	584	584	0.1230	0.4280	3.4740	0.4270	1.6720	2.0030	Str	ACSR	477 kcmil	12/03/2012		No	
CARIBEMAR DE LA COSTA S.A.S. E.S.P.	COVEÑAS  TOLUVIEJO 1 110 kV	110.0	26.90	580	580	638	0.1190	0.4720	3.5300	0.3950	1.6000	2.0280	Str	AAAC	559.5	01/01/1967		No	
CARIBEMAR DE LA COSTA S.A.S. E.S.P.	EL BOSQUE  CHAMBACU 1 66 kV	66.0	2.98	540	580	580	0.1453	0.4067	4.1255	0.3916	1.5748	2.1447	Str		0.00	03/07/2013		No	
CARIBEMAR DE LA COSTA S.A.S. E.S.P.	EL BOSQUE  CHAMBACU 2 66 kV	66.0	2.98	540	580	580	0.1453	0.4067	4.1255	0.3916	1.5748	2.1447	Str		0.00	03/07/2013		No	
CARIBEMAR DE LA COSTA S.A.S. E.S.P.	EL CARMEN  TOLUVIEJO 1 110 kV	110.0	58.60	600	794	690	0.1190	0.4720	3.5330	0.3950	1.6010	2.0310	Str	AAAC	927.2	01/01/1998		No	
CARIBEMAR DE LA COSTA S.A.S. E.S.P.	EL CARMEN  TSAN JACINTO 1 66 kV	66.0	13.00	360	469	400	0.1650	0.4680	3.5750	0.5690	1.5310	2.4030	Str		0.00	12/03/2012		No	
CARIBEMAR DE LA COSTA S.A.S. E.S.P.	EL CARMEN  ZAMBRANO 1 66 kV	66.0	32.67	300	464	300	0.1650	0.4680	3.5750	0.5690	1.5310	2.4030	Str	AAAC	559.5	12/03/2012		No	
CARIBEMAR DE LA COSTA S.A.S. E.S.P.	EL PASO  EL BANCO 1 110 kV	110.0	90.70	320	469	320	0.1660	0.4987	3.3706	0.6026	1.3625	2.5406	Str	ACSR	336.4	01/01/1982		No	
CARIBEMAR DE LA COSTA S.A.S. E.S.P.	EL PASO  EL COPEY 1 110 kV	110.0	55.40	467	467	467	0.1661	0.4988	3.3706	0.6021	1.3630	2.5306	Str	ACSR	336.4	01/01/1983		No	
CARIBEMAR DE LA COSTA S.A.S. E.S.P.	GAMBOTE  TCALAMAR 1 66 kV	66.0	36.00	200	469	230	0.1650	0.4680	3.5750	0.5690	1.5310	2.4030	Str	ACSR	336.4	12/03/2012		No	
CARIBEMAR DE LA COSTA S.A.S. E.S.P.	LA MOJANA  SAN MARCOS (SUCRE) 1 110 kV	110.0	46.75	376.8	471	423.9	0.1655	0.5009	3.2663	0.4138	1.3974	1.7920	Str	AAAC	0.00	07/03/2014		No	
CARIBEMAR DE LA COSTA S.A.S. E.S.P.	MAGANGUE  MOMPOX 1 110 kV	110.0	45.00	236	320	272	0.3313	0.5864	3.1220	0.7271	1.4267	2.1670	Str	ASCR	4/0	01/01/2001		No	
CARIBEMAR DE LA COSTA S.A.S. E.S.P.	MAGANGUE  SINCE 1 110 kV	110.0	41.00	380	580	450	0.1190	0.4810	3.4820	0.4930	1.4910	2.4500	Str	AAAC	559.5	08/09/1999		No	
CARIBEMAR DE LA COSTA S.A.S. E.S.P.	MEMBRILLAL  PROELECTRICA 1 66 kV	66.0	2.99	580	580	580	0.1250	0.4200	4.0010	0.4100	1.6960	2.1280	Str	AAAC	559,5	12/03/2012		No	
CARIBEMAR DE LA COSTA S.A.S. E.S.P.	MONTERIA  NUEVA MONTERIA 1 110 kV	110.0	1.31	504	504	579	0.1190	0.4720	3.5310	0.3950	1.6000	2.0280	Str		0.00	28/12/2017		No	
CARIBEMAR DE LA COSTA S.A.S. E.S.P.	MONTERIA  NUEVA MONTERIA 2 110 kV	110.0	2.60	530	530	575	0.0750	0.4580	3.6788	0.4190	1.3340	2.1984	Str		0.00	28/12/2017		No	
CARIBEMAR DE LA COSTA S.A.S. E.S.P.	NUEVA MONTERIA  RIO SINU 1 110 kV	110.0	13.40	504	504	579	0.1190	0.4720	3.5310	0.3950	1.6000	2.0280	Str		0.00	28/12/2017		No	
CARIBEMAR DE LA COSTA S.A.S. E.S.P.	PROELECTRICA  MAMONAL 1 66 kV	66.0	9.89	504	580	580	0.1190	0.3980	4.2290	0.4090	1.7400	2.1850	Str	AAAC	559.5	12/03/2012		No	
CARIBEMAR DE LA COSTA S.A.S. E.S.P.	RIO SINU  TIERRALTA 1 110 kV	110.0	66.92	504	580	580	0.1190	0.4730	3.5230	0.3960	1.5980	2.0220	Str	AAAC	559.5	01/01/1998		No	
CARIBEMAR DE LA COSTA S.A.S. E.S.P.	SAN JACINTO  TSAN JACINTO 1 66 kV	66.0	0.20	200	469	230	0.1650	0.4680	3.5750	0.5690	1.5310	2.4030	Str	ACSR	336.4	12/03/2012		No	
CARIBEMAR DE LA COSTA S.A.S. E.S.P.	SIERRA FLOR  TOLUVIEJO 1 110 kV	110.0	17.80	794	794	873	0.0730	0.4500	3.7120	0.3460	1.5860	2.0930	Str	AAAC	927.2	02/09/1999		No	
CARIBEMAR DE LA COSTA S.A.S. E.S.P.	TCALAMAR  TSAN JACINTO 1 66 kV	66.0	22.00	200	469	230	0.1650	0.4680	3.5750	0.5690	1.5310	2.4030	Str	ACSR	336.4	12/03/2012		No	
CARIBEMAR DE LA COSTA S.A.S. E.S.P.	TERMOCANDELARIA  NUEVA COSPIQUE 2 110 kV	110.0	6.00	726	794	794	0.0777	0.4811	3.4760	0.3720	1.4800	1.9283	Str	AAAC	927.2	01/12/1991		No	
CARIBEMAR DE LA COSTA S.A.S. E.S.P.	TERNERA  COSPIQUE 1 66 kV	66.0	6.87	580	580	580	0.1330	0.2790	6.3300	0.4270	1.5090	2.5270	Str	CU	2X2/0	01/01/1987		No	
CARIBEMAR DE LA COSTA S.A.S. E.S.P.	TERNERA  EL BOSQUE 1 66 kV	66.0	8.35	576	636	636	0.1360	0.2430	6.9000	0.4280	1.4710	2.6500	Str	CU	2X2/0	12/03/2012		No	
CARIBEMAR DE LA COSTA S.A.S. E.S.P.	TERNERA  GAMBOTE 1 66 kV	66.0	30.92	318	318	318	0.2720	0.4590	3.6750	0.5800	1.7340	1.7860	Str	CU	2/0	12/03/2012		No	
CARIBEMAR DE LA COSTA S.A.S. E.S.P.	TERNERA  MAMONAL 1 66 kV	66.0	13.30	400	580	460	0.1380	0.4050	4.1730	0.4350	1.7360	2.0560	Str	AAAC	559.5	12/03/2012		No	
CARIBEMAR DE LA COSTA S.A.S. E.S.P.	TERNERA  TOLUVIEJO 1 110 kV	110.0	108.50	400	580	460	0.1190	0.4810	3.4790	0.4940	1.4900	2.4540	Str	AAAC	559.5	01/01/1978		No	
CARIBEMAR DE LA COSTA S.A.S. E.S.P.	TERNERA  VILLA ESTRELLA 1 66 kV	66.0	5.62	355	355	355	0.2610	0.4420	3.7600	0.5880	1.7300	2.0720	Str	ACSR	4/0	12/03/2012		No	
CARIBEMAR DE LA COSTA S.A.S. E.S.P.	TERNERA  ZARAGOCILLA 1 66 kV	66.0	6.74	540	580	580	0.1190	0.4180	4.0290	0.4300	1.6920	2.0650	Str	AAAC	559.5	12/03/2012		No	
CARIBEMAR DE LA COSTA S.A.S. E.S.P.	TIERRALTA  URRA 1 110 kV	110.0	26.25	480	580	540	0.1170	0.4790	3.4950	0.4920	1.4890	2.4540	Str	AAAC	559.5	23/11/2002		No	
CARIBEMAR DE LA COSTA S.A.S. E.S.P.	VALLEDUPAR  CODAZZI (CESAR) 1 110 kV	110.0	51.00	400	469	440	0.1657	0.4957	3.3706	0.5993	1.3651	2.5106	Str	ACSR	336.4	01/01/1999		No	
CARIBEMAR DE LA COSTA S.A.S. E.S.P.	VALLEDUPAR  SAN JUAN 1 110 kV	110.0	40.00	400	457	440	0.1659	0.4986	3.3706	0.6032	1.3618	2.5406	Str	ACSR	336.4	01/01/1990		No	
CELSIA COLOMBIA S.A. E.S.P.	AGUABLANCA  ALFEREZ II 1 115 kV	115.0	5.63	912	912	912	0.0802	0.4599	3.5653	0.7304	2.3161	2.3038	Str		0.00	29/11/2013		No	
CELSIA COLOMBIA S.A. E.S.P.	AGUABLANCA  JUANCHITO 1 115 kV	115.0	4.36	600	900	720	0.0803	0.4610	3.4736	0.7641	2.1679	2.2635	Str		0.00	01/01/1995		No	
CELSIA COLOMBIA S.A. E.S.P.	AGUABLANCA  JUANCHITO 2 115 kV	115.0	4.36	600	900	720	0.0803	0.4610	3.4736	0.7641	2.1679	2.2635	Str		0.00	01/01/1995		No	
CELSIA COLOMBIA S.A. E.S.P.	AGUABLANCA  PAPELCAUCA 1 115 kV	115.0	15.93	800	900	900	0.0801	0.4601	3.4736	0.7641	2.1679	2.2635	Str		0.00	01/01/2001		No	
CELSIA COLOMBIA S.A. E.S.P.	ALFEREZ I  MELENDEZ 1 115 kV	115.0	10.26	900	900	900	0.0800	0.4602	3.5440	0.7382	2.2815	2.2944	Str		0.00	04/06/2015		No	
CELSIA COLOMBIA S.A. E.S.P.	ALFEREZ I  PANCE 1 115 kV	115.0	6.36	900	900	900	0.0800	0.4602	3.5440	0.7382	2.2815	2.2944	Str		0.00	04/06/2015		No	
CELSIA COLOMBIA S.A. E.S.P.	ALFEREZ II  MELENDEZ 1 115 kV	115.0	4.08	912	912	912	0.0802	0.4599	3.5653	0.7304	2.3161	2.3038	Str		0.00	29/11/2013		No	
CELSIA COLOMBIA S.A. E.S.P.	ALTO ANCHICAYA  PANCE 1 230 kV	230.0	53.91	1060	1060	1060	0.0653	0.4854	3.4455	0.4838	1.6464	2.3859	Uso		0.00	01/01/1974		No	
CELSIA COLOMBIA S.A. E.S.P.	ALTO ANCHICAYA  YUMBO 1 230 kV	230.0	54.67	1000	1000	1000	0.0653	0.4837	3.4455	0.4838	1.6464	2.3859	Uso		0.00	01/01/1974		No	
CELSIA COLOMBIA S.A. E.S.P.	BAJO ANCHICAYA  CHIPICHAPE 1 115 kV	115.0	51.30	490	490	490	0.1910	0.4980	3.3980	0.5764	1.7472	2.0479	Str		0.00	01/01/1955		No	
CELSIA COLOMBIA S.A. E.S.P.	BAJO ANCHICAYA  CHIPICHAPE 2 115 kV	115.0	51.30	490	490	490	0.1910	0.4808	3.3980	0.5764	1.7472	2.0479	Str		0.00	01/01/1955		No	
CELSIA COLOMBIA S.A. E.S.P.	BAJO ANCHICAYA  PAILON 1 115 kV	115.0	35.48	300	540	360	0.1485	0.4818	3.4839	0.4375	1.2620	2.2492	Str		0.00	01/01/1957		No	
CELSIA COLOMBIA S.A. E.S.P.	BAJO ANCHICAYA  TABOR (BVENTURA) 1 115 kV	115.0	35.61	400	540	470	0.1485	0.4818	3.4839	0.4375	1.2620	2.2492	Str		0.00	01/01/1966		No	
CELSIA COLOMBIA S.A. E.S.P.	BAYUNCA  MANZANILLO 1 66 kV	66.0	7.59	700	896	896	0.0700	0.4570	3.6600	0.2390	1.6510	1.9590	Str		0.00	18/08/2018		No	
CELSIA COLOMBIA S.A. E.S.P.	BOLIVAR  MANZANILLO 1 66 kV	66.0	17.14	700	896	896	0.0700	0.4770	0.3508	0.2380	1.6130	2.1090	Str		0.00	18/08/2018	Se crea por entrada en operación comercial de proyecto UPME STR 102015 SE Bolívar y Manzanillo 66 kV, operada inicialmente a 66 kV	No	
CELSIA COLOMBIA S.A. E.S.P.	BRISAS  MIROLINDO 1 115 kV	115.0	7.30	757	908.4	935.62	0.1145	0.4494	3.7019	0.4061	1.5713	1.8256	Str		0.00	15/02/2013		No	
CELSIA COLOMBIA S.A. E.S.P.	BRISAS  MIROLINDO 2 115 kV	115.0	7.30	757	757	935	0.1133	0.4469	3.7019	0.4229	1.5493	1.8256	Str		0.00	22/02/2023		No	
CELSIA COLOMBIA S.A. E.S.P.	BRISAS  NUEVA CAJAMARCA (TOLIMA) 1 115 kV	115.0	27.36	400	480	494.4	0.1144	0.5037	3.2707	0.3903	1.4728	2.0194	Str		0.00	20/12/2022		No	
CELSIA COLOMBIA S.A. E.S.P.	BRISAS  PAPAYO 1 115 kV	115.0	3.00	400	480	494.4	0.1144	0.5037	3.2707	0.3903	1.4728	2.0194	Str		0.00	15/02/2013		No	
CELSIA COLOMBIA S.A. E.S.P.	BUGA  CALIMA 1 115 kV	115.0	33.90	800	910	900	0.0739	0.4554	3.6689	0.3221	1.5811	2.2024	Str		0.00	01/01/1962		No	
CELSIA COLOMBIA S.A. E.S.P.	BUGA  CALIMA 2 115 kV	115.0	33.90	800	910	900	0.0739	0.4554	3.6689	0.3221	1.5811	2.2024	Str		0.00	01/01/1962		No	
CELSIA COLOMBIA S.A. E.S.P.	BUGA  TULUA 1 115 kV	115.0	28.48	530	530	530	0.1711	0.4878	3.4114	0.4808	1.5530	2.1459	Str		0.00	01/01/1958		No	
CELSIA COLOMBIA S.A. E.S.P.	BUGA  TULUA 2 115 kV	115.0	28.50	530	530	530	0.1711	0.4878	3.4114	0.4808	1.5530	2.1459	Str		0.00	01/01/1958		No	
CELSIA COLOMBIA S.A. E.S.P.	BUGA  VIJES 1 115 kV	115.0	24.06	530	530	530	0.1713	0.4923	3.3899	0.4798	1.3837	2.1102	Str		0.00	31/12/2021		No	
CELSIA COLOMBIA S.A. E.S.P.	CANDELARIA (VALLE)  EL CARMELO 1 115 kV	115.0	8.00	300	530	360	0.0907	0.5209	3.4034	0.4934	1.5098	2.4736	Str		0.00	15/07/2019		No	
CELSIA COLOMBIA S.A. E.S.P.	CANDELARIA (VALLE)  EL CARMELO 2 115 kV	115.0	8.00	400	530	480	0.0907	0.5209	3.4034	0.4934	1.5098	2.4736	Str		0.00	15/07/2019		No	
CELSIA COLOMBIA S.A. E.S.P.	CANDELARIA (VALLE)  MAYAGUEZ 1 115 kV	115.0	2.85	200	470	240	0.1723	0.4810	3.4870	0.4522	1.3461	1.7530	Str		0.00	08/02/2007		No	
CELSIA COLOMBIA S.A. E.S.P.	CARACOLI  MALAMBO 1 110 kV	110.0	10.50	691	741.3	741.3	0.0736	0.4686	3.5756	0.2400	1.4830	2.2525	Str		0.00	25/02/2019		No	
CELSIA COLOMBIA S.A. E.S.P.	CARTAGO  LA UNION (VALLE) 1 115 kV	115.0	38.20	530	530	530	0.1699	0.4833	3.4666	0.6807	2.5138	2.2668	Str		0.00	01/01/1997		No	
CELSIA COLOMBIA S.A. E.S.P.	CARTAGO  ZARZAL 1 115 kV	115.0	42.19	530	530	530	0.1886	0.4833	3.4114	0.6478	2.6145	2.3059	Str		0.00	01/01/1962		No	
CELSIA COLOMBIA S.A. E.S.P.	CEMEX  GUALANDAY 1 115 kV	115.0	5.80	600	761	741.6	0.1233	0.4996	3.3202	0.4791	1.3706	2.1315	Str		0.00	18/08/2015		No	
CELSIA COLOMBIA S.A. E.S.P.	CEMEX  MIROLINDO 1 115 kV	115.0	13.80	600	720	741.6	0.1233	0.4996	3.3202	0.4791	1.3706	2.1315	Str		0.00	01/01/2001		No	
CELSIA COLOMBIA S.A. E.S.P.	CERRITO  SANTA BARBARA (PALMIRA) 1 115 kV	115.0	17.70	200	530	240	0.1905	0.4890	3.4034	0.4934	1.5098	2.4736	Str		0.00	01/01/1997		No	
CELSIA COLOMBIA S.A. E.S.P.	CHIPICHAPE  LA CAMPIÑA 1 115 kV	115.0	1.22	530	530	530	0.1712	0.4812	3.4408	0.4808	1.5402	2.0604	Str		0.00	01/01/1998		No	
CELSIA COLOMBIA S.A. E.S.P.	CHIPICHAPE  SAN ANTONIO (CALI) 1 115 kV	115.0	3.80	490	490	490	0.1909	0.4771	3.4943	0.6592	1.9292	1.9935	Str		0.00	01/01/1995		No	
CELSIA COLOMBIA S.A. E.S.P.	CHIPICHAPE  SAN ANTONIO (CALI) 2 115 kV	115.0	3.80	490	490	490	0.1909	0.4771	3.4943	0.6592	1.9292	1.9935	Str		0.00	01/01/1995		No	
CELSIA COLOMBIA S.A. E.S.P.	CHIPICHAPE  TERMOYUMBO 1 115 KV	115.0	10.80	530	530	530	0.1903	0.4811	3.4408	0.7252	2.5118	2.2630	Str		0.00	01/01/1958		No	
CELSIA COLOMBIA S.A. E.S.P.	CODAZZI (VALLE)  SANTA BARBARA (PALMIRA) 1 115 kV	115.0	6.90	800	900	900	0.0721	0.4484	3.7078	0.4193	1.3294	2.1642	Str		0.00	01/01/1986		No	
CELSIA COLOMBIA S.A. E.S.P.	CODAZZI (VALLE)  SANTA BARBARA (PALMIRA) 2 115 kV	115.0	6.90	800	900	900	0.0742	0.4513	3.7035	0.3388	1.2106	2.1194	Str		0.00	30/12/2022		No	
CELSIA COLOMBIA S.A. E.S.P.	COMUNEROS  MERILECTRICA 1 230 kV	230.0	1.70	896	896	896	0.0680	0.4750	3.9750	0.1860	1.3880	2.9200	Uso		0.00	24/01/1997		No	
CELSIA COLOMBIA S.A. E.S.P.	CUCUANA  MIROLINDO 1 115 kV	115.0	64.34	728	728	873.6	0.1000	0.4700	3.4300	0.3500	1.3000	1.6900	Str		0.00	29/07/2015		No	
CELSIA COLOMBIA S.A. E.S.P.	EL CARMELO  JUANCHITO 1 115 kV	115.0	7.90	300	530	360	0.0907	0.5209	3.4034	0.4934	1.5098	2.4736	Str		0.00	15/07/2019		No	
CELSIA COLOMBIA S.A. E.S.P.	EL CARMELO  JUANCHITO 2 115 kV	115.0	7.90	400	530	480	0.0907	0.5209	3.4034	0.4934	1.5098	2.4736	Str		0.00	15/07/2019		No	
CELSIA COLOMBIA S.A. E.S.P.	FLANDES  GUALANDAY 1 115 kV	115.0	26.40	725	761	896.1	0.1233	0.4996	3.3202	0.4791	1.3706	2.1315	Str		0.00	18/08/2015		No	
CELSIA COLOMBIA S.A. E.S.P.	FLANDES  LA GUACA 2 115 kV	115.0	57.81	757	908.4	935.65	0.1153	0.4708	3.5523	0.5412	1.3700	2.4466	Str		0.00	16/11/1990		No	
CELSIA COLOMBIA S.A. E.S.P.	FLANDES  LANCEROS 1 115 kV	115.0	17.33	530	640	530	0.2064	0.5311	3.1098	0.4823	1.5002	1.9568	Str		0.00	27/12/1999		No	
CELSIA COLOMBIA S.A. E.S.P.	FLANDES  NUEVA ESPINAL 2 115 kV	115.0	17.30	534	640	660	0.2065	0.5152	3.2295	0.4787	1.5341	1.9006	Str		0.00	15/12/2022		No	
CELSIA COLOMBIA S.A. E.S.P.	FLANDES  PRADO 1 115 kV	115.0	59.64	400	480	494.4	0.2065	0.5152	3.2295	0.4787	1.5341	1.9006	Str		0.00	01/01/2001		No	
CELSIA COLOMBIA S.A. E.S.P.	GUACHAL  PALMASECA 1 115 kV	115.0	10.05	900	900	900	0.0741	0.4553	3.6824	0.3443	1.4000	2.2180	Str		0.00	31/12/2012		No	
CELSIA COLOMBIA S.A. E.S.P.	GUACHAL  SANTA BARBARA (PALMIRA) 1 115 kV	115.0	21.10	800	900	900	0.0804	0.4981	3.3765	0.6076	2.3764	2.4141	Str		0.00	01/01/1990		No	
CELSIA COLOMBIA S.A. E.S.P.	GUACHAL  TERMOYUMBO 1 115 kV	115.0	5.00	800	900	900	0.0745	0.4552	3.7021	0.3419	1.3482	2.2627	Str		0.00	01/01/1990		No	
CELSIA COLOMBIA S.A. E.S.P.	GUACHAL  TERMOYUMBO 2 115 kV	115.0	5.00	800	900	900	0.0745	0.4552	3.7021	0.3419	1.3482	2.2627	Str		0.00	01/01/1990		No	
CELSIA COLOMBIA S.A. E.S.P.	GUACHAL TERMOVALLE 1 115 kV	115.0	1.87	1200	1200	1200	0.0453	0.4389	3.8170	0.2707	1.1203	2.2300	Str		0.00	01/01/1973		No	
CELSIA COLOMBIA S.A. E.S.P.	GUACHAL TERMOVALLE 2 115 kV	115.0	1.87	1200	1200	1200	0.0453	0.4389	3.8170	0.2707	1.1203	2.2300	Str		0.00	01/01/1997		No	
CELSIA COLOMBIA S.A. E.S.P.	JUANCHITO  JUANCHITO (EPSA) 1 115 kV	115.0	2.33	1500	1800	1800	0.0406	0.3219	5.1554	0.5078	1.5180	2.6397	Str		0.00	21/04/1998		No	
CELSIA COLOMBIA S.A. E.S.P.	JUANCHITO  JUANCHITO (EPSA) 2 115 kV	115.0	2.33	1500	1800	1800	0.0406	0.3219	5.1554	0.5078	1.5180	2.6397	Str		0.00	01/01/1998		No	
CELSIA COLOMBIA S.A. E.S.P.	JUANCHITO  PANCE 1 230 kV	230.0	22.91	1106	1106	1106	0.0634	0.4865	3.4715	0.5129	1.5324	2.3971	Uso		0.00	01/01/1987		No	
CELSIA COLOMBIA S.A. E.S.P.	JUANCHITO  SALVAJINA 1 230 kV	230.0	63.57	1106	1106	1106	0.0634	0.4865	3.4715	0.5129	1.5324	2.3971	Uso		0.00	01/01/1985		No	
CELSIA COLOMBIA S.A. E.S.P.	JUANCHITO  SAN LUIS 1 115 kV	115.0	6.63	800	900	900	0.0809	0.4596	3.7259	0.8017	2.1617	2.3181	Str		0.00	01/01/1995		No	
CELSIA COLOMBIA S.A. E.S.P.	JUANCHITO  SAN LUIS 2 115 kV	115.0	6.63	800	900	900	0.0809	0.4596	3.7259	0.8017	2.1617	2.3181	Str		0.00	01/01/1995		No	
CELSIA COLOMBIA S.A. E.S.P.	LA CAMPIÑA  TERMOYUMBO 1 115 kV	115.0	9.58	530	530	530	0.1906	0.4812	3.4408	0.7252	2.5118	2.2630	Str		0.00	01/01/1998		No	
CELSIA COLOMBIA S.A. E.S.P.	LA UNION (VALLE)  ZARZAL 1 115 kV	115.0	18.05	530	530	530	0.1479	0.4787	3.5676	0.7411	2.3295	2.1953	Str		0.00	02/12/1999		No	
CELSIA COLOMBIA S.A. E.S.P.	LADERA  PANCE 1 115 kV	115.0	5.44	995	995	995	0.0702	0.4515	3.6851	0.4301	1.6831	2.1842	Str		0.00	25/11/2021		No	
CELSIA COLOMBIA S.A. E.S.P.	LADERA  SAN ANTONIO (CALI) 1 115 kV	115.0	7.48	995	995	995	0.0703	0.4517	3.6828	0.4311	1.6814	2.1809	Str		0.00	25/11/2021		No	
CELSIA COLOMBIA S.A. E.S.P.	MARIQUITA  SAN FELIPE 1 115 kV	115.0	10.21	530	636	655	0.2073	0.4982	3.3626	0.6332	1.3973	2.3556	Str		0.00	01/01/2001		No	
CELSIA COLOMBIA S.A. E.S.P.	MARIQUITA  VICTORIA (CALDAS) 1 115 kV	115.0	14.29	530	636	655	0.2073	0.4982	3.3626	0.6332	1.3973	2.3556	Str		0.00	01/01/2001		No	
CELSIA COLOMBIA S.A. E.S.P.	MIROLINDO  PAPAYO 1 115 kV	115.0	4.66	600	720	741.6	0.1233	0.4996	3.3202	0.4791	1.3706	2.1315	Str		0.00	01/01/2001		No	
CELSIA COLOMBIA S.A. E.S.P.	NATAGAIMA  PRADO 1 115 kV	115.0	28.34	534	640.8	660.02	0.2065	0.5152	3.2295	0.4787	1.5341	1.9006	Str		0.00	01/01/1992		No	
CELSIA COLOMBIA S.A. E.S.P.	NATAGAIMA  TULUNI 1 115 kV	115.0	47.37	534	640.8	660.02	0.2073	0.4982	3.3626	0.6332	1.3973	2.3556	Str		0.00	07/12/2001		No	
CELSIA COLOMBIA S.A. E.S.P.	NORTE  NUEVA BARRANQUILLA 1 110 kV	110.0	4.70	900	900	900	0.0240	0.2095	4.7111	0.1245	0.1432	3.9781	Str		0.00	14/03/2019		No	
CELSIA COLOMBIA S.A. E.S.P.	NORTE  NUEVA BARRANQUILLA 2 110 kV	110.0	4.70	900	900	900	0.0240	0.2095	4.7113	0.1245	0.1432	3.9810	Str		0.00	14/03/2019		No	
CELSIA COLOMBIA S.A. E.S.P.	NUEVA CAJAMARCA (TOLIMA)  REGIVIT 1 115 kV	115.0	28.17	400	480	494.4	0.1144	0.5037	3.2707	0.3903	1.4728	2.0194	Str		0.00	20/12/2022		No	
CELSIA COLOMBIA S.A. E.S.P.	NUEVA ESPINAL  PRADO 2 115 kV	115.0	51.00	534	640	660	0.2065	0.5152	3.2295	0.4787	1.5341	1.9006	Str		0.00	15/12/2022		No	
CELSIA COLOMBIA S.A. E.S.P.	PAILON  MALAGA 1 115 kV	115.0	69.42	100	400	120	0.2073	0.5021	3.3210	0.4738	1.6199	1.7602	Str		0.00	01/01/1990		No	
CELSIA COLOMBIA S.A. E.S.P.	PALMASECA  SUCROMILES 1 115 kV	115.0	10.05	900	900	900	0.0741	0.4553	3.6824	0.3443	1.4000	2.2180	Str		0.00	31/12/2012		No	
CELSIA COLOMBIA S.A. E.S.P.	PANCE  PAPELCAUCA 1 115 kV	115.0	18.15	800	900	900	0.0802	0.4610	3.4736	0.7641	2.1679	2.2635	Str	ACSR	795	01/01/2001		No	
CELSIA COLOMBIA S.A. E.S.P.	PANCE  SALVAJINA 1 230 kV	230.0	49.73	1106	1106	1106	0.0635	0.4866	3.4715	0.5129	1.5324	2.3971	Uso		0.00	01/01/1985		No	
CELSIA COLOMBIA S.A. E.S.P.	PANCE  SAN ANTONIO (CALI) 2 115 kV	115.0	12.20	800	900	900	0.0703	0.4523	3.6761	0.4312	1.6768	2.1723	Str	ACSR	795	01/01/1983		No	
CELSIA COLOMBIA S.A. E.S.P.	PANCE  YUMBO 1 230 kV	230.0	27.54	1000	1000	1000	0.0653	0.4853	3.4455	0.4838	1.6464	2.3859	Uso		0.00	01/01/1974		No	
CELSIA COLOMBIA S.A. E.S.P.	PRADO  TENAY 1 115 kV	115.0	89.00	400	530	440	0.1540	0.3976	0.0476	0.3438	1.3047	0.0286	Str		0.00	01/01/2001		No	
CELSIA COLOMBIA S.A. E.S.P.	SAHAGUN  TESORITO 1 500 kV	500.0	0.15	1040	1636	2100	0.0506	0.3078	5.3611	0.2010	0.9872	2.6877	Cnx		0.00	14/09/2022		No	
CELSIA COLOMBIA S.A. E.S.P.	SAN ANDRES DE CUERQUIA  YARUMAL II 1 110 KV	110.0	45.30	535	646	721	0.1182	0.4806	3.4281	0.2921	1.8930	1.6141	Cnx		0.00	11/06/2020		No	
CELSIA COLOMBIA S.A. E.S.P.	SAN LUIS  TERMOYUMBO 1 115 kV	115.0	8.96	800	900	900	0.0733	0.4597	3.7259	0.6461	1.6190	2.1993	Str		0.00	01/01/1995		No	
CELSIA COLOMBIA S.A. E.S.P.	SAN LUIS  TERMOYUMBO 2 115 kV	115.0	8.96	800	900	900	0.0733	0.4597	3.7259	0.6461	1.6190	2.1993	Str		0.00	01/01/1995		No	
CELSIA COLOMBIA S.A. E.S.P.	SAN MARCOS (VALLE)  BUGA 1 115 kV	115.0	36.83	530	530	530	0.1904	0.4878	3.4114	0.6478	2.6145	2.3059	Str		0.00	21/05/1998		No	
CELSIA COLOMBIA S.A. E.S.P.	SAN MARCOS (VALLE)  CODAZZI (VALLE) 1 115 kV	115.0	36.71	800	900	900	0.0656	0.3809	3.3765	0.6076	2.3764	2.4141	Str		0.00	01/01/2001		No	
CELSIA COLOMBIA S.A. E.S.P.	SAN MARCOS (VALLE)  GUACHAL 1 115 kV	115.0	7.17	900	900	900	0.0741	0.4541	3.6861	0.3944	1.5443	2.1179	Str		0.00	01/01/1998		No	
CELSIA COLOMBIA S.A. E.S.P.	SAN MARCOS (VALLE)  GUACHAL 2 115 kV	115.0	7.17	900	900	900	0.0741	0.4541	3.6861	0.3944	1.5443	2.1179	Str		0.00	01/01/2001		No	
CELSIA COLOMBIA S.A. E.S.P.	SAN MARCOS (VALLE)  TERMOYUMBO 1 115 kV	115.0	6.50	530	530	530	0.1712	0.4884	3.4114	0.4827	1.5540	2.1003	Str		0.00	20/05/1998		No	
CELSIA COLOMBIA S.A. E.S.P.	SAN MARCOS (VALLE)  TERMOYUMBO 2 115 kV	115.0	6.50	530	530	530	0.1712	0.4884	3.4114	0.4827	1.5540	2.1003	Str		0.00	20/05/1998		No	
CELSIA COLOMBIA S.A. E.S.P.	SAN MARCOS (VALLE)  VIJES 1 115 kV	115.0	13.44	530	530	530	0.1713	0.4923	3.3899	0.4798	1.3837	2.1102	Str		0.00	31/12/2021		No	
CELSIA COLOMBIA S.A. E.S.P.	SANTA BARBARA (PALMIRA)  SUCROMILES 1 115 kV	115.0	2.94	800	900	900	0.0741	0.4553	3.6824	0.3443	1.4000	2.2180	Str		0.00	01/01/1991		No	
CELSIA COLOMBIA S.A. E.S.P.	TABOR (BVENTURA)  PAILON 1 115 kV	115.0	8.50	507	540	630	0.1485	0.4818	3.4839	0.4375	1.2620	2.2492	Str		0.00	01/01/1983		No	
CELSIA COLOMBIA S.A. E.S.P.	TERMOYUMBO  YUMBO 1 115 kV	115.0	0.52	912	912	912	0.0723	0.4534	3.6730	0.3733	1.2358	2.1670	Str		0.00	01/01/2001		No	
CELSIA COLOMBIA S.A. E.S.P.	TERMOYUMBO  YUMBO 2 115 kV	115.0	0.52	912	912	912	0.0723	0.4534	3.6730	0.3733	1.2358	2.1670	Str		0.00	01/01/2001		No	
CELSIA COLOMBIA S.A. E.S.P.	TERMOYUMBO  YUMBO 3 115 kV	115.0	0.52	912	912	912	0.0723	0.4534	3.6730	0.3733	1.2358	2.1670	Str		0.00	01/01/1979		No	
CELSIA COLOMBIA S.A. E.S.P.	TERMOYUMBO  YUMBO 4 115 kV	115.0	0.52	912	912	912	0.0723	0.4534	3.6730	0.3733	1.2358	2.1670	Str		0.00	24/07/2008		No	
CELSIA COLOMBIA S.A. E.S.P.	TULUA  ZARZAL 1 115 kV	115.0	37.90	530	530	530	0.1712	0.4878	3.4114	0.4286	1.4211	2.1418	Str		0.00	01/01/2001		No	
CELSIA COLOMBIA S.A. E.S.P.	TULUA  ZARZAL 2 115 kV	115.0	37.90	530	530	530	0.1712	0.4878	3.4114	0.4286	1.4211	2.1418	Str		0.00	01/01/1983		No	
CENIT TRANSPORTE Y LOGISTICA DE HIDROCARBUROS S A S	SANTA ROSA  TSANTA ROSA 1 115 kV	115.0	12.80	589	589	589	0.1932	0.4110	2.7600	0.3407	1.2600	2.1170	Cnx		0.00	01/01/1975		No	
CENTRAL HIDROELECTRICA DE CALDAS S.A. E.S.P.	ARMENIA  LA ROSA 1 115 kV	115.0	39.01	500	530	600	0.1735	0.4287	3.8193	0.5655	1.5438	1.9265	Str	ACSR, LINNET	336.4 MCM	01/01/1985		No	
CENTRAL HIDROELECTRICA DE CALDAS S.A. E.S.P.	ARMENIA  REGIVIT 1 115 kV	115.0	4.04	500	530	600	0.1740	0.4907	3.3960	0.5192	1.4609	2.1810	Str		0.00	01/01/1985		No	
CENTRAL HIDROELECTRICA DE CALDAS S.A. E.S.P.	CARTAGO  TPAPELES NACIONALES 1 115 kV	115.0	4.30	530	530	640	0.1737	0.4740	3.4697	0.4537	1.6298	1.9576	Str	ACSR, LINNET	336.4 MCM	01/01/2000		No	
CENTRAL HIDROELECTRICA DE CALDAS S.A. E.S.P.	DOSQUEBRADAS  LA ROSA 1 115 kV	115.0	4.36	530	530	689	0.1738	0.4749	3.4946	0.4595	1.6208	1.9885	Str	ACSR, LINNET	336.4 MCM	27/12/1999		No	
CENTRAL HIDROELECTRICA DE CALDAS S.A. E.S.P.	DOSQUEBRADAS  PAVAS 1 115 kV	115.0	11.98	530	600	640	0.1737	0.4696	3.4794	0.4600	1.6338	1.9614	Str	ACSR	336.4	09/04/2011		No	
CENTRAL HIDROELECTRICA DE CALDAS S.A. E.S.P.	ESMERALDA (ISA)  ESMERALDA (CHEC) 3 115 kV	115.0	1.63	452	618.5	560	0.1450	0.4710	3.3290	0.7050	1.7510	1.4400	Str		0.00	02/08/2019		No	
CENTRAL HIDROELECTRICA DE CALDAS S.A. E.S.P.	ESMERALDA  INSULA (CHINCHINA) 1 115 kV	115.0	12.02	530	530	689	0.1743	0.4909	3.3930	0.5367	1.3570	2.2390	Str	ACSR, LINNET	336.4 MCM	01/01/1970		No	
CENTRAL HIDROELECTRICA DE CALDAS S.A. E.S.P.	ESMERALDA  IRRA 1 115 kV	115.0	21.92	400	530	480	0.1745	0.5001	3.3180	0.5785	1.2930	2.1647	Str		0.00	01/01/1981		No	
CENTRAL HIDROELECTRICA DE CALDAS S.A. E.S.P.	ESMERALDA  LA HERMOSA 1 115 kV	115.0	26.80	530	530	689	0.1743	0.4909	3.3931	0.5357	1.3570	2.2390	Str		0.00	02/11/2018		No	
CENTRAL HIDROELECTRICA DE CALDAS S.A. E.S.P.	ESMERALDA  LA HERMOSA 2 115 kV	115.0	26.80	530	530	689	0.1743	0.4909	3.3931	0.5367	1.3570	2.2390	Str		0.00	02/11/2018		No	
CENTRAL HIDROELECTRICA DE CALDAS S.A. E.S.P.	ESMERALDA  MANIZALES 1 115 kV	115.0	26.03	530	530	689	0.1743	0.4909	3.3931	0.5367	1.3570	2.2390	Str	ACSR, LINNET	336.4 MCM	01/01/1970		No	
CENTRAL HIDROELECTRICA DE CALDAS S.A. E.S.P.	ESMERALDA  SAN FRANCISCO 1 115 kV	115.0	2.12	250	530	300	0.1736	0.4392	3.7780	0.5381	1.4688	1.9647	Str	ACSR, LINNET	336.4 MCM	01/01/1968		No	
CENTRAL HIDROELECTRICA DE CALDAS S.A. E.S.P.	ESMERALDA  SAN FRANCISCO 2 115 kV	115.0	2.12	250	530	300	0.1736	0.4392	3.7790	0.5634	1.4381	2.0498	Str	ACSR, LINNET	336.4 MCM	01/01/1968		No	
CENTRAL HIDROELECTRICA DE CALDAS S.A. E.S.P.	ESMERALDA  SAN FRANCISCO 3 115 kV	115.0	2.12	250	530	300	0.1736	0.4392	3.7781	0.5381	1.4688	2.0066	Str	ACSR, LINNET	336.4 MCM	01/01/1968		No	
CENTRAL HIDROELECTRICA DE CALDAS S.A. E.S.P.	ESMERALDA  VITERBO 1 115 kV	115.0	14.24	200	530	240	0.1746	0.5014	3.2792	0.5715	1.3142	2.1957	Str	ACSR, LINNET	336.4 MCM	01/01/1981		No	
CENTRAL HIDROELECTRICA DE CALDAS S.A. E.S.P.	INSULA (CHINCHINA)  MANIZALES 1 115 kV	115.0	14.06	530	530	689	0.1743	0.4909	3.3931	0.5367	1.3570	2.2390	Str	ACSR, LINNET	336.4 MCM	01/01/1970		No	
CENTRAL HIDROELECTRICA DE CALDAS S.A. E.S.P.	IRRA  RIOSUCIO 1 115 kV	115.0	23.90	250	661	300	0.1288	0.4895	3.3827	0.5327	1.2731	2.2164	Str	ACSR,PELICAN	477 MCM	01/01/1971		No	
CENTRAL HIDROELECTRICA DE CALDAS S.A. E.S.P.	IRRA  SALAMINA (CALDAS) 1 115 kV	115.0	27.28	150	530	180	0.1746	0.5023	3.2968	0.5784	1.2871	2.1737	Str	ACSR, LINNET	336.4 MCM	01/01/1982		No	
CENTRAL HIDROELECTRICA DE CALDAS S.A. E.S.P.	LA DORADA  PURNIO 1 115 kV	115.0	5.78	500	912	600	0.0723	0.4809	3.4600	0.2466	1.7848	1.9635	Str		0.00	25/02/2015		No	
CENTRAL HIDROELECTRICA DE CALDAS S.A. E.S.P.	LA DORADA  VICTORIA (CALDAS) 1 115 kV	115.0	29.14	400	530	480	0.1740	0.5036	3.3198	0.5140	1.5044	2.1679	Str		0.00	01/01/1983		No	
CENTRAL HIDROELECTRICA DE CALDAS S.A. E.S.P.	LA ENEA  MANIZALES 1 115 kV	115.0	9.65	500	530	600	0.1737	0.4898	3.3761	0.4425	1.5944	1.9877	Str		0.00	01/01/1985		No	
CENTRAL HIDROELECTRICA DE CALDAS S.A. E.S.P.	LA ENEA  PERALONSO 1 115 kV	115.0	11.57	500	661	600	0.1283	0.4857	3.3724	0.4621	1.3281	2.0553	Str	ACSR,PELICAN	477 MCM	01/01/1972		No	
CENTRAL HIDROELECTRICA DE CALDAS S.A. E.S.P.	LA HERMOSA  LA ROSA 1 115 kV	115.0	9.12	530	530	689	0.1743	0.4909	3.3931	0.5367	1.3570	2.2390	Str		0.00	02/11/2018		No	
CENTRAL HIDROELECTRICA DE CALDAS S.A. E.S.P.	LA HERMOSA  LA ROSA 2 115 kV	115.0	9.12	530	530	600	0.1743	0.4909	3.3931	0.5367	1.3570	2.2390	Str		0.00	02/11/2018		No	
CENTRAL HIDROELECTRICA DE CALDAS S.A. E.S.P.	LA HERMOSA  LA ROSA 3 115 kV	115.0	8.01	910	910	1183	0.0713	0.3897	4.3934	0.4746	1.5186	1.9168	Str	ACSR, DRAKE	795 MCM	01/01/1989		No	
CENTRAL HIDROELECTRICA DE CALDAS S.A. E.S.P.	LA HERMOSA  REGIVIT 1 115 kV	115.0	35.22	500	530	600	0.1743	0.4972	3.3341	0.5769	1.3025	2.1496	Str	ACSR, LINNET	336.4 MCM	01/01/1990		No	
CENTRAL HIDROELECTRICA DE CALDAS S.A. E.S.P.	MANIZALES  PERALONSO 1 115 kV	115.0	9.56	500	530	600	0.1740	0.4802	3.3872	0.5230	1.4845	2.2566	Str	ACSR, LINNET	336.4 MCM	01/01/1983		No	
CENTRAL HIDROELECTRICA DE CALDAS S.A. E.S.P.	MANZANARES (CALDAS)  PERALONSO 1 115 kV	115.0	57.48	400	530	480	0.1737	0.4887	3.4048	0.4964	1.5180	2.1257	Str	ACSR, LINNET	336.4 MCM	23/10/1998		No	
CENTRAL HIDROELECTRICA DE CALDAS S.A. E.S.P.	MANZANARES (CALDAS)  VICTORIA (CALDAS) 1 115 kV	115.0	29.36	300	530	360	0.1739	0.4953	3.3523	0.5169	1.5216	2.1425	Str	ACSR, LINNET	336.4 MCM	01/01/1983		No	
CENTRAL HIDROELECTRICA DE CALDAS S.A. E.S.P.	PAPELES NACIONALES  TPAPELES NACIONALES 1 115 kV	115.0	1.36	530	530	530	0.1737	0.4490	3.6995	0.5235	1.6173	1.9970	Cnx		0.00	01/01/2011		No	
CENTRAL HIDROELECTRICA DE CALDAS S.A. E.S.P.	PAVAS  TPAPELES NACIONALES 1 115 kV	115.0	11.06	530	530	640	0.1737	0.4713	3.5324	0.4624	1.6272	1.9677	Str	ACSR	336.4	09/04/2011		No	
CENTRAL HIDROELECTRICA DE CALDAS S.A. E.S.P.	TERMODORADA  LA DORADA 1 115 kV	115.0	0.13	250	600	300	0.1735	0.4176	3.9696	0.5794	1.5656	1.8578	Str		0.00	01/01/1995		No	
CENTRALES ELECTRICAS DE NARIÑO S.A. E.S.P.	BUCHELY  JUNIN (NARIÑO) 1 115 kV	115.0	85.00	300	900	360	0.0886	0.5073	3.5000	0.4360	1.2820	2.5230	Str		0.00	01/03/2003		No	
CENTRALES ELECTRICAS DE NARIÑO S.A. E.S.P.	CATAMBUCO  JAMONDINO 1 115 kV	115.0	26.50	300	450	390	0.1626	0.4814	3.4000	0.4930	1.5060	2.4200	Str		0.00	01/01/1992		No	
CENTRALES ELECTRICAS DE NARIÑO S.A. E.S.P.	CATAMBUCO  PASTO 1 115 kV	115.0	12.00	300	450	360	0.1505	0.4929	3.4660	0.7010	2.5420	2.3820	Str		0.00	01/01/1992		No	
CENTRALES ELECTRICAS DE NARIÑO S.A. E.S.P.	CATAMBUCO  SAN MARTIN 1 115 kV	115.0	48.00	200	260	260	0.1407	0.4830	3.4660	0.4307	1.7459	2.3820	Str		0.00	29/01/2019		No	
CENTRALES ELECTRICAS DE NARIÑO S.A. E.S.P.	EL ZAQUE  SAN MARTIN 1 115 kV	115.0	64.00	200	260	260	0.1478	0.4902	3.4660	0.3845	1.6099	2.3820	Str		0.00	29/01/2019		No	
CENTRALES ELECTRICAS DE NARIÑO S.A. E.S.P.	GUAPI  OLAYA HERRERA 1 115 kV	115.0	62.05	476.28	587.5	575.1	0.2110	0.5170	3.2200	0.3870	1.8200	1.9900	Str		0.00	24/08/2019		No	
CENTRALES ELECTRICAS DE NARIÑO S.A. E.S.P.	GUAPI  SAN BERNARDINO 1 115 kV	115.0	155.36	476.28	587.5	575.1	0.2110	0.5170	3.2000	0.3870	1.8200	1.9900	Str		0.00	24/08/2019		No	
CENTRALES ELECTRICAS DE NARIÑO S.A. E.S.P.	JAMONDINO  PASTO 1 115 kV	115.0	6.00	400	450	450	0.1357	0.4121	2.8000	0.4930	1.5060	2.4200	Str		0.00	01/01/1992		No	
CENTRALES ELECTRICAS DE NARIÑO S.A. E.S.P.	JARDINERA  JAMONDINO 1 115 kV	115.0	47.00	300	900	330	0.0886	0.5073	3.5000	0.4360	1.2820	2.5230	Str		0.00	31/10/2018		No	
CENTRALES ELECTRICAS DE NARIÑO S.A. E.S.P.	JUNIN (NARIÑO)  JARDINERA 1 115 kV	115.0	67.00	200	900	260	0.0886	0.5073	3.5000	0.4360	1.2820	2.5230	Str		0.00	31/10/2018		No	
CENTRALES ELECTRICAS DE NARIÑO S.A. E.S.P.	PANAMERICANA  JAMONDINO 1 115 kV	115.0	57.00	300	450	360	0.1759	0.4605	3.6000	0.4930	1.5060	2.4200	Str		0.00	01/01/1992		No	
CENTRALES ELECTRICAS DE NARIÑO S.A. E.S.P.	PASTO  SAN MARTIN 1 115 kV	115.0	41.00	300	330	360	0.1390	0.4813	3.4000	0.3845	1.6099	2.3820	Str		0.00	29/01/2019		No	
CENTRALES ELECTRICAS DE NARIÑO S.A. E.S.P.	RIO MAYO  SAN MARTIN 1 115 kV	115.0	15.00	300	330	360	0.1390	0.4813	3.4000	0.3845	1.6099	2.3820	Str		0.00	29/01/2019		No	
CENTRALES ELECTRICAS DEL NORTE DE SANTANDER S.A. E.S.P.	AGUACHICA  BUTURAMA 1 115 kV	115.0	1.50	260	670	260	0.1341	0.4843	3.4194	0.4254	1.5449	1.8857	Str		0.00	15/10/2018		No	
CENTRALES ELECTRICAS DEL NORTE DE SANTANDER S.A. E.S.P.	AYACUCHO  BUTURAMA 1 115 kV	115.0	43.70	480	661	480	0.1205	0.4928	3.3342	0.2885	1.6211	1.6900	Str	ACSR	477	15/10/2018		No	
CENTRALES ELECTRICAS DEL NORTE DE SANTANDER S.A. E.S.P.	AYACUCHO  CONVENCION 1 115 kV	115.0	37.89	480	530	480	0.1851	0.4869	3.3676	0.4764	1.5475	1.8698	Str	ORIOLE	336.4	05/05/1998		No	
CENTRALES ELECTRICAS DEL NORTE DE SANTANDER S.A. E.S.P.	BELEN (CUCUTA)  SAN MATEO (CUCUTA) 1 230 kV	230.0	9.20	800	860	860	0.0667	0.5181	3.3370	0.2890	0.9240	2.6960	Uso	ACSR DRAKE	795 MCM	01/01/1984		No	
CENTRALES ELECTRICAS DEL NORTE DE SANTANDER S.A. E.S.P.	BELEN (CUCUTA)  SEVILLA 1 115 kV	115.0	4.16	300	490	300	0.1859	0.4852	3.4061	0.4626	1.3712	2.0368	Str	OSTRICH	300	01/01/1980		No	
CENTRALES ELECTRICAS DEL NORTE DE SANTANDER S.A. E.S.P.	BELEN (CUCUTA)  SEVILLA 2 115 kV	115.0	4.16	400	530	400	0.1648	0.4773	3.4545	0.4416	1.3633	2.0524	Str		0.00	01/01/1975		No	
CENTRALES ELECTRICAS DEL NORTE DE SANTANDER S.A. E.S.P.	BUTURAMA  OCAÑA 1 115 KV	115.0	41.50	480	670	480	0.1341	0.4843	3.4194	0.4254	1.5449	1.8857	Str	PELICAN	477	15/10/2018		No	
CENTRALES ELECTRICAS DEL NORTE DE SANTANDER S.A. E.S.P.	CONVENCION  OCAÑA 1 115 kV	115.0	32.51	660	661	660	0.1209	0.4927	3.3617	0.4094	1.3655	1.9414	Str	ACSR HAWK	477 MCM	07/10/2019		No	
CENTRALES ELECTRICAS DEL NORTE DE SANTANDER S.A. E.S.P.	CONVENCION  TIBU 1 115 kV	115.0	79.22	300	300	300	0.4291	0.5961	3.1767	0.7204	1.6567	1.8096	Str		0.00	01/01/1968		No	
CENTRALES ELECTRICAS DEL NORTE DE SANTANDER S.A. E.S.P.	LA INSULA (CUCUTA)  BELEN (CUCUTA) 1 115 kV	115.0	21.38	661	859	793.6	0.1210	0.4874	3.4078	0.3784	1.2775	1.9498	Str		0.00	06/07/2003		No	
CENTRALES ELECTRICAS DEL NORTE DE SANTANDER S.A. E.S.P.	LA INSULA (CUCUTA)  SAN MATEO (CUCUTA) 1 115 kV	115.0	13.60	800	910	800	0.0801	0.4583	3.6010	0.3714	1.5189	1.9395	Str		0.00	06/10/2006		No	
CENTRALES ELECTRICAS DEL NORTE DE SANTANDER S.A. E.S.P.	LA INSULA (CUCUTA)  ZULIA 1 115 kV	115.0	31.24	350	490	350	0.2092	0.4950	3.3216	0.5004	1.5556	1.8556	Str		0.00	01/01/2001		No	
CENTRALES ELECTRICAS DEL NORTE DE SANTANDER S.A. E.S.P.	SAN MATEO (CUCUTA)  COROZO 2 230 kV	230.0	9.20	753	753	753	0.1112	0.4193	4.5120	0.3400	1.5320	2.2000	Uso		0.00	13/03/1996		No	
CENTRALES ELECTRICAS DEL NORTE DE SANTANDER S.A. E.S.P.	TIBU  ZULIA 1 115 kV	115.0	68.34	300	490	300	0.2091	0.4951	3.3216	0.5004	1.5556	1.8556	Str		0.00	01/01/1962		No	
COMPAÑIA ENERGETICA DE OCCIDENTE S.A.S. ESP	CABAÑA (CAUCA)  PROPAL 1 115 kV	115.0	0.74	200	458	220	0.2379	0.5473	3.3930	0.6413	1.3181	2.1110	Str	ACSR	266.8	01/01/2001		No	
COMPAÑIA ENERGETICA DE OCCIDENTE S.A.S. ESP	JAMUNDI  PANCE 1 115 kV	115.0	11.27	590	590	649	0.1436	0.7623	4.0340	0.4204	1.3055	2.4880	Str	ACSR	397.5	30/06/2011		No	
COMPAÑIA ENERGETICA DE OCCIDENTE S.A.S. ESP	JAMUNDI  SANTANDER 1 115 kV	115.0	31.83	590	590	649	0.1411	0.4800	4.0340	0.4246	1.3690	2.4880	Str	ACSR	397.5	30/06/2011		No	
COMPAÑIA ENERGETICA DE OCCIDENTE S.A.S. ESP	PANCE  SANTANDER 2 115 kV	115.0	43.10	590	590	649	0.1429	0.4856	3.5960	0.4288	1.3832	1.8280	Str	ACSR	397.5	01/01/1973		No	
COMPAÑIA ENERGETICA DE OCCIDENTE S.A.S. ESP	PRINCIPAL (POPAYAN)  EL ZAQUE 1 115 kV	115.0	70.00	531	590	590	0.1301	0.4515	3.4180	0.2931	1.0906	2.0440	Str	ACSR	397.5	01/01/1969		No	
COMPAÑIA ENERGETICA DE OCCIDENTE S.A.S. ESP	PRINCIPAL (POPAYAN)  RIO MAYO 1 115 kV	115.0	104.00	400	590	440	0.1500	0.5054	3.4180	0.3893	1.4344	2.0440	Cnx	ACSR	397.5	01/01/1986		No	
COMPAÑIA ENERGETICA DE OCCIDENTE S.A.S. ESP	PRINCIPAL (POPAYAN)  SAN BERNARDINO 1 115 kV	115.0	17.00	590	590	649	0.1327	0.4184	1.7090	0.3328	1.0779	1.0220	Str	ACSR	397.5	01/01/1985		No	
COMPAÑIA ENERGETICA DE OCCIDENTE S.A.S. ESP	PRINCIPAL (POPAYAN)  SAN BERNARDINO 2 115 kV	115.0	17.00	590	590	649	0.1309	0.4193	1.7090	0.3278	1.0797	1.0220	Str	ACSR	397.5	01/01/1985		No	
COMPAÑIA ENERGETICA DE OCCIDENTE S.A.S. ESP	SAN BERNARDINO  SANTANDER 1 115 kV	115.0	62.00	590	590	600	0.1423	0.4667	3.4180	0.2734	1.0300	2.0440	Str	ACSR	397.5	01/01/1973		No	
COMPAÑIA ENERGETICA DE OCCIDENTE S.A.S. ESP	SAN BERNARDINO  SANTANDER 2 115 kV	115.0	62.00	500	590	550	0.1423	0.4636	3.4180	0.2462	0.9393	2.0440	Str	ACSR	397.5	01/01/1989		No	
COMPAÑIA ENERGETICA DE OCCIDENTE S.A.S. ESP	SANTANDER  CABAÑA (CAUCA) 1 115 kV	115.0	24.50	460	460	506	0.2379	0.5473	3.3900	0.6413	1.3181	2.1200	Str	ACSR	397.5	01/01/1989		No	
DESARROLLO ELÉCTRICO SURIA S.A.S. E.S.P.	LA REFORMA  SURIA (DELSUR) 1 230 KV	230.0	42.79	1440	1620	1440	0.0350	0.3870	4.5850	0.2790	0.9720	2.6700	Uso		0.00	13/06/2021		No	
DISTASA S.A. E.S.P.	SAN MATEO (CUCUTA)  TASAJERO 1 230 kV	230.0	18.75	860	860	860	0.0666	0.4946	3.3420	0.2890	0.9240	2.6960	Uso	ACSR DRAKE	795 MCM	01/01/1984		No	
ELECNORTE SAS ESP	CUESTECITAS  RIOHACHA 2 110 KV	110.0	61.79	691	691	691	0.0970	0.4910	3.4100	0.3110	1.0900	1.9000	Str		0.00	17/10/2020		No	
ELECNORTE SAS ESP	MAICAO  RIOHACHA 1 110 KV	110.0	76.51	691	691	691	0.0960	0.4850	3.4300	0.3460	1.1800	1.8600	Str		0.00	17/10/2020		No	
ELECTRIFICADORA DE SANTANDER S.A. E.S.P.	BARBOSA (SANTANDER)  PAIPA 1 115 kV	115.0	65.23	460	493	475	0.1958	0.5017	3.2720	0.5014	1.5144	1.8360	Str	ACSR	300	31/12/1982		No	
ELECTRIFICADORA DE SANTANDER S.A. E.S.P.	BARBOSA (SANTANDER)  SUAITA 1 115 kV	115.0	26.64	478	478	616	0.1180	0.4855	3.4200	0.2908	1.6380	2.0830	Str		0.00	28/09/2022		No	
ELECTRIFICADORA DE SANTANDER S.A. E.S.P.	BARBOSA (SANTANDER)  TSANTA ROSA 1 115 kV	115.0	39.41	360	589	360	0.1932	0.4110	2.7600	0.3407	1.2600	2.1170	Str		397.5	01/01/1975		No	
ELECTRIFICADORA DE SANTANDER S.A. E.S.P.	BARRANCA  BUENAVISTA 1 115 kV	115.0	12.12	530	530	690	0.1932	0.4128	2.7442	0.3407	1.2564	2.0130	Uso		336.4	16/04/2018		No	
ELECTRIFICADORA DE SANTANDER S.A. E.S.P.	BARRANCA  PUERTO WILCHES 1 115 kV	115.0	37.50	726	726	864	0.1051	0.4772	3.4227	0.2815	1.6233	1.5137	Str	DOVE	556.5	12/08/2013		No	
ELECTRIFICADORA DE SANTANDER S.A. E.S.P.	BARRANCA  PUERTO WILCHES 2 115 kV	115.0	34.10	500	543	625	0.1400	0.4860	3.4000	0.3200	1.6120	1.6300	Str		0.00	28/12/2019		No	
ELECTRIFICADORA DE SANTANDER S.A. E.S.P.	BARRANCA  SAN SILVESTRE 1 115 kV	115.0	8.61	530	530	600	0.1867	0.4914	3.3220	0.3636	1.4949	2.0160	Str	LINNET	336.4	01/01/2001		No	
ELECTRIFICADORA DE SANTANDER S.A. E.S.P.	BARRANCA  SOGAMOSO 1 230 kV	230.0	54.18	900	900	900	0.0801	0.4911	3.3380	0.2560	1.3980	2.1370	Uso		0.00	11/07/2014		No	
ELECTRIFICADORA DE SANTANDER S.A. E.S.P.	BUCARAMANGA  FLORIDA (BUCARAMANGA) 1 115 KV	115.0	1.65	792	792	1030	0.0901	0.4614	3.6051	0.4121	1.3980	1.7777	Str		0.00	30/11/2020		No	
ELECTRIFICADORA DE SANTANDER S.A. E.S.P.	BUCARAMANGA  LOS PALOS 1 230 kV	230.0	23.45	900	900	900	0.0788	0.4925	3.3140	0.2549	1.5566	2.7450	Uso	DRAKE	795	01/01/1989		No	
ELECTRIFICADORA DE SANTANDER S.A. E.S.P.	BUCARAMANGA  REAL DE MINAS 1 115 kV	115.0	8.68	530	530	600	0.2287	0.4757	3.1132	0.3973	1.4306	2.0338	Str	LINNET/PATRI	336.4/266.6	01/01/2001		No	
ELECTRIFICADORA DE SANTANDER S.A. E.S.P.	BUCARAMANGA  SOGAMOSO 1 230 kV	230.0	45.44	900	900	900	0.0801	0.4911	3.3380	0.2560	1.3980	2.1370	Uso		0.00	11/07/2014		No	
ELECTRIFICADORA DE SANTANDER S.A. E.S.P.	BUENAVISTA  LIZAMA 1 115 kV	115.0	36.49	530	530	690	0.1932	0.4128	2.7442	0.3407	1.2564	2.0130	Uso		336.4	16/04/2018		No	
ELECTRIFICADORA DE SANTANDER S.A. E.S.P.	CIMITARRA  TSANTA ROSA 1 115 kV	115.0	21.49	360	589	360	0.1932	0.4110	2.7600	0.3407	1.2600	2.1170	Str	LARK	397.5	01/01/1975		No	
ELECTRIFICADORA DE SANTANDER S.A. E.S.P.	CONUCO  FLORIDA (BUCARAMANGA) 1 115 kV	115.0	11.81	592	592	720	0.0653	0.4586	3.6356	0.5153	1.2494	2.4000	Str		0.00	01/03/2021		No	
ELECTRIFICADORA DE SANTANDER S.A. E.S.P.	CONUCO  TBOSCONIA 1 115 KV	115.0	9.52	592	592	720	0.1393	0.4814	3.4327	0.5892	1.2722	2.3103	Str		0.00	01/03/2021		No	
ELECTRIFICADORA DE SANTANDER S.A. E.S.P.	FLORIDA (BUCARAMANGA)  RIO FRIO 1 115 KV	115.0	3.58	584	584	600	0.1194	0.4784	3.4686	0.4721	1.3686	1.7688	Str		0.00	30/11/2020		No	
ELECTRIFICADORA DE SANTANDER S.A. E.S.P.	LIZAMA  SABANA DE TORRES 1 115 kV	115.0	33.11	589	589	720	0.1624	0.4126	2.7390	0.3098	1.2329	1.3100	Str		0.00	01/03/1995		No	
ELECTRIFICADORA DE SANTANDER S.A. E.S.P.	LOS PALOS  PRINCIPAL (BUCARAMANGA) 1 115 KV	115.0	3.98	592	592	600	0.1393	0.4814	3.4327	0.5892	1.2722	2.3103	Str		0.00	29/12/2020		No	
ELECTRIFICADORA DE SANTANDER S.A. E.S.P.	MESA DEL SOL  PIEDECUESTA 1 115 kV	115.0	23.90	458	458	458	0.2129	0.5171	3.1522	0.3899	1.6272	1.8016	Str		0.00	20/07/2023		No	
ELECTRIFICADORA DE SANTANDER S.A. E.S.P.	MESA DEL SOL  SAN GIL 1 115 kV	115.0	38.27	458	458	458	0.2129	0.5171	3.1522	0.3899	1.6272	1.8016	Str		0.00	20/07/2023		No	
ELECTRIFICADORA DE SANTANDER S.A. E.S.P.	OCAÑA  SAN ALBERTO 1 115 kV	115.0	59.90	324.8	530	530	0.1209	0.4881	3.3926	0.4472	1.6317	1.8939	Str		0.00	30/12/2021		No	
ELECTRIFICADORA DE SANTANDER S.A. E.S.P.	OIBA  SAN GIL 1 115 kV	115.0	45.16	478	478	616	0.1180	0.4855	3.4200	0.2908	1.6380	2.0830	Str		0.00	28/09/2022		No	
ELECTRIFICADORA DE SANTANDER S.A. E.S.P.	OIBA  SUAITA 1 115 kV	115.0	28.96	478	478	616	0.1180	0.4855	3.4200	0.2908	1.6380	2.0830	Str		0.00	28/09/2022		No	
ELECTRIFICADORA DE SANTANDER S.A. E.S.P.	PALENQUE  LIZAMA 1 115 kV	115.0	45.64	530	530	690	0.1932	0.4128	2.7442	0.3407	1.2564	2.0130	Str	LINNET	336.4	01/01/2001		No	
ELECTRIFICADORA DE SANTANDER S.A. E.S.P.	PALENQUE  LOS PALOS 1 115 kV	115.0	10.69	530	530	600	0.1933	0.4914	3.3190	0.3703	1.4950	2.1170	Str	LINNET	336.4	25/03/1990		No	
ELECTRIFICADORA DE SANTANDER S.A. E.S.P.	PALENQUE  SAN SILVESTRE 1 115 kV	115.0	80.16	530	530	690	0.1793	0.4785	3.0596	0.8680	1.3180	2.0886	Str	LINNET	336.4	06/06/2016		No	
ELECTRIFICADORA DE SANTANDER S.A. E.S.P.	PIEDECUESTA  RIO FRIO 1 115 KV	115.0	11.95	525	525	680	0.1365	0.5001	3.3130	0.2714	1.0608	2.2870	Str		0.00	30/11/2020		No	
ELECTRIFICADORA DE SANTANDER S.A. E.S.P.	PRINCIPAL (BUCARAMANGA)  TBOSCONIA 1 115 KV	115.0	3.05	592	592	720	0.1185	0.4779	3.4683	0.5684	1.2687	2.3263	Str		0.00	29/12/2020		No	
ELECTRIFICADORA DE SANTANDER S.A. E.S.P.	REAL DE MINAS  PALENQUE 1 115 kV	115.0	5.12	530	530	600	0.2144	0.4977	3.3209	0.3593	1.3351	2.1085	Str	LINNET/PATRI	336.4/266.6	01/01/2001		No	
ELECTRIFICADORA DE SANTANDER S.A. E.S.P.	SABANA DE TORRES  SAN ALBERTO 1 115 kV	115.0	44.56	589	589	720	0.1626	0.4603	3.5430	0.3394	1.5200	2.1370	Str		0.00	01/01/1999		No	
ELECTRIFICADORA DEL CAQUETA S.A. E.S.P.	ALTAMIRA  CENTRO (FLORENCIA) 1 115 kV	115.0	54.50	400	510	400	0.1906	0.4898	3.3940	0.5390	1.5200	2.3900	Str		0.00	06/04/1997		No	
ELECTRIFICADORA DEL CAQUETA S.A. E.S.P.	CENTRO (FLORENCIA)  DONCELLO 1 115 kV	115.0	57.00	300	593	330	0.1570	0.4870	3.3800	0.4220	1.7380	1.0000	Str		0.00	01/01/1986		No	
ELECTRIFICADORA DEL HUILA S.A. E.S.P.	ALTAMIRA  HOBO 1 115 kV	115.0	65.00	400	518	490	0.1906	0.4898	3.3940	0.5390	1.5200	2.3900	Str	ACSR	336.4	01/01/1974		No	
ELECTRIFICADORA DEL HUILA S.A. E.S.P.	ALTAMIRA  PITALITO 1 115 kV	115.0	40.00	400	683	458	0.1313	0.4902	3.3920	0.4141	1.6517	2.1610	Str		0.00	31/08/2001		No	
ELECTRIFICADORA DEL HUILA S.A. E.S.P.	ALTAMIRA  SEGOVIANAS 1 115 kV	115.0	39.32	400	538	480	0.1709	0.5149	3.2193	0.3252	1.1661	1.9691	Str		0.00	28/04/2023		No	
ELECTRIFICADORA DEL HUILA S.A. E.S.P.	BETANIA  EL BOTE 1 115 kV	115.0	30.00	400	593	458	0.1573	0.4969	3.4340	0.4050	1.6106	2.1340	Str		0.00	01/01/1983		No	
ELECTRIFICADORA DEL HUILA S.A. E.S.P.	BETANIA  HOBO 1 115 kV	115.0	20.00	400	575	458	0.1571	0.5002	3.3890	0.4113	1.6019	1.9270	Str	ACSR	336.4	01/01/1993		No	
ELECTRIFICADORA DEL HUILA S.A. E.S.P.	BETANIA  SUR 1 115 kV	115.0	29.28	400	595	458	0.1397	0.5043	3.2545	0.4360	1.3715	1.7578	Str		0.00	11/08/2014		No	
ELECTRIFICADORA DEL HUILA S.A. E.S.P.	BETANIA  TSEBORUCO 1 115 kV	115.0	3.00	400	593	458	0.1573	0.4969	3.4340	0.4050	1.6106	2.1340	Str		0.00	01/12/1998		No	
ELECTRIFICADORA DEL HUILA S.A. E.S.P.	EL BOTE  NATAGAIMA 1 115 kV	115.0	80.96	400	480	494	0.2065	0.5152	3.2295	0.4787	1.5341	1.9006	Str	ACSR	336.4	01/01/2001		No	
ELECTRIFICADORA DEL HUILA S.A. E.S.P.	EL BOTE  SUR 1 115 kV	115.0	10.00	400	518	458	0.1906	0.4898	3.3940	0.5390	1.5200	2.3900	Str	ACSR	336.4	01/01/1998		No	
ELECTRIFICADORA DEL HUILA S.A. E.S.P.	EL BOTE  TENAY 1 115 kV	115.0	18.00	400	530	458	0.1540	0.3976	0.0476	0.3438	1.3047	0.0286	Str		0.00	01/01/2001		No	
ELECTRIFICADORA DEL HUILA S.A. E.S.P.	EL BOTE  TSEBORUCO  1 115 kV	115.0	27.00	400	593	458	0.1573	0.4969	3.4340	0.4050	1.6106	2.1340	Str	ACSR	397.5	01/01/1990		No	
ELECTRIFICADORA DEL HUILA S.A. E.S.P.	ORIENTE (HUILA) SUR 1 115 kV	115.0	8.63	400	595	458	0.1397	0.5043	3.2545	0.4360	1.3715	1.7578	Str		0.00	07/04/2014		No	
ELECTRIFICADORA DEL HUILA S.A. E.S.P.	SEBORUCO  TSEBORUCO 1 115 kV	115.0	0.40	100	275	115	0.4153	0.7021	2.3290	0.5884	1.8726	1.5600	Str		0.00	01/01/2001		No	
ELECTRIFICADORA DEL META S.A. E.S.P.	BARZAL  LA REFORMA 1 115 kV	115.0	8.06	800	800	800	0.0953	0.4632	3.5172	0.3712	1.5541	2.1571	Str	ACSR	605MCM	06/02/1998		No	
ELECTRIFICADORA DEL META S.A. E.S.P.	BARZAL  OCOA 1 115 kV	115.0	8.84	593	593	593	0.1423	0.4629	3.6917	0.5482	1.4778	2.2012	Str		0.00	06/04/1997		No	
ELECTRIFICADORA DEL META S.A. E.S.P.	CAMPOBONITO  PUERTO GAITAN 1 115 kV	115.0	77.33	480	500	529	0.1683	0.4541	3.6202	0.5742	1.4690	2.1757	Str		0.00	11/06/2016		No	
ELECTRIFICADORA DEL META S.A. E.S.P.	CAMPOBONITO  PUERTO LOPEZ 1 115 kV	115.0	44.00	480	500	529	0.1683	0.4541	3.6202	0.5742	1.4690	2.1757	Str		0.00	11/06/2016		No	
ELECTRIFICADORA DEL META S.A. E.S.P.	GRANADA  OCOA 1 115 kV	115.0	67.00	593	593	593	0.1683	0.4541	3.6202	0.5742	1.4690	2.1757	Str		0.00	01/01/1972		No	
ELECTRIFICADORA DEL META S.A. E.S.P.	LA REFORMA  OCOA 1 115 kV	115.0	12.00	800	800	880	0.0953	0.4632	3.5172	0.3712	1.5541	2.1571	Str		0.00	01/01/2001		No	
ELECTRIFICADORA DEL META S.A. E.S.P.	LA REFORMA  OCOA 2 115 kV	115.0	12.00	800	800	880	0.0953	0.4632	3.5172	0.3712	1.5541	2.1571	Str		0.00	01/01/2001		No	
ELECTRIFICADORA DEL META S.A. E.S.P.	OCOA  SANTA HELENA 1 115 KV	115.0	30.68	475	505	505	0.1423	0.4629	3.6917	0.5482	1.4778	2.2012	Str		0.00	17/03/2020		No	
ELECTRIFICADORA DEL META S.A. E.S.P.	PUERTO LOPEZ  PUERTO GAITAN 1 115 KV	115.0	110.00	600	600	600	0.1260	0.5140	3.7520	0.4270	1.3310	2.2224	Str		0.00	23/12/2020		No	
ELECTRIFICADORA DEL META S.A. E.S.P.	PUERTO LOPEZ  SURIA 1 115 kV	115.0	56.38	475	505	505	0.1423	0.4629	3.6917	0.5482	1.4778	2.2012	Str		0.00	19/08/2009		No	
ELECTRIFICADORA DEL META S.A. E.S.P.	PUERTO LOPEZ  SURIA 2 115 kV	115.0	60.00	600	600	600	0.1200	0.4409	3.7521	0.5259	1.4558	2.2224	Str		0.00	18/12/2017		No	
ELECTRIFICADORA DEL META S.A. E.S.P.	SANTA HELENA  SURIA 1 115 KV	115.0	0.12	475	505	505	0.1423	0.4629	3.6917	0.5482	1.4778	2.2012	Str		0.00	17/03/2020		No	
EMPRESA DE ENERGÍA DE ARAUCA E.S.P.	BANADIA  TAME 1 115 kV	115.0	60.00	276	528	330	0.1909	0.4893	3.3870	0.5873	1.4180	2.3190	Str		0.00	30/11/1997		No	
EMPRESA DE ENERGIA DE BOYACA S.A. E.S.P.	ALTO RICAURTE  CHIQUINQUIRA 1 115 kV	115.0	29.00	480	480	480	0.1664	0.5061	3.2962	0.4737	1.4836	1.8562	Str		0.00	06/02/2018		No	
EMPRESA DE ENERGIA DE BOYACA S.A. E.S.P.	ALTO RICAURTE  CHIQUINQUIRA 2 115 kV	115.0	30.57	400	515	480	0.1230	0.5030	3.2730	0.3350	1.4700	1.7100	Str		0.00	22/12/2019		No	
EMPRESA DE ENERGIA DE BOYACA S.A. E.S.P.	ALTO RICAURTE  MUISCAS 1 115 kV	115.0	45.37	400	515	480	0.1740	0.5050	3.2550	0.3970	1.4940	1.7620	Str		0.00	22/12/2019		No	
EMPRESA DE ENERGIA DE BOYACA S.A. E.S.P.	ALTO RICAURTE  MUISCAS 2 115 kV	115.0	41.03	400	515	480	0.1230	0.4890	3.3730	0.3410	1.4890	1.7440	Str		0.00	22/12/2019		No	
EMPRESA DE ENERGIA DE BOYACA S.A. E.S.P.	ARGOS SOGAMOSO  SAN ANTONIO (BOYACA) 1 115 kV	115.0	3.60	529	528	529	0.2840	0.6770	3.2990	0.5640	2.2340	1.8740	Str		0.00	02/10/2018		No	
EMPRESA DE ENERGIA DE BOYACA S.A. E.S.P.	BARBOSA (SANTANDER)  CHIQUINQUIRA 1 115 kV	115.0	45.00	400	493	457	0.1958	0.5017	3.2720	0.5014	1.5144	1.8360	Str		0.00	31/12/1995		No	
EMPRESA DE ENERGIA DE BOYACA S.A. E.S.P.	BELENCITO  SAN ANTONIO (BOYACA) 1 115 kV	115.0	2.19	522	522	522	0.2032	0.4907	3.3929	0.6036	1.3499	1.8849	Str		0.00	31/12/1988		No	
EMPRESA DE ENERGIA DE BOYACA S.A. E.S.P.	BOAVITA  EL HUCHE 1 115 kV	115.0	48.00	100	120	120	0.1952	0.4958	3.3200	0.5845	1.3722	2.1206	Str		0.00	26/02/2018		No	
EMPRESA DE ENERGIA DE BOYACA S.A. E.S.P.	BOAVITA  EL HUCHE 2 115 kV	115.0	43.00	600	720	720	0.0914	0.4799	3.4614	0.3891	1.5127	1.7480	Str		0.00	26/11/2019		No	
EMPRESA DE ENERGIA DE BOYACA S.A. E.S.P.	CHIQUINQUIRA  SAN PABLO 1 115 kV	115.0	50.00	640	640	640	0.1488	0.4004	2.8902	0.5289	1.1556	1.7278	Str		0.00	31/12/2022		No	
EMPRESA DE ENERGIA DE BOYACA S.A. E.S.P.	CHIVOR  TUNJITA 1 115 kV	115.0	26.50	529	720	720	0.1746	0.4841	3.6700	0.4763	1.5057	1.8488	Str		0.00	18/12/2017		No	
EMPRESA DE ENERGIA DE BOYACA S.A. E.S.P.	COCORNA  PUERTO BOYACA 1 115 kV	115.0	6.15	400	493	480	0.1958	0.4959	3.3280	0.6192	1.4726	2.0540	Str		0.00	31/12/1992		No	
EMPRESA DE ENERGIA DE BOYACA S.A. E.S.P.	DIACO (BOYACA)  TDIACO (BOYACA) 1 115 kV	115.0	2.35	400	522	480	0.2030	0.4970	3.3000	0.4790	1.5710	1.8000	Str		0.00	31/12/1995		No	
EMPRESA DE ENERGIA DE BOYACA S.A. E.S.P.	DUITAMA (HIGUERAS)  SOCHAGOTA 1 115 kV	115.0	17.93	522	522	522	0.1747	0.4841	3.4310	0.4790	1.5348	1.8790	Str	ACSR	336.4	18/02/2017		No	
EMPRESA DE ENERGIA DE BOYACA S.A. E.S.P.	DUITAMA (HIGUERAS)  SUAMOX 1 115 kV	115.0	18.29	522	522	522	0.1748	0.4841	3.4312	0.4797	1.5348	1.8789	Str		0.00	30/08/2019		No	
EMPRESA DE ENERGIA DE BOYACA S.A. E.S.P.	EL HUCHE  SAN ANTONIO (BOYACA) 1 115 kV	115.0	32.00	493	493	493	0.1952	0.4958	3.3200	0.5845	1.3722	2.1206	Str		0.00	26/02/2018		No	
EMPRESA DE ENERGIA DE BOYACA S.A. E.S.P.	EL HUCHE  SAN ANTONIO (BOYACA) 2 115 kV	115.0	36.00	600	720	720	0.0851	0.4445	3.4418	0.3806	1.4794	1.8123	Str		0.00	26/11/2019		No	
EMPRESA DE ENERGIA DE BOYACA S.A. E.S.P.	GUATEQUE  JENESANO 1 115 KV	115.0	44.23	563	563	563	0.1166	0.4862	3.4970	0.4240	1.4635	1.9619	Str	ACAR	500 KCM	28/12/2020		No	
EMPRESA DE ENERGIA DE BOYACA S.A. E.S.P.	GUATEQUE  SESQUILE 1 115 kV	115.0	43.00	355	355	390	0.2300	0.5370	3.1811	0.5240	1.4930	1.8921	Str		0.00	31/12/1989		No	
EMPRESA DE ENERGIA DE BOYACA S.A. E.S.P.	GUATEQUE  TUNJITA 1 115 kV	115.0	13.61	355	355	390	0.2380	0.5690	3.1811	0.5520	1.5900	1.8921	Str		0.00	31/10/2014		No	
EMPRESA DE ENERGIA DE BOYACA S.A. E.S.P.	HOLCIM  SUAMOX 1 115 kV	115.0	2.68	522	522	522	0.1746	0.4841	3.4230	0.4763	1.1506	1.8490	Str		0.00	30/08/2019		No	
EMPRESA DE ENERGIA DE BOYACA S.A. E.S.P.	HOLCIM  TBAVARIA 1 115 kV	115.0	10.03	522	522	522	0.1746	0.4841	3.4230	0.4763	1.5056	1.8490	Str		0.00	31/12/1988		No	
EMPRESA DE ENERGIA DE BOYACA S.A. E.S.P.	JENESANO  MUISCAS 1 115 KV	115.0	29.71	563	563	563	0.0919	0.3749	5.1790	0.3941	1.3854	2.0628	Str		0.00	28/12/2020		No	
EMPRESA DE ENERGIA DE BOYACA S.A. E.S.P.	LA RAMADA  SIDENAL 1 115 kV	115.0	1.37	516	516	516	0.1901	0.4740	3.3020	0.4862	1.4948	1.8160	Str		0.00	31/12/1989		No	
EMPRESA DE ENERGIA DE BOYACA S.A. E.S.P.	MUISCAS  PAIPA 1 115 kV	115.0	30.89	400	685	480	0.4870	0.4870	3.3950	0.3300	1.4830	1.9240	Str		0.00	22/12/2019		No	
EMPRESA DE ENERGIA DE BOYACA S.A. E.S.P.	MUISCAS  TUNJA (DONATO) 1 115 kV	115.0	3.29	400	515	480	0.1750	0.4840	3.4380	0.4130	1.5230	1.8350	Str		0.00	22/12/2019		No	
EMPRESA DE ENERGIA DE BOYACA S.A. E.S.P.	MUISCAS  TUNJA (DONATO) 2 115 kV	115.0	3.49	400	515	480	0.1150	0.4660	3.5810	0.4350	1.5120	1.8440	Str		0.00	22/12/2019		No	
EMPRESA DE ENERGIA DE BOYACA S.A. E.S.P.	PAIPA  DIACO (BOYACA) 1 115 kV	115.0	10.20	400	522	480	0.2030	0.4970	3.3000	0.4790	1.5710	1.8000	Str		0.00	31/12/1985		No	
EMPRESA DE ENERGIA DE BOYACA S.A. E.S.P.	PAIPA  SOCHAGOTA 1 115 kV	115.0	5.58	522	522	522	0.1747	0.4841	3.4310	0.4790	1.5348	1.8790	Str	ACSR	336.4	18/02/2017		No	
EMPRESA DE ENERGIA DE BOYACA S.A. E.S.P.	PAIPA  SOCHAGOTA 2 115 kV	115.0	7.12	600	760	720	0.0935	0.4700	3.5801	0.3984	1.5207	1.9227	Str	ACAR	650	18/02/2017		No	
EMPRESA DE ENERGIA DE BOYACA S.A. E.S.P.	PAIPA  TBAVARIA (BOYACA) 1 115 kV	115.0	19.16	522	522	522	0.1746	0.4836	3.4230	0.4763	1.5056	1.8490	Str		0.00	31/12/1988		No	
EMPRESA DE ENERGIA DE BOYACA S.A. E.S.P.	PAIPA  TDIACO (BOYACA) 1 115 kV	115.0	7.98	400	522	480	0.1746	0.4840	3.4000	0.4763	1.5050	1.8490	Str		0.00	31/12/1985		No	
EMPRESA DE ENERGIA DE BOYACA S.A. E.S.P.	PUERTO BOYACA  VASCONIA 1 115 kV	115.0	11.47	400	493	240	0.1958	0.4959	3.3280	0.6192	1.4726	2.0540	Str		0.00	31/12/1989		No	
EMPRESA DE ENERGIA DE BOYACA S.A. E.S.P.	SAN ANTONIO (BOYACA)  LA RAMADA 1 115 kV	115.0	3.50	522	522	522	0.1903	0.5228	1.9127	0.4490	1.7237	0.5802	Str		0.00	31/12/1989		No	
EMPRESA DE ENERGIA DE BOYACA S.A. E.S.P.	SAN ANTONIO (BOYACA)  SIDENAL 1 115 kV	115.0	1.94	516	516	516	0.1901	0.4740	3.3020	0.4862	1.4948	1.8160	Str		0.00	31/12/1989		No	
EMPRESA DE ENERGIA DE BOYACA S.A. E.S.P.	SAN ANTONIO (BOYACA)  SOCHAGOTA 1 115 kV	115.0	28.77	600	600	600	0.0935	0.4700	3.5801	0.3984	1.5207	1.9227	Str	ACAR	650	18/02/2017		No	
EMPRESA DE ENERGIA DE BOYACA S.A. E.S.P.	SAN ANTONIO (BOYACA)  SUAMOX 1 115 kV	115.0	0.85	522	522	522	0.1747	0.4841	3.4312	0.4796	1.5348	1.8789	Str		0.00	30/08/2019		No	
EMPRESA DE ENERGIA DE BOYACA S.A. E.S.P.	SAN ANTONIO (BOYACA)  TOQUILLA 1 115 kV	115.0	29.50	720	720	800	0.1063	0.4667	3.5715	0.4112	1.5174	1.9202	Str		0.00	30/12/2021		No	
EMPRESA DE ENERGIA DE BOYACA S.A. E.S.P.	SANTA MARIA  TUNJITA 1 115 kV	115.0	19.19	355	355	390	0.2380	0.5690	3.1811	0.5520	1.5900	1.8921	Str		0.00	31/10/2014		No	
EMPRESA DE ENERGIA DE BOYACA S.A. E.S.P.	SUAMOX  BELENCITO 1 115 kV	115.0	1.91	522	522	522	0.2032	0.4907	3.3929	0.6036	1.3499	1.8849	Str		0.00	30/08/2019		No	
EMPRESA DE ENERGIA DE BOYACA S.A. E.S.P.	TDIACO  TUNJA (DONATO) 1 115 kV	115.0	22.69	400	522	480	0.2030	0.4970	3.3000	0.4790	1.5710	1.8000	Str		0.00	01/01/2001		No	
EMPRESA DE ENERGIA DE CASANARE S.A. E.S.P.	AGUACLARA  AGUAZUL 1 115 kV	115.0	77.50	500	530	530	0.1721	0.4894	3.5206	0.4388	1.2961	1.8581	Str		0.00	30/01/2014		No	
EMPRESA DE ENERGIA DE CASANARE S.A. E.S.P.	AGUACLARA  CHIVOR 1 115 kV	115.0	32.00	500	519	530	0.2080	0.4013	3.3590	0.4506	1.5230	1.8270	Str		0.00	01/08/2009		No	
EMPRESA DE ENERGIA DE CASANARE S.A. E.S.P.	AGUAZUL  YOPAL 1 115 kV	115.0	25.80	500	530	530	0.1736	0.4919	3.3549	0.6043	1.3775	1.8511	Str		0.00	25/07/2017		No	
EMPRESA DE ENERGIA DE CASANARE S.A. E.S.P.	LA YOPALOSA  PAZ DE ARIPORO 1 115 kV	115.0	54.50	100	530	120	0.1736	0.4919	3.3549	0.6043	1.3775	1.8511	Str		0.00	12/05/2022		No	
EMPRESA DE ENERGIA DE CASANARE S.A. E.S.P.	LA YOPALOSA  SAN LUIS DE PALENQUE 1 115 kV	115.0	69.80	106	453	180	0.2168	0.5200	3.1667	0.5713	1.4301	1.7342	Str		0.00	08/11/2022		No	
EMPRESA DE ENERGIA DE CASANARE S.A. E.S.P.	LA YOPALOSA  YOPAL 1 115 kV	115.0	32.00	100	530	120	0.1736	0.4919	3.3549	0.6043	1.3775	1.8511	Str		0.00	12/05/2022		No	
EMPRESA DE ENERGIA DE CASANARE S.A. E.S.P.	MORRO  YOPAL 1 115 kV	115.0	16.10	400	440	480	0.1666	0.4909	1.8269	0.3230	1.3554	0.6981	Str		0.00	14/11/2017		No	
EMPRESA DE ENERGIA DE CASANARE S.A. E.S.P.	MORRO  YOPAL 2 115 kV	115.0	16.10	400	440	480	0.1666	0.4909	1.8269	0.3230	1.3554	0.6981	Str		0.00	14/11/2017		No	
EMPRESA DE ENERGIA DE CASANARE S.A. E.S.P.	SAN ANTONIO (BOYACA)  YOPAL 1 115 kV	115.0	86.00	720	720	800	0.1063	0.4667	3.5715	0.4112	1.5174	1.9202	Str	ACSR	556.5	01/01/2001		No	
EMPRESA DE ENERGIA DE CASANARE S.A. E.S.P.	SAN LUIS DE PALENQUE  SANTA ROSALIA 1 115 kV	115.0	116.60	64.85	452.56	109.62	0.2168	0.5200	3.1667	0.6115	1.5166	1.6965	Str		0.00	30/03/2023		No	
EMPRESA DE ENERGIA DE CASANARE S.A. E.S.P.	TOQUILLA  YOPAL 1 115 kV	115.0	56.60	720	720	800	0.1063	0.4667	3.5715	0.4112	1.5174	1.9202	Str		0.00	30/12/2021		No	
EMPRESA DE ENERGIA DE PEREIRA S.A. E.S.P.	LA ROSA  CUBA 1 115 kV	115.0	7.80	480	527	672	0.1900	0.4976	3.4030	0.3676	1.5352	1.5120	Str	ACSR, LINNET	336.4 MCM	01/01/1980		No	
EMPRESA DE ENERGIA DEL BAJO PUTUMAYO S.A. E.S.P.	EL YARUMO  PUERTO CAICEDO 1 115 kV	115.0	29.00	200	365	240	0.1600	0.4900	3.3800	0.4200	1.7400	1.6900	Str		397.5	30/11/1992		No	
EMPRESA DE ENERGIA DEL BAJO PUTUMAYO S.A. E.S.P.	MOCOA (JUNIN)  PUERTO CAICEDO 1 115 kV	115.0	63.00	200	365	240	0.1600	0.4900	3.3800	0.4200	1.7400	1.6900	Str	ACSR	397.5	24/06/2000		No	
EMPRESA DE ENERGIA DEL QUINDIO S.A. E.S.P.	ARMENIA  TEBAIDA NUEVA 1 115 kV	115.0	17.00	455	455	500.5	0.1700	0.5175	3.1691	0.4301	1.5346	1.9210	Str		0.00	30/12/1998		No	
EMPRESA DE ENERGIA ELECTRICA DEL DEPARTAMENTO DEL GUAVIARE S.A. E.S.P.	GRANADA  SAN JOSE DEL GUAVIARE 1 115 kV	115.0	187.00	429	429	429	0.2053	0.4875	3.3270	0.3172	0.8850	2.3122	Str		336.4	06/10/2006		No	
EMPRESA DISTRIBUIDORA DEL PACIFICO S.A. E.S.P.	BARROSO  EL SIETE 1 110 kV	110.0	28.55	400	670	617	0.1208	0.4735	3.5187	0.2885	1.6888	2.0138	Str		0.00	30/11/2012		No	
EMPRESA DISTRIBUIDORA DEL PACIFICO S.A. E.S.P.	CERTEGUI  ISTMINA 1 115 kV	115.0	25.12	200	571	240	0.2081	0.4789	2.4930	0.5116	1.5920	1.6340	Str		0.00	01/01/1998		No	
EMPRESA DISTRIBUIDORA DEL PACIFICO S.A. E.S.P.	EL SIETE  QUIBDO 1 110 kV	110.0	69.52	400	660	660	0.1830	0.4701	3.4980	0.4865	1.5830	2.0130	Str		0.00	03/02/2000		No	
EMPRESA DISTRIBUIDORA DEL PACIFICO S.A. E.S.P.	LA VIRGINIA  CERTEGUI 1 115 kV	115.0	142.23	657	657	657	0.2848	0.4588	2.5780	0.5883	1.5720	1.6710	Str		0.00	29/03/2007		No	
EMPRESA DISTRIBUIDORA DEL PACIFICO S.A. E.S.P.	QUIBDO  CERTEGUI 1 115 kV	115.0	39.44	400	571	571	0.2081	0.4789	2.4930	0.5116	1.5920	2.4930	Str		0.00	01/01/1997		No	
EMPRESAS MUNICIPALES DE CALI E.I.C.E. E.S.P.	DIESEL II  JUANCHITO 1 115 kV	115.0	4.39	723.89	723.89	941.06	0.0720	0.4300	3.8940	0.3240	1.2180	2.1660	Str		0.00	11/10/2021		No	
EMPRESAS MUNICIPALES DE CALI E.I.C.E. E.S.P.	DIESEL II  JUANCHITO 2 115 kV	115.0	4.38	723.89	723.89	941.06	0.0720	0.4301	3.8944	0.3240	1.2175	2.1660	Str		0.00	03/03/2022		No	
EMPRESAS MUNICIPALES DE CALI E.I.C.E. E.S.P.	DIESEL II  SUR (CALI) 1 115 KV	115.0	3.26	723.89	723.89	941.06	0.0899	0.3901	4.2554	0.3928	1.5185	1.6084	Str		0.00	13/06/2021		No	
EMPRESAS MUNICIPALES DE CALI E.I.C.E. E.S.P.	GUACHAL  TERMOEMCALI 1 115 kV	115.0	0.12	1390	1670	1390	0.1500	0.5300	0.0000	1.8600	1.1700	0.0000	Str		0.00	06/09/2014		No	
EMPRESAS MUNICIPALES DE CALI E.I.C.E. E.S.P.	GUACHAL  TERMOEMCALI 2 115 kV	115.0	0.12	1390	1670	1390	0.1500	1.8600	0.0000	0.5300	1.1700	0.0000	Str		0.00	06/09/2014		No	
EMPRESAS MUNICIPALES DE CALI E.I.C.E. E.S.P.	MELENDEZ  SUR (CALI) 1 115 KV	115.0	4.35	723.89	723.89	941.06	0.0844	0.4124	4.0136	0.4018	1.4676	1.8099	Str		0.00	07/06/2021		No	
EMPRESAS PUBLICAS DE MEDELLIN E.S.P.	AMAGA  BOLOMBOLO 1 110 kV	110.0	17.70	430.4	670	670	0.1864	0.5332	3.0695	0.4727	1.5004	2.1359	Str		0.00	19/05/2000		No	
EMPRESAS PUBLICAS DE MEDELLIN E.S.P.	AMAGA  THISPANIA 1 110 kV	110.0	21.40	467	654	600	0.1287	0.4687	3.4964	0.3938	1.6004	1.7425	Str		0.00	23/06/2009		No	
EMPRESAS PUBLICAS DE MEDELLIN E.S.P.	AMALFI  EL SALTO (EPM) 1 110 kV	110.0	23.67	504.18	504.18	655.44	0.1180	0.4950	3.3170	0.4416	1.3630	1.7840	Str		0.00	11/09/2017		No	
EMPRESAS PUBLICAS DE MEDELLIN E.S.P.	AMALFI  LA CRUZADA 1 110 kV	110.0	54.25	500.22	500.22	650.29	0.1180	0.4950	3.3170	0.4390	1.3590	1.7840	Str		0.00	19/07/2018		No	
EMPRESAS PUBLICAS DE MEDELLIN E.S.P.	ANCON SUR (EPM)  AMAGA 1 110 kV	110.0	20.00	430.4	670	430.4	0.1287	0.4687	3.4964	0.3938	1.6004	1.7425	Str		0.00	01/01/1972		No	
EMPRESAS PUBLICAS DE MEDELLIN E.S.P.	ANCON SUR (EPM)  AMAGA 2 110 kV	110.0	20.00	419.9	530	419.9	0.1287	0.4687	3.4964	0.3938	1.6004	1.7425	Str		0.00	06/01/2001		No	
EMPRESAS PUBLICAS DE MEDELLIN E.S.P.	ANCON SUR (EPM)  ANCON SUR (ISA) 1 220 kV	220.0	0.38	1050	1250	1365	0.0585	0.4880	3.4174	0.3297	1.4593	1.9442	Uso		0.00	21/11/1989		No	
EMPRESAS PUBLICAS DE MEDELLIN E.S.P.	ANCON SUR (EPM)  BELEN (ANTIOQUIA) 1 110 kV	110.0	20.10	630	900	819	0.0798	0.4594	3.6339	0.3542	1.5568	2.0083	Str		0.00	01/01/1993		No	
EMPRESAS PUBLICAS DE MEDELLIN E.S.P.	ANCON SUR (EPM)  ENVIGADO 1 110 kV	110.0	5.70	467	667	467	0.1342	0.4374	3.8347	0.4073	1.5970	1.7548	Str		0.00	01/01/1993		No	
EMPRESAS PUBLICAS DE MEDELLIN E.S.P.	ANCON SUR (EPM)  GUAYABAL 1 110 kV	110.0	10.00	467	667	467	0.1342	0.4374	3.8347	0.4073	1.5970	1.7548	Str		0.00	01/01/1983		No	
EMPRESAS PUBLICAS DE MEDELLIN E.S.P.	ANCON SUR (EPM)  GUAYABAL 1 220 kV	220.0	24.64	1000	1004	1168.6	0.0530	0.4860	3.4640	0.2270	1.8350	2.3080	Uso		0.00	23/09/2017		No	
EMPRESAS PUBLICAS DE MEDELLIN E.S.P.	ANCON SUR (EPM)  MIRAFLORES 1 220 kV	220.0	20.00	777	777	1010	0.0585	0.4913	3.3698	0.3215	1.4574	2.0267	Uso		0.00	01/10/1989		No	
EMPRESAS PUBLICAS DE MEDELLIN E.S.P.	ANCON SUR (ISA)  ANCON SUR (EPM) 2 220 kV	220.0	0.38	1050	1250	1365	0.0585	0.4880	3.4174	0.3297	1.4593	1.9442	Uso		0.00	21/11/1989		No	
EMPRESAS PUBLICAS DE MEDELLIN E.S.P.	APARTADO  CAUCHERAS 1 110 kV	110.0	67.94	467	661	607	0.1287	0.4687	3.4964	0.4089	1.5803	1.7386	Str		0.00	03/12/2004		No	
EMPRESAS PUBLICAS DE MEDELLIN E.S.P.	APARTADO  NUEVA COLONIA 1 110 kV	110.0	18.30	524	615	762	0.1430	0.4850	3.4129	0.4478	1.4588	1.9074	Str		0.00	31/03/2023		No	
EMPRESAS PUBLICAS DE MEDELLIN E.S.P.	APARTADO  URABA 1 110 kV	110.0	22.00	409.41	670	409.41	0.1287	0.4687	3.4964	0.4089	1.5803	1.7386	Str		0.00	01/01/1999		No	
EMPRESAS PUBLICAS DE MEDELLIN E.S.P.	BACATA  NUEVA ESPERANZA 1 500 kV	500.0	45.90	2500	2500	3000	0.0290	0.3510	5.0860	0.2500	0.9760	3.1180	Uso		0.00	12/05/2017		No	
EMPRESAS PUBLICAS DE MEDELLIN E.S.P.	BARBOSA (ANTIOQUIA)  EL SALTO (EPM) 1 110 kV	110.0	45.00	467	667	607.1	0.1318	0.4787	3.4793	0.4062	1.5760	1.9612	Str		0.00	01/01/1962		No	
EMPRESAS PUBLICAS DE MEDELLIN E.S.P.	BARBOSA (ANTIOQUIA)  EL SALTO (EPM) 1 220 kV	220.0	44.50	915	915	1190	0.0555	0.4821	3.3812	0.3176	1.3533	2.0015	Uso		0.00	01/08/1999		No	
EMPRESAS PUBLICAS DE MEDELLIN E.S.P.	BARBOSA (ANTIOQUIA)  GIRARDOTA 1 110 kV	110.0	15.80	467	667	607.1	0.1318	0.4787	3.4793	0.4088	1.5870	1.9472	Str		0.00	01/01/2001		No	
EMPRESAS PUBLICAS DE MEDELLIN E.S.P.	BARBOSA (ANTIOQUIA)  GUADALUPE IV 1 220 kV	220.0	51.33	777	777	1010	0.0585	0.4880	3.4174	0.3297	1.4593	1.9442	Uso		0.00	01/01/1985		No	
EMPRESAS PUBLICAS DE MEDELLIN E.S.P.	BARBOSA (ANTIOQUIA)  GUATAPE 1 220 kV	220.0	36.60	777	777	1010	0.0585	0.4880	3.4174	0.3297	1.4593	1.9442	Uso		0.00	01/09/1985		No	
EMPRESAS PUBLICAS DE MEDELLIN E.S.P.	BARBOSA (ANTIOQUIA)  LA TASAJERA 1 220 kV	220.0	14.50	805	832	1047	0.0487	0.4804	3.4711	0.3200	1.4496	1.9620	Uso		0.00	01/10/1993		No	
EMPRESAS PUBLICAS DE MEDELLIN E.S.P.	BARBOSA (ANTIOQUIA)  MIRAFLORES 1 220 kV	220.0	53.20	777	777	1010	0.0585	0.4880	3.4174	0.3297	1.4593	1.9442	Uso		0.00	01/09/1985		No	
EMPRESAS PUBLICAS DE MEDELLIN E.S.P.	BARBOSA (ANTIOQUIA)  PORCE II (EEPPM) 1 220 kV	220.0	52.10	915	296	920	0.0560	0.4896	3.4192	0.3314	1.5766	2.0328	Uso		0.00	06/01/2001		No	
EMPRESAS PUBLICAS DE MEDELLIN E.S.P.	BARROSO  BOLOMBOLO 1 110 kV	110.0	11.95	561	670	617	0.1208	0.4735	3.5187	0.2885	1.6888	2.0138	Str		0.00	30/11/2012		No	
EMPRESAS PUBLICAS DE MEDELLIN E.S.P.	BELEN (ANTIOQUIA)  EL RODEO 1 110 kV	110.0	7.10	630	900	819	0.0798	0.4594	3.6339	0.3542	1.5568	2.0083	Str		0.00	01/01/1994		No	
EMPRESAS PUBLICAS DE MEDELLIN E.S.P.	BELEN (ANTIOQUIA)  OCCIDENTE 1 110 kV	110.0	15.00	630	900	819	0.0798	0.4594	3.6339	0.3542	1.5568	2.0083	Str		0.00	01/01/1993		No	
EMPRESAS PUBLICAS DE MEDELLIN E.S.P.	BELLO  CASTILLA 1 110 kV	110.0	7.89	467	667	607.1	0.1318	0.4787	3.4793	0.4062	1.5760	1.9612	Str		0.00	01/01/1993		No	
EMPRESAS PUBLICAS DE MEDELLIN E.S.P.	BELLO  CASTILLA 2 110 kV	110.0	7.89	467	667	607.1	0.1318	0.4787	3.4793	0.4062	1.5760	1.9612	Str		0.00	01/01/1993		No	
EMPRESAS PUBLICAS DE MEDELLIN E.S.P.	BELLO  CENTRAL 1 110 kV	110.0	12.08	467	667	607.1	0.1318	0.4787	3.4793	0.4062	1.5760	1.9612	Str		0.00	01/01/1985		No	
EMPRESAS PUBLICAS DE MEDELLIN E.S.P.	BELLO  CENTRAL 2 110 kV	110.0	12.08	467	667	607.1	0.1318	0.4787	3.4793	0.4062	1.5760	1.9612	Str		0.00	01/01/1995		No	
EMPRESAS PUBLICAS DE MEDELLIN E.S.P.	BELLO  EL SALTO (EPM) 1 220 kV	220.0	68.20	915	915	1190	0.0585	0.4895	3.3945	0.3258	1.4584	1.9837	Uso		0.00	01/01/2001		No	
EMPRESAS PUBLICAS DE MEDELLIN E.S.P.	BELLO  GUAYABAL 1 220 kV	220.0	22.85	1000	1004	1168.6	0.0530	0.4990	3.3270	0.2240	1.7040	1.9940	Uso		0.00	23/09/2017		No	
EMPRESAS PUBLICAS DE MEDELLIN E.S.P.	BELLO  LA TASAJERA 1 220 kV	220.0	16.00	915	915	1190	0.0585	0.4913	3.3698	0.3215	1.4574	2.0267	Uso		0.00	27/02/1999		No	
EMPRESAS PUBLICAS DE MEDELLIN E.S.P.	BELLO  RIOGRANDE 1 110 kV	110.0	36.00	467	667	607.1	0.1318	0.4787	3.4793	0.4062	1.5760	1.9612	Str		0.00	01/01/1952		No	
EMPRESAS PUBLICAS DE MEDELLIN E.S.P.	BOLOMBOLO  THISPANIA 1 110 kV	110.0	4.10	467	654	600	0.1287	0.4687	3.4964	0.3938	1.6004	1.7425	Str		0.00	23/06/2009		No	
EMPRESAS PUBLICAS DE MEDELLIN E.S.P.	CALDERAS  SAN LORENZO 1 110 kV	110.0	17.99	467	667	607.1	0.1208	0.4678	3.5426	0.5008	1.7812	2.0486	Str		0.00	28/03/2014		No	
EMPRESAS PUBLICAS DE MEDELLIN E.S.P.	CALIZAS  SAN LORENZO 1 110 kV	110.0	49.65	467	607	607	0.1287	0.4792	3.4480	0.4102	1.5682	1.8600	Str		0.00	03/08/2018		No	
EMPRESAS PUBLICAS DE MEDELLIN E.S.P.	CALIZAS  SAN LORENZO 2 110 kV	110.0	25.27	586	765	735	0.1211	0.4864	3.3878	0.3601	1.3250	1.7517	Str		0.00	13/08/2021		No	
EMPRESAS PUBLICAS DE MEDELLIN E.S.P.	CASA MAQUINAS PORCE III  PORCE III 1 500 kV	500.0	5.50	878	970	1100	0.0218	0.3203	5.1500	0.1643	0.7348	3.4100	Cnx	ACAR	800	10/06/2011		No	
EMPRESAS PUBLICAS DE MEDELLIN E.S.P.	CASA MAQUINAS PORCE III  PORCE III 2 500 kV	500.0	5.60	878	970	1100	0.0218	0.3203	5.1500	0.1643	0.7348	3.4100	Cnx	ACAR	800	11/01/2011		No	
EMPRESAS PUBLICAS DE MEDELLIN E.S.P.	CAUCASIA  CERROMATOSO 1 110 kV	110.0	34.00	467	667	607.1	0.1318	0.4842	3.3950	0.3969	1.5689	1.8512	Str		0.00	01/01/2001		No	
EMPRESAS PUBLICAS DE MEDELLIN E.S.P.	CAUCASIA  CERROMATOSO 2 110 kV	110.0	34.80	467	667	607.1	0.1318	0.4842	3.3950	0.3969	1.5689	1.8512	Str		0.00	04/07/2017		No	
EMPRESAS PUBLICAS DE MEDELLIN E.S.P.	CAUCHERAS  CHORODO (FRONTINO) 1 110 kV	110.0	76.62	360	661	360	0.1287	0.4687	3.4964	0.4089	1.5803	1.7386	Str		0.00	03/12/2004		No	
EMPRESAS PUBLICAS DE MEDELLIN E.S.P.	CENTRAL  CASTILLA 1 110 kV	110.0	5.15	467	667	607.1	0.1318	0.4787	3.4793	0.4062	1.5760	1.9612	Str		0.00	01/01/1963		No	
EMPRESAS PUBLICAS DE MEDELLIN E.S.P.	CENTRAL  CASTILLA 2 110 kV	110.0	5.15	467	667	607.1	0.1318	0.4787	3.4793	0.4062	1.5760	1.9612	Str		0.00	01/01/1963		No	
EMPRESAS PUBLICAS DE MEDELLIN E.S.P.	CENTRAL  GUAYABAL 1 110 kV	110.0	5.03	467	667	607.1	0.1269	0.4499	10.7787	0.3929	1.4927	9.3853	Str		0.00	01/01/1963		No	
EMPRESAS PUBLICAS DE MEDELLIN E.S.P.	CENTRAL  GUAYABAL 2 110 kV	110.0	5.03	467	667	607.1	0.1269	0.4499	10.7787	0.3929	1.4927	9.3853	Str		0.00	01/01/1963		No	
EMPRESAS PUBLICAS DE MEDELLIN E.S.P.	COCORNA  LA SIERRA (ANTIOQUIA) 1 110 kV	110.0	28.50	613	579	745	0.1180	0.4882	3.3949	0.2924	1.8135	1.9475	Str		0.00	27/12/2017		No	
EMPRESAS PUBLICAS DE MEDELLIN E.S.P.	COCORNA  PUERTO NARE 1 110 kV	110.0	22.10	467	667	607.1	0.1318	0.4842	3.3950	0.3969	1.5689	1.8512	Str		0.00	01/01/1996		No	
EMPRESAS PUBLICAS DE MEDELLIN E.S.P.	COLOMBIA  BELEN (ANTIOQUIA) 1 110 kV	110.0	6.40	630	900	819	0.0798	0.4594	3.6339	0.3647	1.5645	1.8724	Str		0.00	01/01/1994		No	
EMPRESAS PUBLICAS DE MEDELLIN E.S.P.	COLOMBIA  CABAÑAS (MEDELLIN) 1 110 kV	110.0	12.00	630	630	819	0.0750	0.4595	3.6276	0.3637	1.6045	1.8682	Str		0.00	25/06/2004		No	
EMPRESAS PUBLICAS DE MEDELLIN E.S.P.	COLOMBIA  HORIZONTE 1 110 kV	110.0	4.50	630	900	819	0.0798	0.4594	3.6339	0.3542	1.5568	2.0083	Str		0.00	01/01/1992		No	
EMPRESAS PUBLICAS DE MEDELLIN E.S.P.	COLOMBIA  OCCIDENTE 1 110 kV	110.0	10.00	630	900	819	0.0798	0.4594	3.6339	0.3542	1.5568	2.0083	Str		0.00	01/01/1993		No	
EMPRESAS PUBLICAS DE MEDELLIN E.S.P.	CORDOVA (ANTIOQUIA)  MIRAFLORES 1 110 kV	110.0	15.00	467	611	607	0.1347	0.4840	3.4160	0.3969	1.5673	2.1487	Str		0.00	01/01/1970		No	
EMPRESAS PUBLICAS DE MEDELLIN E.S.P.	CORDOVA (ANTIOQUIA)  ORIENTE 1 110 kV	110.0	7.90	630	900	819	0.0814	0.4691	3.5860	0.3557	1.5665	1.9942	Str		0.00	01/01/1985		No	
EMPRESAS PUBLICAS DE MEDELLIN E.S.P.	CORDOVA (ANTIOQUIA)  RIONEGRO 1 110 kV	110.0	5.80	630	900	819	0.0814	0.4691	3.5860	0.3557	1.5665	1.9942	Str		0.00	01/01/1985		No	
EMPRESAS PUBLICAS DE MEDELLIN E.S.P.	EL SALTO (EPM)  EL TIGRE 1 110 kV	110.0	51.30	304.43	530	304.43	0.1864	0.5332	3.0695	0.4727	1.5004	2.1359	Str		0.00	01/01/1981		No	
EMPRESAS PUBLICAS DE MEDELLIN E.S.P.	EL SALTO (EPM)  PORCE (EADE) 1 110 kV	110.0	25.00	467	667	607.1	0.1342	0.4896	3.4298	0.4089	1.5870	1.9463	Str		0.00	03/09/1999		No	
EMPRESAS PUBLICAS DE MEDELLIN E.S.P.	EL SALTO (EPM)  PORCE II (EEPPM) 1 220 kV	220.0	10.90	915	296	920	0.0544	0.4917	3.3628	0.3302	1.5830	2.0127	Uso		0.00	06/01/2001		No	
EMPRESAS PUBLICAS DE MEDELLIN E.S.P.	EL SALTO (EPM)  TRONERAS 1 110 kV	110.0	2.70	320	457	416	0.2356	0.5059	3.2421	0.5007	1.5905	1.8095	Str		0.00	01/01/2001		No	
EMPRESAS PUBLICAS DE MEDELLIN E.S.P.	EL SALTO (EPM)  YARUMAL II 1 110 kV	110.0	29.00	467	660	607	0.1171	0.4722	3.4089	0.3693	1.5771	1.9694	Str		0.00	17/01/2012		No	
EMPRESAS PUBLICAS DE MEDELLIN E.S.P.	EL SALTO (EPM)  ZAMORA 1 110 kV	110.0	77.00	467	667	607.1	0.1342	0.4896	3.4298	0.4089	1.5870	1.9463	Str		0.00	01/01/1999		No	
EMPRESAS PUBLICAS DE MEDELLIN E.S.P.	EL TIGRE  LA CRUZADA 1 110 kV	110.0	26.50	467	661	607	0.1174	0.4844	3.4080	0.3520	1.5950	1.8860	Str		0.00	28/06/2012		No	
EMPRESAS PUBLICAS DE MEDELLIN E.S.P.	ENVIGADO  GUATAPE 1 220 kV	220.0	63.10	777	777	1010	0.0582	0.4843	3.4322	0.3296	1.4554	1.9492	Uso		0.00	01/01/1969		No	
EMPRESAS PUBLICAS DE MEDELLIN E.S.P.	ENVIGADO  ITAGUI 1 110 kV	110.0	5.90	630	900	819	0.0798	0.4594	3.6339	0.3541	1.5567	2.0144	Str		0.00	18/08/1998		No	
EMPRESAS PUBLICAS DE MEDELLIN E.S.P.	ENVIGADO  OCCIDENTE 1 220 kV	220.0	28.93	805	832	1047	0.0487	0.4804	3.4711	0.3200	1.4496	1.9620	Uso		0.00	28/10/1994		No	
EMPRESAS PUBLICAS DE MEDELLIN E.S.P.	ENVIGADO  ORIENTE 1 220 kV	220.0	26.40	777	777	1010	0.0582	0.4843	3.4322	0.3296	1.4554	1.9492	Uso		0.00	01/07/1988		No	
EMPRESAS PUBLICAS DE MEDELLIN E.S.P.	GIRARDOTA  PIEDRAS BLANCAS 1 110 kV	110.0	19.69	467	667	607.1	0.1318	0.4787	3.4793	0.4043	1.5292	2.1605	Str		0.00	01/01/1972		No	
EMPRESAS PUBLICAS DE MEDELLIN E.S.P.	GIRARDOTA  ZAMORA 1 110 kV	110.0	14.70	467	667	607.1	0.1342	0.4896	3.4298	0.4089	1.5870	1.9463	Str		0.00	01/01/1998		No	
EMPRESAS PUBLICAS DE MEDELLIN E.S.P.	GUADALUPE IV  EL SALTO (EPM) 1 220 kV	220.0	8.80	777	777	1010	0.0585	0.4913	3.3698	0.3215	1.4574	2.0267	Uso		0.00	02/09/1999		No	
EMPRESAS PUBLICAS DE MEDELLIN E.S.P.	GUADALUPE IV  OCCIDENTE 1 220 kV	220.0	81.20	777	777	1010	0.0535	0.4842	3.4446	0.3248	1.4544	1.9532	Uso		0.00	01/04/1998		No	
EMPRESAS PUBLICAS DE MEDELLIN E.S.P.	GUADALUPE IV  PORCE II (EEPPM) 1 220 kV	220.0	2.04	915	920	1190	0.0545	0.4939	3.3792	0.3317	1.5907	2.0218	Uso		0.00	01/01/2001		No	
EMPRESAS PUBLICAS DE MEDELLIN E.S.P.	GUATAPE  CALDERAS 1 110 kV	110.0	15.15	467	467	607.1	0.1318	0.4842	3.3953	0.3969	1.5689	1.8512	Str		0.00	01/01/1976		No	
EMPRESAS PUBLICAS DE MEDELLIN E.S.P.	GUATAPE  MIRAFLORES 1 220 kV	220.0	51.60	777	777	1010	0.0585	0.4880	3.4174	0.3297	1.4593	1.9442	Uso		0.00	01/03/1978		No	
EMPRESAS PUBLICAS DE MEDELLIN E.S.P.	GUATAPE  ORIENTE 1 220 kV	220.0	37.90	777	777	1010	0.0582	0.4843	3.4322	0.3296	1.4554	1.9492	Uso		0.00	01/07/1986		No	
EMPRESAS PUBLICAS DE MEDELLIN E.S.P.	GUATAPE  PLAYAS 1 110 kV	110.0	24.20	467	667	607.1	0.1318	0.4842	3.3950	0.3969	1.5689	1.8512	Str		0.00	01/02/1988		No	
EMPRESAS PUBLICAS DE MEDELLIN E.S.P.	GUATAPE  PLAYAS 1 220 kV	220.0	21.16	777	777	1010	0.0585	0.4880	3.4174	0.3297	1.4593	1.9442	Uso		0.00	01/02/1988		No	
EMPRESAS PUBLICAS DE MEDELLIN E.S.P.	GUAYABAL  ENVIGADO 1 110 kV	110.0	4.30	467	667	467	0.1342	0.4374	3.8347	0.4073	1.5970	1.7548	Str		0.00	01/01/1983		No	
EMPRESAS PUBLICAS DE MEDELLIN E.S.P.	GUAYABAL  POBLADO 1 110 kV	110.0	3.10	630	900	819	0.0798	0.4594	3.6339	0.3542	1.5568	2.0083	Str		0.00	01/01/2001		No	
EMPRESAS PUBLICAS DE MEDELLIN E.S.P.	GUAYABAL  SAN DIEGO 1 110 kV	110.0	5.10	630	900	819	0.0798	0.4594	3.6339	0.3542	1.5568	2.0083	Str		0.00	01/01/1984		No	
EMPRESAS PUBLICAS DE MEDELLIN E.S.P.	HELICONIA  OCCIDENTE 1 230 KV	230.0	32.45	805	805	1047	0.0460	0.4375	3.8825	0.3062	1.2872	2.3618	Uso		0.00	31/03/2020		No	
EMPRESAS PUBLICAS DE MEDELLIN E.S.P.	HIDROMONTAÑITAS  RIOGRANDE 1 110 kV	110.0	9.77	450	450	480	0.2080	0.4998	3.6020	0.7697	1.3002	1.8156	Str		0.00	07/06/2012		No	
EMPRESAS PUBLICAS DE MEDELLIN E.S.P.	HISPANIA  THISPANIA 1 110 kV	110.0	18.70	467	654	600	0.1287	0.4687	3.4964	0.3938	1.6004	1.7425	Str		0.00	23/06/2009		No	
EMPRESAS PUBLICAS DE MEDELLIN E.S.P.	HORIZONTE  ZAMORA 1 110 kV	110.0	6.50	630	900	819	0.0798	0.4594	3.6339	0.3542	1.5568	2.0083	Str		0.00	01/01/1993		No	
EMPRESAS PUBLICAS DE MEDELLIN E.S.P.	ITAGUI  EL RODEO 1 110 kV	110.0	7.00	630	900	819	0.0798	0.4594	3.6339	0.3542	1.5569	2.0071	Str		0.00	01/01/1983		No	
EMPRESAS PUBLICAS DE MEDELLIN E.S.P.	JEPIRACHI  PUERTO BOLIVAR 1 110 kV	110.0	8.80	120	663	120	0.1197	0.4500	3.7172	0.4546	1.4238	2.1707	Str		0.00	17/11/2003		No	
EMPRESAS PUBLICAS DE MEDELLIN E.S.P.	LA CEJA  SONSON 1 110 KV	110.0	49.10	585	800	618	0.1185	0.4777	3.4705	0.4591	1.3159	2.0540	Str		0.00	23/08/2017		No	
EMPRESAS PUBLICAS DE MEDELLIN E.S.P.	MIRAFLORES  PIEDRAS BLANCAS 1 110 kV	110.0	5.13	467	667	607.1	0.1318	0.4787	3.4793	0.4062	1.5760	1.9612	Str		0.00	01/01/1964		No	
EMPRESAS PUBLICAS DE MEDELLIN E.S.P.	MIRAFLORES  SAN DIEGO 1 110 kV	110.0	4.20	630	900	819	0.0798	0.4594	3.6339	0.3542	1.5568	2.0083	Str		0.00	01/01/1984		No	
EMPRESAS PUBLICAS DE MEDELLIN E.S.P.	MIRAFLORES  SAN DIEGO 2 110 kV	110.0	4.20	630	900	819	0.0798	0.4594	3.6339	0.3542	1.5568	2.0083	Str		0.00	01/01/1984		No	
EMPRESAS PUBLICAS DE MEDELLIN E.S.P.	MIRAFLORES  VILLA HERMOSA 1 110 kV	110.0	5.00	467	667	607.1	0.1318	0.4787	3.4793	0.4062	1.5760	1.9612	Str		0.00	01/01/1964		No	
EMPRESAS PUBLICAS DE MEDELLIN E.S.P.	MORICHE  PUERTO NARE 1 110 kV	110.0	7.23	305	440	305	0.2122	0.5096	3.2350	0.4431	1.6200	1.8760	Str		0.00	23/08/2012		No	
EMPRESAS PUBLICAS DE MEDELLIN E.S.P.	NUEVA COLONIA  URABA 1 110 kV	110.0	20.40	524	615	762	0.1200	0.4911	3.3613	0.4051	1.4575	1.8892	Str		0.00	31/03/2023		No	
EMPRESAS PUBLICAS DE MEDELLIN E.S.P.	NUEVA ESPERANZA  GUAVIO 1 230 kV	230.0	149.12	1448	1906	1882	0.0323	0.3734	4.5147	0.3763	1.3419	2.9261	Uso		0.00	09/02/2017		No	
EMPRESAS PUBLICAS DE MEDELLIN E.S.P.	NUEVA SANTA ROSA  RIOGRANDE 1 110 kV	110.0	14.63	535	721	535	0.1185	0.5200	3.4176	0.3743	1.5947	1.8782	Str		0.00	23/01/2022		No	
EMPRESAS PUBLICAS DE MEDELLIN E.S.P.	NUEVA SANTA ROSA  YARUMAL II 1 110 kV	110.0	38.40	535	721	535	0.1186	0.4832	3.4153	0.3725	1.5985	1.7925	Str		0.00	23/01/2022		No	
EMPRESAS PUBLICAS DE MEDELLIN E.S.P.	OCCIDENTE  CABAÑAS (MEDELLIN) 1 110 kV	110.0	5.87	630	630	819	0.0750	0.4595	3.6276	0.3637	1.6045	1.8682	Str		0.00	01/01/1995		No	
EMPRESAS PUBLICAS DE MEDELLIN E.S.P.	OCCIDENTE  LA TASAJERA 1 220 kV	220.0	23.06	805	832	1047	0.0487	0.4804	3.4711	0.3200	1.4496	1.9620	Uso		0.00	20/05/1994		No	
EMPRESAS PUBLICAS DE MEDELLIN E.S.P.	OCCIDENTE  SAN JERONIMO 1 110 kV	110.0	20.62	467	670	467	0.1192	0.4951	3.3922	0.4747	1.7609	1.7387	Str		0.00	01/01/1975		No	
EMPRESAS PUBLICAS DE MEDELLIN E.S.P.	OCCIDENTE  ZAMORA 1 110 kV	110.0	9.00	630	900	819	0.0798	0.4594	3.6339	0.3542	1.5568	2.0083	Str		0.00	01/01/1994		No	
EMPRESAS PUBLICAS DE MEDELLIN E.S.P.	ORIENTE  LA CEJA 1 110 kV	110.0	16.30	430.4	670	430.4	0.1287	0.4687	3.4964	0.3938	1.6004	1.7425	Str		0.00	16/09/1999		No	
EMPRESAS PUBLICAS DE MEDELLIN E.S.P.	ORIENTE  PLAYAS 1 220 kV	220.0	54.75	777	777	1010	0.0585	0.4880	3.4174	0.3297	1.4593	1.9442	Uso		0.00	01/02/1988		No	
EMPRESAS PUBLICAS DE MEDELLIN E.S.P.	ORIENTE  RIONEGRO 1 110 kV	110.0	2.10	630	900	819	0.0814	0.4691	3.5860	0.3557	1.5665	1.9942	Str		0.00	01/01/1985		No	
EMPRESAS PUBLICAS DE MEDELLIN E.S.P.	PIEDRAS BLANCAS  BELLO 1 110 kV	110.0	7.19	467	667	607.1	0.1318	0.4787	3.4793	0.4062	1.5760	1.9612	Str		0.00	01/01/1992		No	
EMPRESAS PUBLICAS DE MEDELLIN E.S.P.	PLAYAS  PUERTO NARE 1 110 kV	110.0	40.30	467	667	607.1	0.1318	0.4842	3.3950	0.3969	1.5689	1.8512	Str		0.00	01/01/1964		No	
EMPRESAS PUBLICAS DE MEDELLIN E.S.P.	POBLADO  SAN DIEGO 1 110 kV	110.0	6.80	630	900	819	0.0798	0.4594	3.6339	0.3542	1.5568	2.0083	Str		0.00	01/01/2001		No	
EMPRESAS PUBLICAS DE MEDELLIN E.S.P.	PUERTO NARE  PUERTO INMARCO 1 110 kV	110.0	10.20	467	667	607.1	0.1318	0.4842	3.3950	0.3969	1.5689	1.8512	Str		0.00	01/01/1979		No	
EMPRESAS PUBLICAS DE MEDELLIN E.S.P.	RIO CLARO  CALIZAS 1 110 kV	110.0	8.00	467	607	607	0.1318	0.4842	3.3950	0.3969	1.5689	1.8510	Str		0.00	03/08/2018		No	
EMPRESAS PUBLICAS DE MEDELLIN E.S.P.	RIO CLARO  COCORNA 1 110 kV	110.0	35.15	467	667	607	0.1318	0.4842	3.3950	0.3969	1.5689	1.8512	Str		0.00	11/10/1984		No	
EMPRESAS PUBLICAS DE MEDELLIN E.S.P.	RIOGRANDE  GIRARDOTA 1 110 kV	110.0	24.50	467	667	607.1	0.1318	0.4787	3.4793	0.4042	1.5292	2.1579	Str		0.00	12/01/2000		No	
EMPRESAS PUBLICAS DE MEDELLIN E.S.P.	SAN JERONIMO  STA FE DE ANTIOQUIA 1 110 kV	110.0	17.95	467	670	467	0.1267	0.4765	3.3922	0.3456	1.4092	1.7387	Str		0.00	01/01/1975		No	
EMPRESAS PUBLICAS DE MEDELLIN E.S.P.	SAN LORENZO  SONSON 1 110 kV	110.0	69.09	585	800	618	0.1182	0.4779	3.4607	0.4343	1.3462	1.8721	Str		0.00	26/03/2018		No	
EMPRESAS PUBLICAS DE MEDELLIN E.S.P.	STA FE DE ANTIOQUIA  CHORODO (FRONTINO) 1 110 kV	110.0	48.00	360	670	360	0.1287	0.4687	3.4964	0.4089	1.5803	1.7386	Str		0.00	01/01/1976		No	
EMPRESAS PUBLICAS DE MEDELLIN E.S.P.	VILLA HERMOSA  PIEDRAS BLANCAS 1 110 kV	110.0	4.13	467	667	607.1	0.1318	0.4787	3.4793	0.4062	1.5760	1.9612	Str		0.00	01/01/1970		No	
EMPRESAS PUBLICAS DE MEDELLIN E.S.P.	YARUMAL I  YARUMAL II 1 110 kV	110.0	0.95	240	365	312	0.3498	0.5242	3.1780	0.6149	1.6088	1.7893	Str		0.00	17/01/2012		No	
ENEL COLOMBIA SA ESP	ARANJUEZ  TORCA 1 115 kV	115.0	5.01	854	900	930	0.0953	0.4647	3.5426	0.3764	1.4261	2.0392	Str		0.00	01/01/1972		No	
ENEL COLOMBIA SA ESP	ARANJUEZ  USAQUEN 1 115 kV	115.0	5.31	800	813	920	0.0952	0.4647	3.5510	0.4204	1.5544	2.0470	Str		0.00	01/01/2001		No	
ENEL COLOMBIA SA ESP	AUTOPISTA  CASTELLANA 1 115 kV	115.0	4.35	854	900	930	0.0955	0.4600	3.5808	0.3049	1.3137	1.8947	Str		0.00	01/01/1973		No	
ENEL COLOMBIA SA ESP	AUTOPISTA  SUBA 1 115 kV	115.0	6.74	800	813	920	0.0956	0.4607	3.5788	0.4048	1.5786	1.8848	Str		0.00	01/01/1973		No	
ENEL COLOMBIA SA ESP	AUTOPISTA  TORCA 1 115 kV	115.0	8.84	800	813	920	0.0954	0.4609	3.5840	0.4047	1.5795	1.8904	Str		0.00	01/01/1973		No	
ENEL COLOMBIA SA ESP	AUTOPISTA  TORCA 2 115 kV	115.0	8.80	800	813	920	0.0954	0.4602	3.5831	0.3043	1.3177	1.9763	Str		0.00	01/01/1973		No	
ENEL COLOMBIA SA ESP	AVENIDA PRIMERA  CONCORDIA 1 115 kV	115.0	3.72	800	813	920	0.0939	0.4563	3.6833	0.3390	1.1974	2.3110	Str		0.00	18/12/2022		No	
ENEL COLOMBIA SA ESP	AVENIDA PRIMERA  SAN JOSE 1 115 kV	115.0	4.34	800	813	920	0.0939	0.4563	3.6833	0.3390	1.1974	2.3110	Str		0.00	18/12/2022		No	
ENEL COLOMBIA SA ESP	BACATA  CHIA 1 115 kV	115.0	21.80	800	800	900	0.0689	0.4487	3.6967	0.3694	1.4600	1.9054	Str		0.00	25/10/2007		No	
ENEL COLOMBIA SA ESP	BACATA  EL SOL 1 115 kV	115.0	36.07	800	800	900	0.0770	0.4541	3.6491	0.3875	1.4581	1.9300	Str		0.00	09/12/2007		No	
ENEL COLOMBIA SA ESP	BACATA  FLORIDA 1 115 kV	115.0	25.98	800	813	920	0.0586	0.4365	3.3658	0.3150	1.2594	1.9486	Str		0.00	05/11/2011		No	
ENEL COLOMBIA SA ESP	BACATA  SALITRE 1 115 kV	115.0	28.03	800	813	920	0.0726	0.4511	3.6749	0.3777	1.4589	1.9175	Str		0.00	09/12/2007		No	
ENEL COLOMBIA SA ESP	BACATA  SUBA 1 115 kV	115.0	21.42	813	935	976	0.0566	0.4408	3.7720	0.3424	1.4635	1.8663	Str		0.00	25/10/2007		No	
ENEL COLOMBIA SA ESP	BALSILLAS  COLEGIO 1 115 kV	115.0	24.29	800	813	920	0.0956	0.4715	3.5052	0.4835	1.4870	2.0110	Str		0.00	01/01/1966		No	
ENEL COLOMBIA SA ESP	BALSILLAS  FACATATIVA 1 115 kV	115.0	21.03	400	813	460	0.0957	0.4921	3.3441	0.4623	1.3326	2.1119	Str		0.00	01/01/1979		No	
ENEL COLOMBIA SA ESP	BALSILLAS  FONTIBON 1 115 kV	115.0	17.88	800	813	920	0.0958	0.4742	3.4853	0.4932	1.4721	1.9934	Str		0.00	01/01/1966		No	
ENEL COLOMBIA SA ESP	BALSILLAS  FONTIBON 2 115 kV	115.0	17.52	800	813	920	0.0956	0.4644	3.5572	0.4125	1.5346	1.9235	Str		0.00	25/01/2018		No	
ENEL COLOMBIA SA ESP	BALSILLAS  MOSQUERA 1 115 kV	115.0	4.77	800	813	920	0.0957	0.4737	3.4899	0.4358	1.4116	1.9808	Str		0.00	01/01/1974		No	
ENEL COLOMBIA SA ESP	BARZALOSA  FLANDES 1 115 kV	115.0	11.50	800	813	920	0.0950	0.5030	3.2800	0.5030	1.2500	1.9220	Str		0.00	29/12/2022		No	
ENEL COLOMBIA SA ESP	BARZALOSA  LA GUACA 1 115 kV	115.0	47.16	800	813	920	0.0950	0.5030	3.2800	0.5030	1.2500	1.9220	Str		0.00	29/12/2022		No	
ENEL COLOMBIA SA ESP	BOLIVIA  NOROESTE 1 115 kV	115.0	11.40	800	813	920	0.0953	0.3683	4.5289	0.4806	1.5463	2.5072	Str		0.00	01/01/1985		No	
ENEL COLOMBIA SA ESP	BOLIVIA  TIBABUYES 1 115 kV	115.0	3.57	800	813	920	0.0956	0.4653	4.5289	0.3891	1.4621	2.2412	Str		0.00	01/01/1977		No	
ENEL COLOMBIA SA ESP	BOSA  COMPARTIR 1 115 KV	115.0	8.75	800	920	920	0.0935	0.4427	3.5496	0.3332	1.2166	2.1304	Str		0.00	07/04/2020		No	
ENEL COLOMBIA SA ESP	BOSA  NUEVA ESPERANZA 2 115 kV	115.0	16.06	800	646	920	0.0936	0.4570	3.6608	0.3347	1.2552	2.1809	Str		0.00	01/01/1983		No	
ENEL COLOMBIA SA ESP	BOSA  PAVCO 1 115 kV	115.0	1.13	489	489	562.35	0.2138	0.4993	3.3214	0.5717	1.6315	1.8374	Str		0.00	01/01/1983		No	
ENEL COLOMBIA SA ESP	BOSA  TUNAL 1 115 kV	115.0	6.18	800	813	920	0.0958	0.4711	3.5068	0.4966	1.4750	1.9482	Str		0.00	01/01/1954		No	
ENEL COLOMBIA SA ESP	CALERA  TORCA 1 115 kV	115.0	12.27	800	813	920	0.0957	0.4921	3.3422	0.4650	1.3292	2.1096	Str		0.00	01/01/1973		No	
ENEL COLOMBIA SA ESP	CALERA  USAQUEN 1 115 kV	115.0	17.39	800	813	920	0.0952	0.4719	3.4939	0.4302	1.6176	2.0207	Str		0.00	01/01/2002		No	
ENEL COLOMBIA SA ESP	CALLE51  CARRERA QUINTA 1 115 kV	115.0	3.52	800	813	920	0.0952	0.4481	3.6629	0.4544	1.5765	2.0564	Str		0.00	01/01/1973		No	
ENEL COLOMBIA SA ESP	CALLE51  CASTELLANA 1 115 kV	115.0	7.69	800	813	920	0.0956	0.4705	3.5060	0.2734	1.1347	1.9778	Str		0.00	01/01/1973		No	
ENEL COLOMBIA SA ESP	CALLE67  CIRCO 1 115 kV	115.0	9.74	800	813	920	0.0956	0.4601	3.5909	0.3509	1.3214	1.9891	Str		0.00	01/01/2001		No	
ENEL COLOMBIA SA ESP	CALLE67  LA PAZ (BOGOTA) 1 115 kV	115.0	10.25	800	813	920	0.0955	0.4498	3.6673	0.3485	1.3792	1.9690	Str		0.00	29/03/2004		No	
ENEL COLOMBIA SA ESP	CANOAS  MUÑA 1 115 kV	115.0	7.06	400	813	460	0.0953	0.4582	3.5986	0.4483	1.6241	2.0349	Cnx		0.00	01/01/1969		No	
ENEL COLOMBIA SA ESP	CAQUEZA  LA REFORMA 1 115 kV	115.0	41.81	800	813	920	0.0954	0.4903	3.3687	0.4381	1.5933	2.1680	Str		0.00	01/01/2001		No	
ENEL COLOMBIA SA ESP	CAQUEZA  VICTORIA (BOGOTA) 1 115 kV	115.0	24.11	800	813	920	0.0955	0.4904	3.3689	0.4383	1.5934	2.1692	Str		0.00	01/01/2001		No	
ENEL COLOMBIA SA ESP	CARRERA QUINTA  CONCORDIA 1 115 kV	115.0	3.99	800	813	920	0.0956	0.4677	3.5262	0.3265	1.3162	1.9611	Str		0.00	01/01/1978		No	
ENEL COLOMBIA SA ESP	CASTELLANA  SALITRE 1 115 kV	115.0	6.18	800	813	920	0.0953	0.4490	3.6885	0.3987	1.4694	2.0779	Str		0.00	01/01/2001		No	
ENEL COLOMBIA SA ESP	CASTELLANA  TORCA 1 115 kV	115.0	13.08	800	813	920	0.0954	0.4603	3.5869	0.3038	1.3212	2.0249	Str		0.00	01/01/1973		No	
ENEL COLOMBIA SA ESP	CHIA  DIACO 1 115 kV	115.0	21.19	800	813	920	0.0957	0.4712	3.5074	0.4865	1.4630	1.9762	Str		0.00	31/03/2009		No	
ENEL COLOMBIA SA ESP	CHICALA  COLEGIO 1 115 kV	115.0	35.06	800	813	920	0.0958	0.4741	3.4874	0.4140	1.3393	2.0122	Str		0.00	30/05/2002		No	
ENEL COLOMBIA SA ESP	CHICALA  SALITRE 1 115 kV	115.0	14.30	800	813	920	0.0966	0.4779	3.5114	0.4046	1.3266	2.0035	Str		0.00	30/05/2002		No	
ENEL COLOMBIA SA ESP	CIRCO  CONCORDIA 1 115 kV	115.0	1.31	800	813	920	0.0955	0.4703	3.5249	0.2734	1.1296	1.9330	Str		0.00	01/01/1962		No	
ENEL COLOMBIA SA ESP	CIRCO  CONCORDIA 2 115 kV	115.0	1.31	800	813	920	0.0962	0.4719	3.4943	0.2745	1.1341	1.9476	Str		0.00	01/01/1962		No	
ENEL COLOMBIA SA ESP	CIRCO  CONCORDIA 3 115 kV	115.0	1.51	800	813	920	0.0962	0.4706	3.5352	0.4405	1.4178	1.9149	Str		0.00	01/01/1984		No	
ENEL COLOMBIA SA ESP	CIRCO  USME 1 115 kV	115.0	12.23	800	813	920	0.0949	0.4761	3.3824	0.4557	1.3274	1.9567	Str		0.00	12/09/2006		No	
ENEL COLOMBIA SA ESP	CIRCO  VICTORIA (BOGOTA) 1 115 kV	115.0	8.79	800	813	920	0.0956	0.4703	3.5051	0.2729	1.1393	1.9980	Str		0.00	01/01/1962		No	
ENEL COLOMBIA SA ESP	COLEGIO  LA GUACA 1 115 kV	115.0	4.53	800	813	920	0.0955	0.5033	3.2772	0.5266	1.3694	2.2872	Str		0.00	01/01/1977		No	
ENEL COLOMBIA SA ESP	COLEGIO  LAGUNETA 1 115 kV	115.0	11.71	800	813	920	0.0955	0.4714	3.4998	0.4843	1.4860	2.0017	Str		0.00	01/01/1965		No	
ENEL COLOMBIA SA ESP	COLEGIO  USME 1 115 kV	115.0	40.80	800	813	920	0.0956	0.4710	3.5097	0.4902	1.4800	2.0003	Str		0.00	01/01/1962		No	
ENEL COLOMBIA SA ESP	COMPARTIR  NUEVA ESPERANZA 1 115 KV	115.0	10.59	800	920	920	0.0936	0.4452	3.5689	0.3335	1.2233	2.1391	Str		0.00	07/04/2020		No	
ENEL COLOMBIA SA ESP	CONCORDIA  SAN FACON 1 57.5 kV	57.5	5.78	600	813	700	0.0956	0.4540	3.6610	0.3404	1.2968	1.9634	Str		0.00	31/12/2021		No	
ENEL COLOMBIA SA ESP	DIACO  TERMOZIPA 1 115 kV	115.0	1.72	800	813	920	0.0951	0.4710	3.4933	0.3743	1.2854	1.9899	Str		0.00	31/03/2009		No	
ENEL COLOMBIA SA ESP	EL QUIMBO  TESALIA 1 230 kV	230.0	2.69	617.51	778	1011	0.0564	0.4871	3.4357	0.2274	1.7410	2.1990	Uso		0.00	16/11/2015		No	
ENEL COLOMBIA SA ESP	EL QUIMBO  TESALIA 2 230 kV	230.0	2.69	617.51	778	1011	0.0564	0.4871	3.4357	0.2274	1.7410	2.1990	Uso		0.00	16/11/2015		No	
ENEL COLOMBIA SA ESP	EL SOL  REFISAL 1 115 kV	115.0	1.49	400	518	460	0.1729	0.5108	3.2618	0.4875	1.7002	1.7792	Str	CU	CU4/0	01/01/1963		No	
ENEL COLOMBIA SA ESP	EL SOL  TENJO 1 115 kV	115.0	16.58	800	813	920	0.0952	0.4690	3.5038	0.4217	1.5434	1.9455	Str		0.00	01/01/1992		No	
ENEL COLOMBIA SA ESP	EL SOL  TERMOZIPA 1 115 kV	115.0	6.82	800	813	920	0.0959	0.4743	3.4865	0.4922	1.4734	1.9939	Str		0.00	01/01/1961		No	
ENEL COLOMBIA SA ESP	EL SOL  TERMOZIPA 2 115 kV	115.0	6.96	800	813	920	0.0954	0.4606	3.5743	0.4304	1.6315	1.9012	Str		0.00	01/01/1992		No	
ENEL COLOMBIA SA ESP	EL SOL  ZIPAQUIRA 1 115 kV	115.0	8.48	562	562	646	0.1701	0.4815	3.4168	0.4806	1.5988	1.8282	Str		0.00	01/01/1990		No	
ENEL COLOMBIA SA ESP	FACATATIVA  VILLETA 1 115 kV	115.0	27.34	400	813	460	0.0958	0.4920	3.3472	0.5306	1.3949	2.1206	Str		0.00	01/01/1983		No	
ENEL COLOMBIA SA ESP	FLORIDA  TIBABUYES 1 115 kV	115.0	4.98	800	813	920	0.0584	0.4699	3.6337	0.3347	1.3484	2.0940	Str		0.00	05/11/2011		No	
ENEL COLOMBIA SA ESP	FONTIBON  SALITRE 1 115 kV	115.0	6.79	800	813	920	0.0956	0.4702	3.5079	0.2738	1.1303	1.9600	Str		0.00	01/01/1966		No	
ENEL COLOMBIA SA ESP	GORGONZOLA  SALITRE 1 57.5 kV	57.5	6.97	800	813	920	0.0956	0.4609	3.5979	0.4317	1.6322	1.8284	Str		0.00	14/11/2011		No	
ENEL COLOMBIA SA ESP	GORGONZOLA  SAN FACON 1 57.5 kV	57.5	3.12	600	813	690	0.0955	0.4380	3.7807	0.4510	1.6604	2.0358	Str		0.00	09/03/2009		No	
ENEL COLOMBIA SA ESP	GORGONZOLA  TINDUMIL 1 57.5 kV	57.5	0.03	600	690	700	0.0938	0.4577	3.6076	0.3557	1.1911	2.0929	Str		0.00	18/12/2011		No	
ENEL COLOMBIA SA ESP	GRAN SABANA  T_LEONA 1 115 KV	115.0	1.68	562	562	646	0.0950	0.4487	3.6999	0.3876	1.3658	2.0554	Str		0.00	24/06/2018		No	
ENEL COLOMBIA SA ESP	GUAVIO  MAMBITA 1 115 kV	115.0	5.02	200	489	230	0.2143	0.5221	3.1544	0.5087	1.4986	2.0073	Str		0.00	01/01/1962		No	
ENEL COLOMBIA SA ESP	GUAVIO  UBALA 1 115 kV	115.0	18.19	200	489	230	0.2138	0.5045	3.2460	0.4857	1.4703	1.8644	Str		0.00	01/01/2008		No	
ENEL COLOMBIA SA ESP	GUAVIO SUBT DUCTO  GUAVIO 1 230 kV	230.0	0.55	4067	4067	4880	0.0150	0.0859	0.0000	0.0232	0.3218	0.0000	Uso		0.00	31/01/2002		No	
ENEL COLOMBIA SA ESP	GUAVIO SUBT DUCTO  GUAVIO 2 230 kV	230.0	0.53	4067	4067	4880	0.0150	0.0859	0.0000	0.0232	0.3218	0.0000	Uso		0.00	01/01/1980		No	
ENEL COLOMBIA SA ESP	INDUMIL  TMUÑA II 1 57.5 kV	57.5	0.03	300	489	345	0.2164	0.4583	0.0000	0.5092	1.8332	0.0000	Str		0.00	01/01/2008		No	
ENEL COLOMBIA SA ESP	LA PAZ (BOGOTA)  NUEVA ESPERANZA 1 115 KV	115.0	23.52	800	800	920	0.0921	0.4577	3.4256	0.4343	1.3166	1.9244	Str		0.00	01/07/2017		No	
ENEL COLOMBIA SA ESP	LA PAZ (BOGOTA)  SALITRE 1 115 kV	115.0	3.81	854	900	930	0.0954	0.4608	3.5838	0.3055	1.3146	1.8904	Str		0.00	01/01/1954		No	
ENEL COLOMBIA SA ESP	LA PAZ (BOGOTA)  VERAGUAS 1 115 kV	115.0	6.18	800	813	920	0.0958	0.4710	3.5058	0.4965	1.4745	1.9442	Str		0.00	01/01/1954		No	
ENEL COLOMBIA SA ESP	LAGUNETA  NUEVA ESPERANZA 1 115 kV	115.0	8.43	800	800	920	0.0951	0.4698	3.5286	0.4452	1.4007	1.9134	Str		0.00	01/07/2017		No	
ENEL COLOMBIA SA ESP	LAGUNETA  SALTO II (COLEGIO) 1 115 kV	115.0	3.45	800	813	920	0.0958	0.4715	3.5068	0.4968	1.4774	1.9725	Str		0.00	01/01/1954		No	
ENEL COLOMBIA SA ESP	MAMBITA  SANTA MARIA 1 115 kV	115.0	13.35	300	489	345	0.2140	0.5218	3.1435	0.5008	1.5001	2.0277	Str		0.00	01/01/1990		No	
ENEL COLOMBIA SA ESP	MORATO  SALITRE 1 115 kV	115.0	5.92	800	813	920	0.0957	0.4703	3.5116	0.2739	1.1311	1.9737	Str		0.00	01/01/1957		No	
ENEL COLOMBIA SA ESP	MORATO  USAQUEN 1 115 kV	115.0	5.33	800	813	920	0.0951	0.4642	3.5458	0.4212	1.5524	2.1218	Str		0.00	01/01/1982		No	
ENEL COLOMBIA SA ESP	MOSQUERA  NOROESTE 1 115 KV	115.0	12.81	800	813	920	0.0954	0.4681	3.5154	0.4435	1.5963	1.9278	Str		0.00	25/01/2018		No	
ENEL COLOMBIA SA ESP	MUZU  SAN CARLOS (BOGOTA) 1 115 kV	115.0	2.73	800	813	920	0.0953	0.4638	3.5583	0.3146	1.2632	2.1128	Str		0.00	01/01/1973		No	
ENEL COLOMBIA SA ESP	MUZU  TUNAL 1 115 kV	115.0	3.97	854	900	930	0.0956	0.4607	3.5807	0.4201	1.5623	1.8856	Str		0.00	01/01/1985		No	
ENEL COLOMBIA SA ESP	MUZU  TUNAL 2 115 kV	115.0	3.91	854	900	930	0.0956	0.4607	3.5807	0.4201	1.5623	1.8856	Str		0.00	01/01/2001		No	
ENEL COLOMBIA SA ESP	MUZU  VERAGUAS 1 115 kV	115.0	3.09	800	813	920	0.0951	0.4646	3.5612	0.3153	1.2632	2.0977	Str		0.00	01/01/1973		No	
ENEL COLOMBIA SA ESP	MUÑA  NUEVA ESPERANZA 1 115 kV	115.0	7.94	1200	1200	1380	0.0494	0.4322	3.8951	0.3020	1.1881	2.2665	Str		0.00	01/07/2017		No	
ENEL COLOMBIA SA ESP	MUÑA  SAN CARLOS (BOGOTA) 1 115 kV	115.0	23.27	800	813	920	0.0950	0.4765	3.4957	0.4758	1.6677	1.7479	Str		0.00	01/01/2001		No	
ENEL COLOMBIA SA ESP	MUÑA II  TMUÑA II 1 57.5 KV	57.5	7.19	400	489	460	0.2156	0.4613	3.6214	0.6051	1.7289	2.3314	Str		0.00	04/02/2018		No	
ENEL COLOMBIA SA ESP	MUÑA III  MUÑA 1 115 kV	115.0	2.27	800	813	920	0.0953	0.4601	3.5721	0.4040	1.5779	1.8773	Str		0.00	01/01/1962		No	
ENEL COLOMBIA SA ESP	MUÑA III  SALTO II (COLEGIO) 1 115 kV	115.0	8.63	800	813	920	0.0951	0.4757	3.5667	0.4540	1.3418	1.9617	Str		0.00	01/01/1962		No	
ENEL COLOMBIA SA ESP	NOROESTE  PORTUGAL 1 115 KV	115.0	10.37	800	813	920	0.0954	0.4582	3.6059	0.4352	1.5495	2.1842	Str		0.00	02/11/2020		No	
ENEL COLOMBIA SA ESP	NOROESTE  TENJO 1 115 kV	115.0	15.99	800	813	1000	0.0955	0.4610	3.5817	0.4029	1.5814	1.9093	Str		0.00	01/01/1992		No	
ENEL COLOMBIA SA ESP	NOROESTE  TERMINAL 1 115 kV	115.0	23.68	800	820	920	0.0955	0.4548	3.6528	0.4178	1.4691	2.0503	Str		0.00	29/08/2022		No	
ENEL COLOMBIA SA ESP	NUEVA ESPERANZA  RIO (BOGOTA) 1 115 kV	115.0	7.83	800	813	920	0.0940	0.4590	3.6350	0.3300	1.2570	2.1490	Str		0.00	11/12/2022		No	
ENEL COLOMBIA SA ESP	PORTUGAL  TIBABUYES 1 115 KV	115.0	4.91	800	813	920	0.0954	0.4582	3.6059	0.4352	1.5495	2.1842	Str		0.00	02/11/2020		No	
ENEL COLOMBIA SA ESP	RIO (BOGOTA)  TECHO 1 115 kV	115.0	19.06	800	813	920	0.0940	0.4590	3.6350	0.3300	1.2570	2.1490	Str		0.00	11/12/2022		No	
ENEL COLOMBIA SA ESP	SALITRE  SAN FACON 1 57.5 kV	57.5	10.69	600	813	690	0.0955	0.4607	3.5660	0.4321	1.6307	1.8478	Str		0.00	09/03/2009		No	
ENEL COLOMBIA SA ESP	SALTO I (BOGOTA)  SALTO II (COLEGIO) 1 115 kV	115.0	0.21	400	813	460	0.0931	0.4470	3.5500	0.4408	1.5771	1.7750	Str		0.00	01/01/2001		No	
ENEL COLOMBIA SA ESP	SAN CARLOS (BOGOTA)  VICTORIA (BOGOTA) 1 115 kV	115.0	3.73	800	813	920	0.0971	0.4985	3.3043	0.2858	0.9857	2.2705	Str		0.00	01/01/1970		No	
ENEL COLOMBIA SA ESP	SAN CARLOS (BOGOTA)  VICTORIA (BOGOTA) 2 115 kV	115.0	4.75	800	813	920	0.0971	0.4985	3.3043	0.2858	0.9857	2.2705	Str		0.00	12/09/2006		No	
ENEL COLOMBIA SA ESP	SAN JOSE  VERAGUAS 1 115 kV	115.0	3.32	800	820	920	0.0955	0.4680	3.5927	0.3265	1.3227	2.1100	Str		0.00	31/12/2021		No	
ENEL COLOMBIA SA ESP	SAUCES  MUÑA 1 115 kV	115.0	25.69	200	350	355	0.2110	0.2902	0.0000	0.0000	0.0000	0.0000	Str		0.00	01/01/2001		No	
ENEL COLOMBIA SA ESP	SESQUILE  TERMOZIPA 1 115 kV	115.0	19.30	400	489	460	0.0952	0.4755	3.4550	0.4031	1.5528	1.8724	Str		0.00	01/01/1984		No	
ENEL COLOMBIA SA ESP	SIMIJACA  UBATE 1 115 kV	115.0	27.20	562	562	646	0.1697	0.4962	3.2979	0.4840	1.5649	1.7976	Str		0.00	17/02/1998		No	
ENEL COLOMBIA SA ESP	SUBA  MORATO 1 115 kV	115.0	9.48	800	813	920	0.0956	0.4699	3.5110	0.2737	1.1303	1.2209	Str		0.00	22/01/2006		No	
ENEL COLOMBIA SA ESP	TECHO  TERMINAL 1 115 kV	115.0	4.82	800	820	920	0.0955	0.4548	3.6528	0.4178	1.4691	2.0503	Str		0.00	29/08/2022		No	
ENEL COLOMBIA SA ESP	TERMOZIPA  GRAN SABANA 1 115 kV	115.0	2.34	562	646	646	0.0952	0.4475	3.7036	0.3952	1.3882	2.0187	Str		0.00	24/06/2018		No	
ENEL COLOMBIA SA ESP	TINDUMIL  TMUÑA II 1 57.5 kV	57.5	17.71	400	440	460	0.2152	0.4597	3.6100	0.4959	1.8235	1.8711	Uso		0.00	18/12/2011		No	
ENEL COLOMBIA SA ESP	TINDUMIL  VERAGUAS 1 57.5 kV	57.5	2.88	800	880	920	0.0946	0.4578	3.6091	0.3419	1.2180	2.0682	Str		0.00	18/12/2011		No	
ENEL COLOMBIA SA ESP	TPELDAR  PELDAR 1 115 kV	115.0	2.43	400	562	460	0.1703	0.4724	3.4808	0.5555	1.6617	2.2687	Str		0.00	01/01/2001		No	
ENEL COLOMBIA SA ESP	TPELDAR  UBATE 1 115 kV	115.0	30.57	562	562	646	0.1704	0.4714	3.5001	0.5995	1.3267	2.3276	Str		0.00	01/01/2001		No	
ENEL COLOMBIA SA ESP	TPELDAR  ZIPAQUIRA 1 115 kV	115.0	8.62	562	562	646	0.1702	0.4815	3.4147	0.4799	1.5990	1.8434	Str		0.00	01/01/1990		No	
ENEL COLOMBIA SA ESP	TUNAL  VERAGUAS 1 115 kV	115.0	8.14	800	800	920	0.0940	0.4642	3.4592	0.4735	1.4057	1.9197	Str		0.00	01/07/2017		No	
GRUPO ENERGIA BOGOTA SA ESP	ALFEREZ (EEB)  TESALIA 1 230 kV	230.0	200.78	1040	1040	1040	0.0501	0.4956	3.3744	0.3849	1.3291	2.1303	Uso		0.00	13/12/2022		No	
GRUPO ENERGIA BOGOTA SA ESP	ALFEREZ (EEB)  TESALIA 2 230 kV	230.0	200.78	1040	1040	1040	0.0501	0.4956	3.3744	0.3849	1.3291	2.1303	Uso		0.00	13/12/2022		No	
GRUPO ENERGIA BOGOTA SA ESP	ALTAMIRA  RENACER 1 230 kV	230.0	144.52	1040	1383	1798	0.0471	0.3594	4.6335	0.3187	1.3721	2.4890	Uso		0.00	27/11/2007		No	
GRUPO ENERGIA BOGOTA SA ESP	ALTAMIRA  TESALIA 1 230 kV	230.0	49.70	1040	1414	1414	0.0503	0.3737	4.3884	0.4177	1.4931	2.6248	Uso		0.00	17/12/2014		No	
GRUPO ENERGIA BOGOTA SA ESP	ARMENIA  LA HERMOSA 1 230 kV	230.0	38.75	1000	1015	1320	0.0531	0.3624	4.6032	0.4721	1.1991	2.5897	Uso		0.00	27/06/2019		No	
GRUPO ENERGIA BOGOTA SA ESP	ARMENIA  LA VIRGINIA 1 230 kV	230.0	64.99	1000	1015	1320	0.0608	0.4153	6.6756	0.5019	1.3552	3.9857	Uso		0.00	27/06/2019		No	
GRUPO ENERGIA BOGOTA SA ESP	BETANIA  ALTAMIRA 1 230 kV	230.0	82.59	1040	1381	1795	0.0478	0.3586	4.7210	0.4193	1.5655	2.7675	Uso		0.00	27/11/2007		No	
GRUPO ENERGIA BOGOTA SA ESP	BETANIA  TESALIA 1 230 kV	230.0	35.74	1040	1795	1381	0.0679	0.3585	4.7452	0.4222	1.5497	2.7818	Uso		0.00	17/12/2014		No	
GRUPO ENERGIA BOGOTA SA ESP	BOLIVAR  CARTAGENA 2 220 kV	220.0	20.00	1000	1000	1028	0.0506	0.2935	1.8130	0.3483	0.8953	1.7270	Uso	AAAC	600 kcmil	03/08/2018		No	
GRUPO ENERGIA BOGOTA SA ESP	CIRCO  GUAVIO 1 230 kV	230.0	109.32	960	1410	960	0.0367	0.3983	4.2981	0.2884	0.9230	3.3480	Uso		0.00	01/01/1983		No	
GRUPO ENERGIA BOGOTA SA ESP	CIRCO  GUAVIO 2 230 kV	230.0	109.85	960	1410	960	0.0366	0.3986	4.2958	0.2885	0.9240	3.3445	Uso		0.00	01/01/1983		No	
GRUPO ENERGIA BOGOTA SA ESP	CIRCO  TUNAL 1 230 kV	230.0	29.74	960	1410	960	0.0444	0.4803	3.4763	0.3719	1.3326	2.2464	Uso		0.00	01/01/1983		No	
GRUPO ENERGIA BOGOTA SA ESP	CIRCO  NUEVA ESPERANZA 1 230 kV	230.0	46.16	960	1410	960	0.0441	0.4763	3.4443	0.3661	1.3024	2.1844	Uso		0.00	30/05/2016		No	
GRUPO ENERGIA BOGOTA SA ESP	GUAVIO  LA REFORMA 1 230 kV	230.0	81.13	1440	1620	1440	0.0346	0.4013	4.1507	0.3169	0.9334	2.6383	Uso		0.00	01/01/1994		No	
GRUPO ENERGIA BOGOTA SA ESP	GUAVIO  SURIA (DELSUR) 1 230 KV	230.0	94.82	1440	1620	1440	0.0330	0.3980	4.2290	0.2390	0.9390	2.7840	Uso		0.00	13/06/2021		No	
GRUPO ENERGIA BOGOTA SA ESP	JAMONDINO  PIMAMPIRO 3 230 KV	230.0	132.03	1118	1118	1229.8	0.0490	0.4931	3.4005	0.3055	1.4685	2.2351	Uso		0.00	11/07/2021		No	
GRUPO ENERGIA BOGOTA SA ESP	JAMONDINO  PIMAMPIRO 4 230 KV	230.0	132.03	1118	1118	1229.8	0.0490	0.4931	3.4005	0.3055	1.4685	2.2351	Uso		0.00	11/07/2021		No	
GRUPO ENERGIA BOGOTA SA ESP	JAMONDINO  TESALIA 1 230 kV	230.0	263.12	1040	1795	1381	0.0509	0.3646	4.7057	0.4254	1.5643	2.7729	Uso		0.00	17/12/2014		No	
GRUPO ENERGIA BOGOTA SA ESP	LA GUACA  LA MESA 1 230 kV	230.0	4.71	1120	1120	1200	0.0445	0.4801	3.4793	0.3678	1.3358	2.2314	Uso		0.00	01/01/1983		No	
GRUPO ENERGIA BOGOTA SA ESP	LA GUACA  LA MESA 2 230 kV	230.0	4.71	1120	1120	1200	0.0445	0.4801	3.4793	0.3678	1.3358	2.2314	Uso		0.00	01/01/1983		No	
GRUPO ENERGIA BOGOTA SA ESP	LA GUACA  PARAISO 1 230 kV	230.0	7.64	960	1410	960	0.0445	0.4801	3.4766	0.3743	1.3294	2.2590	Uso		0.00	01/01/1983		No	
GRUPO ENERGIA BOGOTA SA ESP	LA GUACA  PARAISO 2 230 kV	230.0	7.66	960	1410	960	0.0445	0.4801	3.4766	0.3743	1.3294	2.2590	Uso		0.00	01/01/1983		No	
GRUPO ENERGIA BOGOTA SA ESP	LA REFORMA  TUNAL 1 230 kV	230.0	74.95	960	1620	960	0.0341	0.3920	4.2998	0.3086	0.9254	2.6101	Uso	ACSR	954	09/11/1997		No	
GRUPO ENERGIA BOGOTA SA ESP	LA REFORMA  TUNAL 2 230 kV	230.0	75.06	960	1620	960	0.0341	0.3920	4.2992	0.3086	0.9254	2.6105	Uso	ACSR	954	24/11/2015		No	
GRUPO ENERGIA BOGOTA SA ESP	MOCOA (JUNIN)  JAMONDINO 1 230 kV	230.0	75.16	690	690	903	0.0876	0.5169	3.5000	0.5387	1.4049	2.2510	Uso		0.00	06/12/2007		No	
GRUPO ENERGIA BOGOTA SA ESP	NUEVA ESPERANZA  PARAISO 1 230 kV	230.0	15.57	960	1410	1120	0.0434	0.4700	3.3767	0.3539	1.2650	2.1342	Uso		0.00	30/05/2016		No	
GRUPO ENERGIA BOGOTA SA ESP	NUEVA ESPERANZA  PARAISO 2 230 kV	230.0	15.57	960	1410	1120	0.0434	0.4700	3.3767	0.3539	1.2650	2.1342	Uso		0.00	30/05/2016		No	
GRUPO ENERGIA BOGOTA SA ESP	NUEVA ESPERANZA  SAN MATEO (BOGOTA) 1 230 kV	230.0	29.41	960	1410	960	0.0440	0.4758	3.4343	0.3636	1.2957	2.1701	Uso		0.00	30/05/2016		No	
GRUPO ENERGIA BOGOTA SA ESP	SAN MATEO (BOGOTA)  TUNAL 1 230 kV	230.0	14.96	960	1410	960	0.0444	0.4803	3.5522	0.3706	1.3327	2.3034	Uso		0.00	01/01/1983		No	
HIDROELECTRICA DEL ALTO PORCE S.A.S. E.S.P.	CARLOS LLERAS  GIRARDOTA 1 110 kV	110.0	33.45	401.64	500	500	0.1235	0.4790	3.4793	0.4367	1.4318	1.9612	Str		0.00	16/09/2015		No	
HIDROELECTRICA DEL ALTO PORCE S.A.S. E.S.P.	ESCUELA DE MINAS  RIONEGRO 1 110 kV	110.0	16.87	335	480	335	0.2070	0.5010	1.7920	0.6430	1.7650	1.2150	Cnx		0.00	30/09/2019		No	
HIDROENERGIA DE LA MONTAÑA S.A.S E.S.P	LA CHORRERA  YARUMAL II 1 110 kV	110.0	38.00	87.5	87.5	113.75	0.1180	0.4855	3.4084	0.2924	1.8615	1.8732	Cnx		0.00	31/05/2022		No	
INGENIO PROVIDENCIA S.A.	CERRITO  PROVIDENCIA 1 115 kV	115.0	8.90	400	404	400	0.2110	0.5074	3.1210	0.5709	1.3418	1.8400	Cnx		0.00	16/07/2009		No	
INTERNATIONAL COLOMBIA RESOURCES CORPORATION	CUESTECITAS  JEPIRACHI 1 110 kV	110.0	137.80	120	663	120	0.1197	0.4500	3.7172	0.4546	1.4238	2.1707	Str		0.00	17/11/2003		No	
INTERNATIONAL COLOMBIA RESOURCES CORPORATION	MINA INTERCOR  CUESTECITAS 1 110 kV	110.0	7.70	373	373	373	0.1226	0.4771	3.4990	0.4300	1.5260	2.2110	Str		0.00	01/01/2001		No	
INTERNATIONAL COLOMBIA RESOURCES CORPORATION	MINA INTERCOR  CUESTECITAS 2 110 kV	110.0	7.70	373	373	373	0.1226	0.4771	3.4990	0.4300	1.5260	2.2110	Str		0.00	01/01/2001		No	
INTERNATIONAL COLOMBIA RESOURCES CORPORATION	PUERTO BOLIVAR  CUESTECITAS 2 110 kV	110.0	142.00	462	462	462	0.1282	0.5092	3.4490	0.6460	2.1180	2.2720	Str		0.00	01/01/2001		No	
ISA INTERCOLOMBIA S.A. E.S.P.	ALFEREZ (EEB)  SAN BERNARDINO 1 230 kV	230.0	101.03	1003	1003	1303.9	0.0469	0.4690	3.5726	0.3786	1.3304	2.1836	Uso		0.00	24/01/2014		No	
ISA INTERCOLOMBIA S.A. E.S.P.	ALFEREZ (EEB)  YUMBO 1 230 kV	230.0	24.54	1003	1003	1303.9	0.0469	0.4690	3.5726	0.3786	1.3304	2.1836	Uso		0.00	24/01/2014		No	
ISA INTERCOLOMBIA S.A. E.S.P.	ANCON SUR (EPM)  HELICONIA 1 230 KV	230.0	21.27	805	805	1047	0.0446	0.4149	4.0988	0.2990	1.2018	2.5720	Uso		0.00	31/03/2020		No	
ISA INTERCOLOMBIA S.A. E.S.P.	ANCON SUR (EPM)  HELICONIA 2 230 KV	230.0	22.05	1000	1000	1300	0.0493	0.3565	7.9265	0.2828	0.9853	6.4981	Uso		0.00	31/03/2020		No	
ISA INTERCOLOMBIA S.A. E.S.P.	ANCON SUR (ISA)  ESMERALDA 1 230 kV	230.0	129.49	1000	1006	1307.8	0.0517	0.4847	3.4645	0.2674	1.1362	2.1919	Uso		0.00	21/11/1989		No	
ISA INTERCOLOMBIA S.A. E.S.P.	ANCON SUR (ISA)  ESMERALDA 2 230 kV	230.0	129.49	1000	1006	1307.8	0.0517	0.4847	3.4644	0.2674	1.1362	2.1919	Uso		0.00	21/11/1989		No	
ISA INTERCOLOMBIA S.A. E.S.P.	ANCON SUR (ISA)  SAN CARLOS 1 230 kV	230.0	107.04	971	971	1262.3	0.0536	0.4998	3.4209	0.2632	1.1175	2.1723	Uso		0.00	01/06/2006		No	
ISA INTERCOLOMBIA S.A. E.S.P.	ANCON SUR (ISA)  SAN CARLOS 2 230 kV	230.0	107.04	971	971	1262	0.0536	0.4998	3.4209	0.2632	1.1175	2.1723	Uso		0.00	01/01/1985		No	
ISA INTERCOLOMBIA S.A. E.S.P.	ANTIOQUIA  CERROMATOSO 1 500 kV	500.0	112.56	2400	2400	2500	0.0244	0.3187	5.1584	0.2773	1.0817	2.6603	Uso		0.00	09/03/2021		No	
ISA INTERCOLOMBIA S.A. E.S.P.	ANTIOQUIA  CERROMATOSO 2 500 kV	500.0	112.59	2400	2400	2500	0.0244	0.3188	5.1583	0.2773	1.0817	2.6602	Uso		0.00	09/03/2021		No	
ISA INTERCOLOMBIA S.A. E.S.P.	ANTIOQUIA  HELICONIA 1 500 KV	500.0	109.59	2400	2400	2500	0.0248	0.3222	5.1230	0.2735	1.0839	2.6389	Uso		0.00	09/03/2021		No	
ISA INTERCOLOMBIA S.A. E.S.P.	ANTIOQUIA  PORCE III 1 500 KV	500.0	112.80	2400	2400	2500	0.0244	0.3219	5.1280	0.2731	1.0836	2.6402	Uso		0.00	09/03/2021		No	
ISA INTERCOLOMBIA S.A. E.S.P.	BACATA  NOROESTE 1 230 kV	230.0	5.46	1489	1489	1936	0.0477	0.3691	4.4750	0.1909	0.9508	2.6277	Uso		0.00	14/12/2006		No	
ISA INTERCOLOMBIA S.A. E.S.P.	BACATA  NOROESTE 2 230 kV	230.0	5.70	1489	1489	1936	0.0477	0.3691	4.4750	0.1909	0.9508	2.6277	Uso		0.00	14/12/2006		No	
ISA INTERCOLOMBIA S.A. E.S.P.	BACATA  PRIMAVERA 1 500 kV	500.0	196.92	1905	1905	1905	0.0234	0.3310	4.8313	0.3841	0.9763	2.9396	Uso		0.00	29/12/2006		No	
ISA INTERCOLOMBIA S.A. E.S.P.	BACATA  TORCA 1 230 kV	230.0	19.88	1489	1489	1936	0.0482	0.3841	4.2900	0.2305	0.9706	2.5600	Uso		0.00	14/12/2006		No	
ISA INTERCOLOMBIA S.A. E.S.P.	BACATA  TORCA 2 230 kV	230.0	19.75	1489	1489	1936	0.0482	0.3841	4.2900	0.2305	0.9706	2.5600	Uso		0.00	14/12/2006		No	
ISA INTERCOLOMBIA S.A. E.S.P.	BALSILLAS  LA MESA 1 230 kV	230.0	27.61	1051	1051	1366	0.0496	0.5000	3.4239	0.2618	1.1025	2.2199	Uso		0.00	17/12/1992		No	
ISA INTERCOLOMBIA S.A. E.S.P.	BALSILLAS  NOROESTE 1 230 kV	230.0	13.90	1100	1100	1430	0.0524	0.5022	3.4095	0.2745	1.1024	2.2208	Uso		0.00	09/11/1997		No	
ISA INTERCOLOMBIA S.A. E.S.P.	BANADIA  CAÑO LIMON 1 230 kV	230.0	86.46	800	844	1097	0.0683	0.5305	3.2039	0.3016	1.0371	2.1978	Uso		0.00	01/01/1976		No	
ISA INTERCOLOMBIA S.A. E.S.P.	BANADIA  SAMORE 1 230 kV	230.0	51.20	800	846	1100	0.0683	0.5304	3.2045	0.3016	1.0374	2.1977	Uso		0.00	01/01/1980		No	
ISA INTERCOLOMBIA S.A. E.S.P.	BARRANCA  COMUNEROS 1 230 kV	230.0	10.91	809	809	1052	0.0724	0.5344	3.2164	0.4195	1.3440	2.1891	Uso		0.00	27/02/1997		No	
ISA INTERCOLOMBIA S.A. E.S.P.	BELEN (CUCUTA)  TASAJERO 1 230 kV	230.0	11.95	814	814	1058	0.0729	0.5368	3.2052	0.4278	1.3580	2.1902	Uso		0.00	01/01/1980		No	
ISA INTERCOLOMBIA S.A. E.S.P.	BETANIA  IBAGUE 1 230 kV	230.0	206.14	895	895	1164	0.0634	0.4826	3.4235	0.3536	1.1863	2.2058	Uso		0.00	01/01/1994		No	
ISA INTERCOLOMBIA S.A. E.S.P.	BETANIA  SAN BERNARDINO 1 230 kV	230.0	143.96	800	1340	1742	0.0330	0.4684	3.6191	0.3809	1.3354	2.1697	Uso		0.00	01/01/1989		No	
ISA INTERCOLOMBIA S.A. E.S.P.	BETANIA  SAN BERNARDINO 2 230 kV	230.0	143.96	800	1340	1742	0.0330	0.4684	3.6191	0.3809	1.3354	2.1697	Uso		0.00	01/01/1989		No	
ISA INTERCOLOMBIA S.A. E.S.P.	BETANIA  TULUNI 1 230 kV	230.0	158.09	895	895	1164	0.0670	0.4980	2.0080	0.2960	1.1840	0.8450	Uso		0.00	19/03/2017		No	
ISA INTERCOLOMBIA S.A. E.S.P.	BOLIVAR  CARTAGENA 1 220 kV	220.0	18.30	929	929	1028	0.0630	0.4910	3.3710	0.1840	1.0360	1.9150	Uso		0.00	17/02/2007		No	
ISA INTERCOLOMBIA S.A. E.S.P.	BOLIVAR  EL COPEY 1 500 kV	500.0	166.68	1905	2476	1905	0.0237	0.3342	4.9138	0.3940	0.9783	3.0213	Uso		0.00	31/03/2007		No	
ISA INTERCOLOMBIA S.A. E.S.P.	BOLIVAR  SABANALARGA 1 500 kV	500.0	66.56	2400	3120	2500	0.0239	0.3183	5.1626	0.2601	0.9215	2.8978	Uso		0.00	26/06/2023		No	
ISA INTERCOLOMBIA S.A. E.S.P.	BOLIVAR  SABANALARGA 2 220 kV	220.0	63.21	929	929	1028	0.0630	0.4980	3.3610	0.1910	1.0940	1.9145	Uso		0.00	17/02/2007		No	
ISA INTERCOLOMBIA S.A. E.S.P.	BUCARAMANGA  GUATIGUARA 1 230 kV	230.0	12.11	837	837	1088	0.0714	0.5123	3.2288	0.3937	1.3590	2.1842	Uso		0.00	01/01/1980		No	
ISA INTERCOLOMBIA S.A. E.S.P.	CARTAGO  LA VIRGINIA 1 230 kV	230.0	17.55	984	984	1279	0.0557	0.4945	3.4585	0.2472	1.1305	2.1893	Uso		0.00	27/12/1999		No	
ISA INTERCOLOMBIA S.A. E.S.P.	CARTAGO  LA VIRGINIA 2 230 kV	230.0	17.38	984	984	1279	0.0558	0.4930	3.4586	0.2698	1.1427	2.1962	Uso		0.00	30/11/2016		No	
ISA INTERCOLOMBIA S.A. E.S.P.	CARTAGO  SAN MARCOS (VALLE) 1 230 kV	230.0	146.72	984	984	1279	0.0557	0.4948	3.4606	0.2474	1.1312	2.1906	Uso		0.00	01/01/1995		No	
ISA INTERCOLOMBIA S.A. E.S.P.	CARTAGO  SAN MARCOS (VALLE) 2 230 kV	230.0	148.43	984	984	1279	0.0557	0.4943	3.4581	0.2715	1.1464	2.1902	Uso		0.00	30/11/2016		No	
ISA INTERCOLOMBIA S.A. E.S.P.	CASA DE MAQUINAS JAGUAS  JAGUAS 1 230 kV	230.0	0.74	1174	1174	1526	0.0000	0.0000	0.0000	0.0000	0.0000	0.0000	Cnx		0.00	01/01/1995		No	
ISA INTERCOLOMBIA S.A. E.S.P.	CASA DE MAQUINAS JAGUAS  JAGUAS 2 230 kV	230.0	0.74	1174	1174	1526	0.0000	0.0000	0.0000	0.0000	0.0000	0.0000	Cnx		0.00	05/05/1998		No	
ISA INTERCOLOMBIA S.A. E.S.P.	CASA MAQUINAS MIEL I  MIEL I 1 230 kV	230.0	0.46	998	998	1297.4	0.0543	0.5239	3.1591	0.3366	1.1684	2.1662	Cnx		0.00	01/12/2002		No	
ISA INTERCOLOMBIA S.A. E.S.P.	CASA MAQUINAS MIEL I  MIEL I 2 230 kV	230.0	0.48	998	998	1297.4	0.0540	0.4876	3.4129	0.3371	1.2415	2.0934	Cnx		0.00	30/05/2002		No	
ISA INTERCOLOMBIA S.A. E.S.P.	CASA MAQUINAS MIEL I  MIEL I 3 230 kV	230.0	0.48	998	998	1297.4	0.0540	0.4876	3.4129	0.3371	1.2415	2.0934	Cnx		0.00	30/05/2002		No	
ISA INTERCOLOMBIA S.A. E.S.P.	CASA MAQUINAS SAN CARLOS  SAN CARLOS 1 230 kV	230.0	2.49	1142	1142	1485	0.0000	0.0000	0.0000	0.0000	0.0000	0.0000	Cnx		0.00	05/05/1998		No	
ISA INTERCOLOMBIA S.A. E.S.P.	CASA MAQUINAS SAN CARLOS  SAN CARLOS 2 230 kV	230.0	2.49	1142	1142	1485	0.0000	0.0000	0.0000	0.0000	0.0000	0.0000	Cnx		0.00	08/05/1998		No	
ISA INTERCOLOMBIA S.A. E.S.P.	CASA MAQUINAS SAN CARLOS  SAN CARLOS 3 230 kV	230.0	2.48	1142	1142	1485	0.0000	0.0000	0.0000	0.0000	0.0000	0.0000	Cnx		0.00	01/01/1998		No	
ISA INTERCOLOMBIA S.A. E.S.P.	CASA MAQUINAS SAN CARLOS  SAN CARLOS 4 230 kV	230.0	2.48	1142	1142	1485	0.0000	0.0000	0.0000	0.0000	0.0000	0.0000	Cnx		0.00	01/01/1973		No	
ISA INTERCOLOMBIA S.A. E.S.P.	CERROMATOSO  CHINU 2 500 kV	500.0	132.26	2500	2856	3713	0.0229	0.3234	5.1011	0.2956	1.1025	3.3581	Uso		0.00	06/09/1999		No	
ISA INTERCOLOMBIA S.A. E.S.P.	CERROMATOSO  CHINU 3 500 kV	500.0	136.30	2400	2400	2500	0.0281	0.3116	5.2405	0.2182	1.0025	2.8588	Uso		0.00	30/07/2022		No	
ISA INTERCOLOMBIA S.A. E.S.P.	CERROMATOSO  PORCE III 1 500 kV	500.0	141.65	1905	2000	2000	0.0262	0.3300	5.1337	0.3706	1.0253	3.5164	Uso		0.00	30/09/2010		No	
ISA INTERCOLOMBIA S.A. E.S.P.	CERROMATOSO  PRIMAVERA 1 500 kV	500.0	245.21	2500	2857	3714	0.0247	0.3227	5.0041	0.3297	0.9373	2.8503	Uso		0.00	31/10/2004		No	
ISA INTERCOLOMBIA S.A. E.S.P.	CERROMATOSO  SAHAGUN 1 500 kV	500.0	79.10	2400	2449	2668	0.0222	0.3470	4.8779	0.1948	1.3169	3.5815	Uso		0.00	06/08/2022		No	
ISA INTERCOLOMBIA S.A. E.S.P.	CERROMATOSO  URRA 1 230 kV	230.0	84.61	800	881	1145	0.0614	0.5175	3.3504	0.3581	1.4443	1.8910	Uso		0.00	17/11/1992		No	
ISA INTERCOLOMBIA S.A. E.S.P.	CERROMATOSO  URRA 2 230 kV	230.0	84.64	800	881	1145	0.0614	0.5175	3.3504	0.3581	1.4443	1.8910	Uso		0.00	01/01/1984		No	
ISA INTERCOLOMBIA S.A. E.S.P.	CERROMATOSO 3.2  GECELCA 3.2 1 110 KV	110.0	14.44	1761	1761	1761	0.0430	0.2860	5.8350	0.3790	0.9630	3.1780	Cnx		0.00	18/07/2017		No	
ISA INTERCOLOMBIA S.A. E.S.P.	CERROMATOSO 3.2  GECELCA 3.2 2 110 KV	110.0	14.44	1761	1761	1761	0.0430	0.2860	5.8340	0.3830	0.9830	3.1770	Cnx		0.00	18/07/2017		No	
ISA INTERCOLOMBIA S.A. E.S.P.	CHINU  EL COPEY 1 500 kV	500.0	232.57	2400	2400	2500	0.0281	0.3116	5.2405	0.2182	1.0025	2.8588	Uso		0.00	30/07/2022		No	
ISA INTERCOLOMBIA S.A. E.S.P.	CHINU  MONTERIA (ISA) 1 230 kV	230.0	65.49	1000	1000	1139.2	0.0560	0.3670	4.5070	0.3800	1.3630	2.1540	Uso		0.00	27/12/2018		No	
ISA INTERCOLOMBIA S.A. E.S.P.	CHINU  SAHAGUN 1 500 kV	500.0	53.00	2400	2449	2668	0.0222	0.3470	4.8779	0.1948	1.3169	3.5815	Uso		0.00	06/08/2022		No	
ISA INTERCOLOMBIA S.A. E.S.P.	CHIVOR  SOCHAGOTA 1 230 kV	230.0	116.03	960	1021	1327	0.0496	0.4848	3.4207	0.2899	1.1766	2.2040	Uso		0.00	01/01/1989		No	
ISA INTERCOLOMBIA S.A. E.S.P.	CHIVOR  SOCHAGOTA 2 230 kV	230.0	116.03	960	1021	1327	0.0496	0.4848	3.4207	0.2899	1.1766	2.2040	Uso		0.00	13/12/1999		No	
ISA INTERCOLOMBIA S.A. E.S.P.	CHIVOR  TORCA 1 230 kV	230.0	102.84	960	1021	1040	0.0485	0.5002	3.4186	0.2395	1.1077	2.2018	Uso		0.00	05/12/1993		No	
ISA INTERCOLOMBIA S.A. E.S.P.	CHIVOR  TORCA 2 230 kV	230.0	102.65	960	1021	1040	0.0485	0.5002	3.4186	0.2395	1.1077	2.2018	Uso		0.00	05/12/1993		No	
ISA INTERCOLOMBIA S.A. E.S.P.	COMUNEROS  GUATIGUARA 1 230 kV	230.0	95.24	809	809	1051.7	0.0525	0.4747	3.4314	0.2090	1.0294	2.2000	Uso		0.00	07/03/1999		No	
ISA INTERCOLOMBIA S.A. E.S.P.	COMUNEROS  LA CIRA INFANTAS 1 230 KV	230.0	17.30	300	350	350	0.0751	0.4924	3.2755	0.3168	1.3006	1.8481	Cnx		0.00	25/01/2010		No	
ISA INTERCOLOMBIA S.A. E.S.P.	EL COPEY  LA LOMA 1 500 kV	500.0	73.00	1905	2476	1905	0.0160	0.3560	4.9138	0.3540	1.2170	3.0213	Uso	ACAR 1250 (18/19)	0.00	22/01/2019		No	
ISA INTERCOLOMBIA S.A. E.S.P.	EL COPEY  VALLEDUPAR 2 220 kV	220.0	96.13	588	588	764	0.0730	0.4970	3.3032	0.3106	1.2969	1.8657	Uso		0.00	30/05/2007		No	
ISA INTERCOLOMBIA S.A. E.S.P.	ESMERALDA (ISA)  ESMERALDA (CHEC) 1 115 kV	115.0	1.70	989	989	1286	0.0646	0.4878	1.2454	0.3500	1.4410	1.7790	Str		0.00	01/01/1989		No	
ISA INTERCOLOMBIA S.A. E.S.P.	ESMERALDA (ISA)  ESMERALDA (CHEC) 2 115 kV	115.0	1.70	989	989	1286	0.0646	0.4878	1.2454	0.3500	1.4410	1.7790	Str		0.00	01/01/1991		No	
ISA INTERCOLOMBIA S.A. E.S.P.	ESMERALDA  LA ENEA 2 230 kV	230.0	31.42	896	896	1164.8	0.0559	0.4671	3.5928	0.2507	1.0847	2.3274	Uso		0.00	30/11/2017		No	
ISA INTERCOLOMBIA S.A. E.S.P.	ESMERALDA  LA HERMOSA 1 230 kV	230.0	21.84	1045.68	1045.68	1359.38	0.0525	0.4729	3.5181	0.2547	1.0621	2.3256	Uso		0.00	09/12/1995		No	
ISA INTERCOLOMBIA S.A. E.S.P.	ESMERALDA  LA HERMOSA 2 230 kV	230.0	22.10	1000	1000	1000	0.0525	0.4729	3.5181	0.2547	1.0621	2.3556	Uso		0.00	29/11/2018		No	
ISA INTERCOLOMBIA S.A. E.S.P.	ESMERALDA  LA VIRGINIA 1 230 kV	230.0	23.85	985	985	1280.5	0.0557	0.4945	3.4585	0.2472	1.1305	2.1893	Uso		0.00	03/11/1999		No	
ISA INTERCOLOMBIA S.A. E.S.P.	ESMERALDA  LA VIRGINIA 2 230 kV	230.0	23.85	985	985	1280.5	0.0557	0.4945	3.4585	0.2472	1.1305	2.1893	Uso		0.00	17/01/1999		No	
ISA INTERCOLOMBIA S.A. E.S.P.	ESMERALDA  YUMBO 2 230 kV	230.0	194.21	1000	1001	1301	0.0547	0.4618	3.4880	0.4013	1.3275	2.1592	Uso		0.00	04/05/1998		No	
ISA INTERCOLOMBIA S.A. E.S.P.	ESMERALDA  YUMBO 3 230 kV	230.0	194.16	1000	1001	1301	0.0547	0.4618	3.4880	0.4013	1.3275	2.1592	Uso		0.00	01/01/1972		No	
ISA INTERCOLOMBIA S.A. E.S.P.	GUATAPE  JAGUAS 1 230 kV	230.0	18.65	939	939	1220.7	0.0487	0.4178	2.6362	0.3441	1.0840	1.8213	Uso		0.00	01/01/1983		No	
ISA INTERCOLOMBIA S.A. E.S.P.	GUATAPE  JAGUAS 2 230 kV	230.0	14.28	1023	1023	1329.9	0.0535	0.4794	3.4585	0.2451	1.1000	1.9730	Uso		0.00	28/07/1998		No	
ISA INTERCOLOMBIA S.A. E.S.P.	GUATAPE  SAN CARLOS 1 230 kV	230.0	35.77	1154	1154	1442	0.0430	0.4850	3.5350	0.3889	1.3480	2.1405	Uso		0.00	01/01/1993		No	
ISA INTERCOLOMBIA S.A. E.S.P.	GUATAPE  SAN CARLOS 2 230 kV	230.0	35.79	1154	1154	1500.2	0.0430	0.4851	3.5350	0.3887	1.3480	2.1405	Uso		0.00	18/11/1997		No	
ISA INTERCOLOMBIA S.A. E.S.P.	GUATAPE  VARIANTE 1 230 kV	230.0	13.30	998	998	1297	0.0575	0.4786	3.4634	0.2829	1.0933	2.1984	Uso		0.00	01/12/2002		No	
ISA INTERCOLOMBIA S.A. E.S.P.	GUATAPE  VARIANTE 2 230 kV	230.0	13.31	998	998	1297	0.0575	0.4786	3.4634	0.2829	1.0933	2.1984	Uso		0.00	01/12/2002		No	
ISA INTERCOLOMBIA S.A. E.S.P.	GUATIGUARA  PALENQUE 1 230 KV	230.0	42.13	1017	1017	1100	0.0520	0.4870	3.4470	0.3600	1.5080	2.2120	Uso		0.00	28/08/2020		No	
ISA INTERCOLOMBIA S.A. E.S.P.	GUATIGUARA  PALENQUE 2 230 KV	230.0	42.13	1017	1017	1100	0.0520	0.4870	3.4470	0.3600	1.5080	2.2120	Uso		0.00	28/08/2020		No	
ISA INTERCOLOMBIA S.A. E.S.P.	GUATIGUARA  PRIMAVERA 1 230 kV	230.0	162.93	979	979	1273	0.0543	0.4766	3.5347	0.2658	1.2968	1.9293	Uso		0.00	01/01/2001		No	
ISA INTERCOLOMBIA S.A. E.S.P.	GUATIGUARA  SOCHAGOTA 1 230 kV	230.0	142.20	830	830	1079	0.0684	0.5133	3.2286	0.4090	1.3289	2.1862	Uso		0.00	24/05/1999		No	
ISA INTERCOLOMBIA S.A. E.S.P.	GUATIGUARA  SOCHAGOTA 2 230 kV	230.0	155.26	1001	1001	1301.3	0.0501	0.4739	3.4402	0.2965	1.1675	2.0152	Uso		0.00	02/06/1999		No	
ISA INTERCOLOMBIA S.A. E.S.P.	GUATIGUARA  TASAJERO 1 230 kV	230.0	127.63	987	987	1283	0.0541	0.4849	3.4530	0.3442	1.6191	1.9065	Uso		0.00	01/01/2001		No	
ISA INTERCOLOMBIA S.A. E.S.P.	GUAVIO  CHIVOR 1 230 kV	230.0	22.69	1021	1021	1200	0.0521	0.4984	3.4422	0.3960	1.3448	2.2075	Uso		0.00	01/01/2001		No	
ISA INTERCOLOMBIA S.A. E.S.P.	GUAVIO  CHIVOR 2 230 kV	230.0	22.74	1021	1021	1200	0.0521	0.4984	3.4422	0.3960	1.3448	2.2075	Uso		0.00	09/05/1977		No	
ISA INTERCOLOMBIA S.A. E.S.P.	GUAVIO  TORCA 1 230 kV	230.0	82.36	1250	1372	1250	0.0331	0.4757	3.5684	0.3770	1.3221	2.2633	Uso		0.00	01/01/2001		No	
ISA INTERCOLOMBIA S.A. E.S.P.	GUAVIO  TORCA 2 230 kV	230.0	82.30	1250	1372	1250	0.0331	0.4757	3.5684	0.3770	1.3221	2.2633	Uso		0.00	01/01/2001		No	
ISA INTERCOLOMBIA S.A. E.S.P.	HIDROSOGAMOSO  SOGAMOSO 1 230 kV	230.0	6.70	743	743	906	0.0360	0.2560	1.6533	0.1808	0.7131	0.8435	Cnx	ACAR	900 KCM	20/12/2014		No	
ISA INTERCOLOMBIA S.A. E.S.P.	HIDROSOGAMOSO  SOGAMOSO 2 230 kV	230.0	6.70	743	743	906	0.0360	0.2560	1.6533	0.1808	0.7131	0.8435	Cnx	ACAR	900 KCM	01/12/2014		No	
ISA INTERCOLOMBIA S.A. E.S.P.	HIDROSOGAMOSO  SOGAMOSO 3 230 KV	230.0	6.60	743	743	906	0.0724	0.5244	3.1839	0.2125	0.9520	2.2861	Cnx	ACAR	900 KCM	20/12/2014		No	
ISA INTERCOLOMBIA S.A. E.S.P.	IBAGUE  LA MESA 1 230 kV	230.0	86.79	966	966	1255.8	0.0535	0.4827	3.4693	0.3948	1.3741	2.1802	Uso		0.00	01/01/1976		No	
ISA INTERCOLOMBIA S.A. E.S.P.	IBAGUE  LA MESA 2 230 kV	230.0	86.66	966	966	1255.8	0.0535	0.4827	3.4693	0.3948	1.3741	2.1802	Uso		0.00	04/08/1990		No	
ISA INTERCOLOMBIA S.A. E.S.P.	IBAGUE  TULUNI 1 230 kV	230.0	102.50	895	895	1164	0.0660	0.4940	2.0240	0.2710	1.1420	0.8760	Uso		0.00	19/03/2017		No	
ISA INTERCOLOMBIA S.A. E.S.P.	JAMONDINO  PIMAMPIRO 1 230 KV	230.0	138.71	1118	1118	1229.8	0.0490	0.4927	3.4008	0.2259	1.2596	2.2537	Uso		0.00	25/07/2021		No	
ISA INTERCOLOMBIA S.A. E.S.P.	JAMONDINO  PIMAMPIRO 2 230 KV	230.0	138.71	1118	1118	1229.8	0.0490	0.4927	3.4008	0.2259	1.2596	2.2537	Uso		0.00	25/07/2021		No	
ISA INTERCOLOMBIA S.A. E.S.P.	JAMONDINO  SAN BERNARDINO 1 230 kV	230.0	189.05	800	940	1222	0.0594	0.4789	3.4978	0.4199	1.3576	2.1840	Uso		0.00	31/12/1998		No	
ISA INTERCOLOMBIA S.A. E.S.P.	JAMONDINO  SAN BERNARDINO 2 230 kV	230.0	189.05	800	940	1222	0.0594	0.4789	3.4978	0.4199	1.3576	2.1840	Uso		0.00	04/08/1990		No	
ISA INTERCOLOMBIA S.A. E.S.P.	JUANCHITO  PAEZ 1 230 kV	230.0	35.19	1003	1003	1304	0.0551	0.4777	3.4888	0.3220	1.1784	2.2004	Uso		0.00	01/01/1971		No	
ISA INTERCOLOMBIA S.A. E.S.P.	JUANCHITO  SAN MARCOS (VALLE) 1 230 kV	230.0	21.90	984	984	1279	0.0531	0.4787	3.4753	0.3446	1.2804	2.1937	Uso		0.00	01/01/1987		No	
ISA INTERCOLOMBIA S.A. E.S.P.	LA ENEA  ESMERALDA 1 230 kV	230.0	31.42	800	989	1286	0.0541	0.4933	3.4673	0.2456	1.1294	2.1944	Uso		0.00	01/01/1971		No	
ISA INTERCOLOMBIA S.A. E.S.P.	LA ENEA  SAN FELIPE 1 230 kV	230.0	65.91	800	895	1164	0.0498	0.4898	3.4938	0.2412	1.1527	2.2060	Uso		0.00	01/01/1971		No	
ISA INTERCOLOMBIA S.A. E.S.P.	LA ENEA  SAN FELIPE 2 230 kV	230.0	65.91	896	896	1164.8	0.0520	0.4632	3.6178	0.2466	1.0803	2.3376	Uso		0.00	30/11/2017		No	
ISA INTERCOLOMBIA S.A. E.S.P.	LA LOMA  OCAÑA 1 500 kV	500.0	168.00	1905	2476	1905	0.0160	0.3560	4.9138	0.3540	1.2170	3.0213	Uso	ACAR 1250 (18/19)	0.00	22/01/2019		No	
ISA INTERCOLOMBIA S.A. E.S.P.	LA MESA  SAN FELIPE 2 230 kV	230.0	77.20	952	952	1237.6	0.0549	0.4936	3.4631	0.2464	1.1295	2.1925	Uso		0.00	28/12/1997		No	
ISA INTERCOLOMBIA S.A. E.S.P.	LA SIERRA (ANTIOQUIA)  PRIMAVERA 1 230 kV	230.0	59.78	811	811	1054.3	0.0694	0.5455	3.3318	0.3574	1.5136	1.9402	Uso		0.00	10/12/1993		No	
ISA INTERCOLOMBIA S.A. E.S.P.	LA SIERRA (ANTIOQUIA)  PURNIO 1 230 kV	230.0	100.47	984	984	1279.2	0.0544	0.4823	3.4677	0.4261	1.4777	2.1703	Uso		0.00	01/01/2001		No	
ISA INTERCOLOMBIA S.A. E.S.P.	LA SIERRA (ANTIOQUIA)  PURNIO 2 230 kV	230.0	100.47	984	984	1279.2	0.0544	0.4823	3.4677	0.4261	1.4777	2.1703	Uso		0.00	01/01/2001		No	
ISA INTERCOLOMBIA S.A. E.S.P.	LA SIERRA (ANTIOQUIA)  SAN CARLOS 1 230 kV	230.0	30.18	812	812	1015	0.0782	0.5131	3.3288	0.3563	1.4501	1.8987	Uso		0.00	01/01/1996		No	
ISA INTERCOLOMBIA S.A. E.S.P.	LA VIRGINIA  SAN CARLOS 1 500 kV	500.0	212.24	2000	3141	4083	0.0207	0.3155	5.2238	0.3579	1.1073	3.1279	Uso		0.00	01/01/2001		No	
ISA INTERCOLOMBIA S.A. E.S.P.	LA VIRGINIA  SAN MARCOS (VALLE) 1 500 kV	500.0	165.78	2000	3141	4083	0.0216	0.3175	5.2260	0.3588	1.1093	3.1287	Uso		0.00	01/01/2001		No	
ISA INTERCOLOMBIA S.A. E.S.P.	LOS PALOS  GUATIGUARA 1 230 kV	230.0	30.60	836	836	1087	0.0615	0.4834	3.3960	0.2780	1.1970	2.1980	Uso		0.00	14/05/1999		No	
ISA INTERCOLOMBIA S.A. E.S.P.	LOS PALOS  TOLEDO 1 230 kV	230.0	79.45	800	869	1130	0.0538	0.5162	3.2908	0.2851	1.0413	2.2205	Uso		0.00	20/01/1997		No	
ISA INTERCOLOMBIA S.A. E.S.P.	MALENA  JAGUAS 1 230 kV	230.0	69.35	768	811	811	0.0620	0.5251	3.2566	0.4278	1.2982	2.2120	Uso		0.00	01/01/1984		No	
ISA INTERCOLOMBIA S.A. E.S.P.	MALENA  PRIMAVERA 1 230 kV	230.0	8.23	768	811	811	0.0709	0.5266	3.2764	0.4135	1.3137	2.2365	Uso		0.00	01/01/1984		No	
ISA INTERCOLOMBIA S.A. E.S.P.	MIEL I  PURNIO 1 230 kV	230.0	25.75	988	988	1284.4	0.0543	0.4822	3.4663	0.4364	1.4973	2.1492	Uso		0.00	31/08/2001		No	
ISA INTERCOLOMBIA S.A. E.S.P.	MIEL I  PURNIO 2 230 kV	230.0	25.75	988	988	1284.4	0.0543	0.4822	3.4663	0.4364	1.4973	2.1492	Uso		0.00	27/09/2001		No	
ISA INTERCOLOMBIA S.A. E.S.P.	MIEL I  SAN FELIPE 1 230 kV	230.0	58.73	996	996	1294.8	0.0544	0.4822	3.4677	0.4366	1.4963	2.1704	Uso		0.00	27/09/2001		No	
ISA INTERCOLOMBIA S.A. E.S.P.	MIEL I  SAN FELIPE 2 230 kV	230.0	58.73	996	996	1294.8	0.0544	0.4822	3.4677	0.4366	1.4963	2.1704	Uso		0.00	27/09/2001		No	
ISA INTERCOLOMBIA S.A. E.S.P.	MONTERIA (ISA)  URABA 1 230 kV	230.0	131.60	1000	1000	1139.2	0.0560	0.3670	4.5070	0.3800	1.3630	2.1540	Uso		0.00	18/03/2019		No	
ISA INTERCOLOMBIA S.A. E.S.P.	NOROESTE  LA MESA 1 230 kV	230.0	40.18	1000	1051	1366	0.0507	0.5007	3.4192	0.2661	1.1025	2.2202	Uso		0.00	16/02/1998		No	
ISA INTERCOLOMBIA S.A. E.S.P.	NOROESTE  PURNIO 1 230 kV	230.0	102.61	970	970	1261	0.0522	0.4587	3.5048	0.4001	1.3271	2.1667	Uso		0.00	09/10/1985		No	
ISA INTERCOLOMBIA S.A. E.S.P.	NOROESTE  PURNIO 2 230 kV	230.0	102.52	970	970	1261	0.0522	0.4587	3.5048	0.4001	1.3271	2.1667	Uso		0.00	01/01/2001		No	
ISA INTERCOLOMBIA S.A. E.S.P.	OCAÑA  LOS PALOS 1 230 kV	230.0	160.39	887	887	1153.1	0.0649	0.5165	3.3015	0.2937	1.0655	2.2020	Uso		0.00	01/01/1989		No	
ISA INTERCOLOMBIA S.A. E.S.P.	OCAÑA  SOGAMOSO 1 500 kV	500.0	163.71	1905	1905	2476	0.0272	0.3300	5.0720	0.4152	0.9800	3.2380	Uso		0.00	22/08/2014		No	
ISA INTERCOLOMBIA S.A. E.S.P.	PAEZ  SAN BERNARDINO 1 230 kV	230.0	117.97	800	1003	1304	0.0565	0.4762	3.5075	0.3736	1.3003	2.1622	Uso		0.00	27/07/1986		No	
ISA INTERCOLOMBIA S.A. E.S.P.	PALENQUE  SOGAMOSO 1 230 KV	230.0	38.45	1017	1017	1100	0.0519	0.4873	3.4470	0.3617	1.5127	2.2129	Uso		0.00	28/08/2020		No	
ISA INTERCOLOMBIA S.A. E.S.P.	PALENQUE  SOGAMOSO 2 230 KV	230.0	38.45	1017	1017	1100	0.0519	0.4873	3.4470	0.3617	1.5127	2.2129	Uso		0.00	28/08/2020		No	
ISA INTERCOLOMBIA S.A. E.S.P.	PANAMERICANA  TULCAN 1 138 kV	138.0	15.49	644	644	837	0.1200	0.5058	3.2483	0.2404	1.2244	1.9506	Uso		0.00	01/01/1995		No	
ISA INTERCOLOMBIA S.A. E.S.P.	PLAYAS  PRIMAVERA 1 230 kV	230.0	104.34	982	982	1276.6	0.0557	0.4774	3.4996	0.2994	1.0319	2.0450	Uso		0.00	23/03/1999		No	
ISA INTERCOLOMBIA S.A. E.S.P.	PORCE III  SAN CARLOS 1 500 kV	500.0	106.47	1905	2000	2000	0.0262	0.3295	5.1376	0.3719	1.0257	3.5091	Uso		0.00	30/09/2010		No	
ISA INTERCOLOMBIA S.A. E.S.P.	PORCE III  SOGAMOSO 1 500 kV	500.0	235.72	2400	2400	2500	0.0240	0.3170	5.1820	0.2802	1.0800	2.6740	Uso		0.00	05/06/2021		No	
ISA INTERCOLOMBIA S.A. E.S.P.	PRIMAVERA  COMUNEROS 1 230 kV	230.0	111.60	810	810	1053	0.0705	0.5515	3.3305	0.3531	1.5300	1.9165	Uso		0.00	17/06/1999		No	
ISA INTERCOLOMBIA S.A. E.S.P.	PRIMAVERA  COMUNEROS 2 230 kV	230.0	101.47	809	809	1051.7	0.0727	0.5363	3.2089	0.4255	1.3539	2.1901	Uso		0.00	04/11/1996		No	
ISA INTERCOLOMBIA S.A. E.S.P.	PRIMAVERA  SAN CARLOS 1 500 kV	500.0	82.64	2500	2857	3714	0.0256	0.3248	5.0178	0.2894	0.8128	3.0224	Uso		0.00	01/12/1991		No	
ISA INTERCOLOMBIA S.A. E.S.P.	PRIMAVERA  SOGAMOSO 1 500 kV	500.0	135.67	1905	1905	2476	0.0279	0.3310	5.1280	0.4196	0.9801	3.3710	Uso		0.00	22/08/2014		No	
ISA INTERCOLOMBIA S.A. E.S.P.	PRIMAVERA  TERMOCENTRO 1 230 kV	230.0	8.21	884	884	1149	0.0633	0.4828	3.4167	0.2849	1.1079	2.1890	Cnx		0.00	01/01/1989		No	
ISA INTERCOLOMBIA S.A. E.S.P.	PRIMAVERA  TERMOCENTRO 2 230 kV	230.0	8.21	884	884	1149	0.0633	0.4828	3.4167	0.2849	1.1079	2.1890	Cnx		0.00	01/01/1989		No	
ISA INTERCOLOMBIA S.A. E.S.P.	PURNIO  SAN CARLOS 1 230 kV	230.0	91.39	968	968	1258.4	0.0572	0.4609	3.4870	0.4028	1.3294	2.1594	Uso		0.00	25/10/1985		No	
ISA INTERCOLOMBIA S.A. E.S.P.	PURNIO  SAN CARLOS 2 230 kV	230.0	91.39	968	968	1258.4	0.0572	0.4795	3.4870	0.3947	1.3463	2.1592	Uso		0.00	07/12/2001		No	
ISA INTERCOLOMBIA S.A. E.S.P.	SABANALARGA  CHINU 1 500 kV	500.0	182.58	2500	2850	3705	0.0312	0.3346	4.9274	0.2957	0.9649	2.8288	Uso		0.00	25/10/1999		No	
ISA INTERCOLOMBIA S.A. E.S.P.	SABANALARGA  CHINU 2 500 kV	500.0	185.20	2375	2375	3087.5	0.0232	0.3258	5.1401	0.2586	0.9864	3.3838	Uso		0.00	01/01/1989		No	
ISA INTERCOLOMBIA S.A. E.S.P.	SAMORE  TOLEDO 1 230 kV	230.0	44.69	868	868	1128.4	0.0682	0.5266	3.2315	0.3002	1.0499	2.1945	Uso		0.00	07/05/1999		No	
ISA INTERCOLOMBIA S.A. E.S.P.	SAN ANTONIO  SOCHAGOTA 1 230 kV	230.0	30.60	1000	1000	1000	0.0530	0.3656	4.5810	0.4087	1.1787	2.8409	Uso		0.00	16/09/2019		No	
ISA INTERCOLOMBIA S.A. E.S.P.	SAN ANTONIO  SOCHAGOTA 2 230 kV	230.0	30.60	1000	1000	1000	0.0530	0.3656	4.5810	0.4087	1.1787	2.8409	Uso		0.00	16/09/2019		No	
ISA INTERCOLOMBIA S.A. E.S.P.	SAN CARLOS  ESMERALDA 1 230 kV	230.0	194.42	970	970	1261	0.0547	0.4969	3.4411	0.2588	1.1268	2.1818	Uso		0.00	18/11/1971		No	
ISA INTERCOLOMBIA S.A. E.S.P.	SAN CARLOS  ESMERALDA 2 230 kV	230.0	194.42	970	970	1261	0.0547	0.4969	3.4411	0.2588	1.1268	2.1818	Uso		0.00	31/12/1998		No	
ISA INTERCOLOMBIA S.A. E.S.P.	SAN FELIPE  LA MESA 1 230 kV	230.0	77.20	952	952	1237.6	0.0549	0.4936	3.4631	0.2464	1.1295	2.1925	Uso		0.00	30/12/1997		No	
ISA INTERCOLOMBIA S.A. E.S.P.	SAN MARCOS (VALLE)  YUMBO 1 230 kV	230.0	6.30	986	986	1281.8	0.0556	0.4827	3.4647	0.2442	1.1031	2.1932	Uso		0.00	31/01/2002		No	
ISA INTERCOLOMBIA S.A. E.S.P.	SAN MATEO (CUCUTA)  OCAÑA 1 230 kV	230.0	120.57	875	875	1137.5	0.0647	0.5131	3.3254	0.2920	1.0764	2.1992	Uso		0.00	26/01/1997		No	
ISA INTERCOLOMBIA S.A. E.S.P.	SOCHAGOTA  PAIPA 1 230 kV	230.0	5.19	1237	1237	1608	0.0425	0.4741	3.4837	0.2907	1.2028	2.2189	Uso		0.00	01/01/1987		No	
ISA INTERCOLOMBIA S.A. E.S.P.	SOCHAGOTA  PAIPA 2 230 kV	230.0	5.19	1237	1237	1608	0.0425	0.4741	3.4837	0.2907	1.2028	2.2189	Uso		0.00	01/01/1987		No	
ISA INTERCOLOMBIA S.A. E.S.P.	TASAJERO  LOS PALOS 1 230 kV	230.0	101.46	820	820	1066	0.0678	0.5311	3.2352	0.4143	1.3398	2.1975	Uso		0.00	01/01/1980		No	
ISA INTERCOLOMBIA S.A. E.S.P.	URABA  URRA 1 230 kV	230.0	51.12	800	879	1143	0.0614	0.5175	3.3504	0.3581	1.4443	1.8910	Uso		0.00	01/01/1992		No	
ISAGEN S.A. E.S.P.	AMALFI  LUZMA I 1 110 kV	110.0	12.43	359.42	359.42	467.27	0.2100	0.5080	3.3010	0.5530	1.3040	2.0840	Str		0.00	07/10/2017		No	
ISAGEN S.A. E.S.P.	AMALFI  LUZMA II 1 110 KV	110.0	12.43	359.42	359.42	467.25	0.2000	0.5100	3.2990	0.0536	1.3850	2.0760	Str		0.00	07/10/2017		No	
ISAGEN S.A. E.S.P.	AMOYA  TULUNI 1 115 kV	115.0	19.56	525	757	560	0.1810	0.4848	1.8100	0.3391	1.2280	0.7562	Cnx		0.00	24/05/2013		No	
ISAGEN S.A. E.S.P.	EL MOLINO  SAN LORENZO 1 110 KV	110.0	2.50	457.2	457.2	457.2	0.2121	0.4848	3.4263	0.5376	1.4590	17.3030	Str		0.00	01/04/2017		No	
ISAGEN S.A. E.S.P.	PUERTO GAITAN  BOSQUES SOLARES DE LOS LLANOS 4 1 115 kV	115.0	1.50	389.87	389.87	522.14	0.2430	0.4940	3.4310	0.5830	1.5150	2.1870	Cnx		0.00	09/12/2022		No	
ISAGEN S.A. E.S.P.	PUERTO GAITAN  BOSQUES SOLARES DE LOS LLANOS 5 1 115 kV	115.0	1.50	389.87	389.87	522.14	0.2430	0.4940	3.4310	0.5830	1.5150	2.1870	Cnx		0.00	12/09/2022		No	
ISAGEN S.A. E.S.P.	SAN MIGUEL  SAN LORENZO 1 110 KV	110.0	11.59	396.7	472	472	0.2003	0.5101	3.2273	0.5050	1.4100	1.7884	Str		0.00	23/12/2015		No	
PCH SAN BARTOLOME S.A.S. E.S.P.	OIBA  OIBITA 1 115 kV	115.0	11.19	111.6	380	129.7	0.2250	0.5020	3.7370	0.4910	1.2230	2.2080	Cnx		0.00	14/05/2023		No	
PCH SAN BARTOLOME S.A.S. E.S.P.	OIBA  SAN BARTOLOME 1 115 kV	115.0	8.29	111.6	380	129.7	0.2240	0.5030	3.7350	0.4790	1.2910	2.2000	Cnx		0.00	14/05/2023		No	
PRIME TERMOFLORES S.A.S. E.S.P.	TERMOFLORES  OASIS 2 110 kV	110.0	3.20	945	979	979	0.0303	0.1997	6.4560	0.3680	1.4810	1.8270	Str	CU	1650	01/01/1999		No	
TERMOYOPAL GENERACION 2 S.A.S E.S.P.	TERMOYOPAL  YOPAL 1 115 kV	115.0	13.66	1200	1200	1200	0.1007	0.4668	3.5639	0.4031	1.3423	2.0643	Cnx		0.00	29/07/2004		Si	Termoyopal 12G3G4G5
TERMOYOPAL GENERACION 2 S.A.S E.S.P.	TERMOYOPAL  YOPAL 2 115 kV	115.0	13.65	1200	1200	1200	0.1007	0.4668	3.5639	0.4031	1.3423	2.0643	Cnx		0.00	18/04/2007		Si	Termoyopal 12G3G4G5
TRANSELCA S.A. E.S.P.	BOLIVAR  EL BOSQUE 1 220 kV	220.0	17.29	800	800	960	0.0490	0.3840	18.4450	0.1860	0.7180	17.6559	Uso		0.00	27/05/2013		No	
TRANSELCA S.A. E.S.P.	BOLIVAR  SABANALARGA 1 220 kV	220.0	69.91	630	813	630	0.0893	0.4960	3.3541	0.3578	1.2021	2.0784	Uso		0.00	04/03/2007		No	
TRANSELCA S.A. E.S.P.	CARACOLI  NUEVA BARRANQUILLA 1 220 kV	220.0	13.71	839	839	840	0.0802	0.4860	3.4082	0.3801	1.1741	2.1575	Uso		0.00	02/12/2017		No	
TRANSELCA S.A. E.S.P.	CARACOLI  SABANALARGA 1 220 kV	220.0	30.29	1000	1000	1139	0.0581	0.3658	4.5829	0.3800	1.1499	2.3915	Uso		0.00	07/02/2018		No	
TRANSELCA S.A. E.S.P.	CARACOLI  TEBSA 1 220 kV	220.0	10.14	839	839	840	0.0796	0.4834	3.4332	0.3802	1.1690	2.1702	Uso		0.00	02/12/2017		No	
TRANSELCA S.A. E.S.P.	CARACOLI  TERMOFLORES 1 220 kV	220.0	35.90	1000	1000	1139	0.0520	0.3376	18.2390	0.3382	0.9906	16.5828	Uso		0.00	07/02/2018		No	
TRANSELCA S.A. E.S.P.	CARTAGENA  TERMOCANDELARIA 1 220 kV	220.0	2.88	787	813	790	0.0892	0.4973	3.3444	0.3520	1.2115	2.0767	Uso		0.00	01/01/2001		No	
TRANSELCA S.A. E.S.P.	CARTAGENA  TERMOCANDELARIA 2 220 kV	220.0	2.88	787	813	790	0.0892	0.4973	3.3444	0.3520	1.2115	2.0767	Uso		0.00	01/01/2001		No	
TRANSELCA S.A. E.S.P.	CERROMATOSO  GECELCA 1 110 kV	110.0	13.27	956	1697	1244	0.0382	0.3536	4.6829	0.4524	1.1097	2.6576	Str		0.00	23/03/2013		No	
TRANSELCA S.A. E.S.P.	CERROMATOSO  GECELCA 2 110 kV	110.0	13.27	956	1697	1244	0.0382	0.3536	4.6829	0.4524	1.1097	2.6576	Str		0.00	23/03/2013		No	
TRANSELCA S.A. E.S.P.	CUESTECITAS  SAN JUAN (GEB) 1 220 kV	220.0	70.22	598	813	717	0.0675	0.5060	3.2795	0.3534	1.3967	2.1738	Uso		0.00	31/12/2021		No	
TRANSELCA S.A. E.S.P.	EL BOSQUE  TERNERA 1 220 kV	220.0	25.69	630	830	756	0.0602	0.4520	13.5127	0.2020	0.8600	12.5555	Uso		0.00	27/05/2013		No	
TRANSELCA S.A. E.S.P.	EL COPEY  VALLEDUPAR 1 220 kV	220.0	90.80	598	818	598	0.0897	0.5157	3.2292	0.4409	1.1543	2.2766	Uso		0.00	01/01/1978		No	
TRANSELCA S.A. E.S.P.	EL RIO  TEBSA 1 220 kV	220.0	7.37	1005	1306	1005	0.0882	0.1348	94.5300	0.1380	0.0956	119.8200	Uso		0.00	22/11/2022		No	
TRANSELCA S.A. E.S.P.	EL RIO  TERMOFLORES 1 220 kV	220.0	8.15	1005	1306	1005	0.0882	0.1349	94.5500	0.1379	0.0960	110.2200	Uso		0.00	22/11/2022		No	
TRANSELCA S.A. E.S.P.	FUNDACION  EL COPEY 1 220 kV	220.0	49.41	598	815	718	0.0897	0.5157	3.2292	0.4409	1.1543	2.2766	Uso		0.00	01/01/1978		No	
TRANSELCA S.A. E.S.P.	FUNDACION  RIO CORDOBA 1 220 kV	220.0	62.56	656	813	787	0.0740	0.4878	3.3790	0.4233	1.1672	2.1420	Uso	AAAC Greeley	927 Kcmil	05/12/2017		No	
TRANSELCA S.A. E.S.P.	FUNDACION  RIO CORDOBA 2 220 kV	220.0	62.56	656	656	787	0.0740	0.4878	3.3790	0.4223	1.1672	2.1420	Uso		0.00	03/01/2018		No	
TRANSELCA S.A. E.S.P.	FUNDACION  SABANALARGA 1 220 kV	220.0	93.50	656	813	787	0.0897	0.5157	3.2249	0.4408	1.1552	2.2218	Uso		0.00	01/01/1978		No	
TRANSELCA S.A. E.S.P.	FUNDACION  SABANALARGA 2 220 kV	220.0	91.15	971	988	988	0.0896	0.4960	3.3609	0.3705	1.1915	2.1078	Uso		0.00	23/03/1999		No	
TRANSELCA S.A. E.S.P.	FUNDACION  SABANALARGA 3 220 kV	220.0	91.20	848	957	1017	0.0896	0.4960	3.3609	0.3705	1.1915	2.1078	Uso		0.00	31/10/2004		No	
TRANSELCA S.A. E.S.P.	GUAJIRA  CUESTECITAS 1 220 kV	220.0	95.45	630	813	722	0.0897	0.4911	3.3929	0.4766	1.1640	2.2498	Uso		0.00	16/08/1993		No	
TRANSELCA S.A. E.S.P.	GUAJIRA  CUESTECITAS 2 220 kV	220.0	95.45	630	813	722	0.0897	0.4911	3.3929	0.4766	1.1640	2.2498	Uso		0.00	01/01/1984		No	
TRANSELCA S.A. E.S.P.	GUAJIRA  SANTA MARTA 2 220 kV	220.0	91.51	656	813	787	0.0897	0.4935	3.3982	0.4145	1.2377	2.2781	Uso		0.00	01/01/1983		No	
TRANSELCA S.A. E.S.P.	GUAJIRA  TERMOCOL 1 220 kV	220.0	81.47	656	813	787	0.0896	0.4935	3.3200	0.4149	1.2383	1.9540	Uso		0.00	27/08/2013		No	
TRANSELCA S.A. E.S.P.	NUEVA BARRANQUILLA  SABANALARGA 1 220 kV	220.0	45.28	840	839	840	0.0818	0.4934	3.3537	0.3787	1.1927	2.1214	Uso		0.00	18/05/1999		No	
TRANSELCA S.A. E.S.P.	NUEVA BARRANQUILLA  SABANALARGA 2 220 kV	220.0	43.34	971	989	989	0.0647	0.4851	3.4299	0.3197	1.1063	2.2083	Uso		0.00	01/01/2001		No	
TRANSELCA S.A. E.S.P.	NUEVA BARRANQUILLA  SABANALARGA 3 220 kV	220.0	43.34	971	989	989	0.0647	0.4851	3.4299	0.3197	1.1063	2.2083	Uso		0.00	01/01/2001		No	
TRANSELCA S.A. E.S.P.	SABANALARGA  TERNERA 2 220 kV	220.0	80.18	630	813	630	0.0893	0.4960	3.3541	0.3578	1.2021	2.0784	Uso		0.00	01/01/1972		No	
TRANSELCA S.A. E.S.P.	SAN JUAN (GEB)  VALLEDUPAR 1 220 kV	220.0	51.57	598	813	717	0.0664	0.4988	3.2406	0.3477	1.3873	1.9903	Uso		0.00	31/12/2021		No	
TRANSELCA S.A. E.S.P.	SANTA MARTA  RIO CORDOBA 1 220 kV	220.0	22.39	656	813	787	0.0737	0.4877	3.3790	0.4229	1.1672	2.1420	Uso	AAAC Greeley	927 Kcmil	05/12/2017		No	
TRANSELCA S.A. E.S.P.	SANTA MARTA  RIO CORDOBA 2 220 kV	220.0	22.38	656	656	787	0.0737	0.4877	3.3790	0.4229	1.1672	2.1420	Uso		0.00	03/01/2018		No	
TRANSELCA S.A. E.S.P.	SANTA MARTA  TERMOCOL 1 220 kV	220.0	11.56	656	813	787	0.0887	0.4934	3.3200	0.4172	1.2423	1.9540	Uso		0.00	27/08/2013		No	
TRANSELCA S.A. E.S.P.	TEBSA  SABANALARGA 1 220 kV	220.0	38.42	630	813	630	0.0897	0.4960	3.3608	0.4084	1.2408	2.1048	Uso		0.00	06/04/1997		No	
TRANSELCA S.A. E.S.P.	TEBSA  SABANALARGA 2 220 kV	220.0	38.42	630	813	630	0.0897	0.4960	3.3608	0.4084	1.2408	2.1048	Uso		0.00	01/01/1975		No	
TRANSELCA S.A. E.S.P.	TEBSA  SABANALARGA 3 220 kV	220.0	38.50	840	839	840	0.0817	0.4932	3.3537	0.3596	1.1645	2.1214	Uso		0.00	01/01/1986		No	
TRANSELCA S.A. E.S.P.	TERMOCANDELARIA  TERNERA 1 220 kV	220.0	3.12	787	813	790	0.0896	0.4955	3.3608	0.3396	1.1377	2.1048	Uso		0.00	24/05/2000		No	
TRANSELCA S.A. E.S.P.	TERMOCANDELARIA  TERNERA 2 220 kV	220.0	3.12	787	813	790	0.0896	0.4955	3.3608	0.3396	1.1377	2.1048	Uso		0.00	24/06/2000		No	
TRANSELCA S.A. E.S.P.	TERMOFLORES  NUEVA BARRANQUILLA 1 220 kV	220.0	7.40	840	890	890	0.0885	0.4658	3.5795	0.2591	1.6223	2.1053	Uso		0.00	14/05/1999		No	
TRANSELCA S.A. E.S.P.	TERMOFLORES  NUEVA BARRANQUILLA 2 220 kV	220.0	7.40	840	890	890	0.0885	0.4658	3.5795	0.2591	1.6223	2.1053	Uso		0.00	02/06/1999		No	
VATIA S.A. E.S.P.	FLORIDA (CAUCA)  PRINCIPAL (POPAYAN) 1 115 kV	115.0	12.00	200	340	220	0.3697	0.5702	1.6130	0.6593	1.6408	1.0080	Cnx	ACSR	4/0	01/01/1975		No	
